0,1,index,identifier,chunk,split
0.04780603,0.952194,0,58,0,test
0.09907011,0.9009299,1,179,1,test
0.048578613,0.9514214,2,97,1,test
0.045794036,0.954206,3,289,2,test
0.66768247,0.33231747,4,223,1,test
0.06360175,0.93639827,5,91,2,test
0.07974295,0.9202571,6,100,2,test
0.028916946,0.9710831,7,257,2,test
0.36920863,0.63079137,8,308,2,test
0.89057666,0.10942328,9,302,2,test
0.025789676,0.9742104,10,140,0,test
0.8555975,0.1444025,11,223,3,test
0.89624447,0.10375557,12,31,2,test
0.03280806,0.967192,13,44,1,test
0.03232149,0.96767855,14,145,1,test
0.7041221,0.29587784,15,196,0,test
0.16660246,0.83339757,16,124,0,test
0.79749686,0.20250313,17,96,1,test
0.5646932,0.4353068,18,35,2,test
0.03564633,0.9643537,19,66,1,test
0.93407893,0.06592109,20,189,1,test
0.6806168,0.3193832,21,178,2,test
0.96291274,0.037087284,22,15,2,test
0.8467277,0.15327229,23,21,2,test
0.065419614,0.93458045,24,299,0,test
0.032435756,0.9675643,25,122,1,test
0.9452985,0.05470154,26,26,2,test
0.96858233,0.031417597,27,27,1,test
0.93967456,0.060325507,28,301,1,test
0.04134463,0.95865536,29,103,1,test
0.050818328,0.94918174,30,282,2,test
0.8353512,0.16464874,31,333,0,test
0.040070903,0.95992905,32,139,0,test
0.038383827,0.9616162,33,222,1,test
0.17339043,0.82660955,34,231,2,test
0.0786879,0.92131203,35,182,2,test
0.9428256,0.05717441,36,141,2,test
0.92036927,0.07963079,37,10,0,test
0.03253157,0.9674684,38,259,1,test
0.037192777,0.9628072,39,111,1,test
0.034799032,0.96520096,40,292,2,test
0.029939516,0.9700605,41,265,0,test
0.027679812,0.9723202,42,226,0,test
0.049706805,0.95029324,43,133,2,test
0.4883606,0.51163936,44,69,0,test
0.95861137,0.041388597,45,153,1,test
0.03676048,0.9632395,46,250,0,test
0.045981225,0.9540188,47,206,6,test
0.04440348,0.95559645,48,228,2,test
0.92665577,0.07334422,49,195,1,test
0.8726157,0.12738433,50,169,1,test
0.039144307,0.96085566,51,299,3,test
0.11202758,0.8879724,52,167,2,test
0.03627963,0.96372044,53,218,0,test
0.09319485,0.90680516,54,232,0,test
0.8406416,0.15935835,55,134,0,test
0.037098184,0.96290183,56,222,0,test
0.95940113,0.040598948,57,33,2,test
0.73003113,0.26996887,58,104,2,test
0.21089841,0.7891016,59,133,6,test
0.94790024,0.052099794,60,287,0,test
0.037076287,0.9629237,61,65,2,test
0.6985071,0.30149293,62,333,2,test
0.17159428,0.82840574,63,123,0,test
0.047377426,0.9526226,64,150,1,test
0.031680427,0.9683196,65,322,1,test
0.03504824,0.9649517,66,133,1,test
0.8543151,0.14568488,67,305,1,test
0.8891196,0.11088039,68,34,1,test
0.86953306,0.1304669,69,127,2,test
0.05106714,0.9489328,70,177,2,test
0.86430615,0.13569383,71,118,2,test
0.85995364,0.14004636,72,98,1,test
0.0503792,0.9496208,73,18,0,test
0.95446175,0.04553822,74,255,2,test
0.0307043,0.96929574,75,140,1,test
0.04562162,0.95437837,76,219,2,test
0.11589083,0.88410914,77,113,0,test
0.9639093,0.036090646,78,275,1,test
0.9547717,0.04522827,79,7,1,test
0.16082798,0.83917195,80,251,3,test
0.1250829,0.8749171,81,211,2,test
0.95348364,0.0465164,82,158,0,test
0.029797222,0.9702028,83,323,0,test
0.93378097,0.066219054,84,115,1,test
0.11570189,0.8842981,85,113,3,test
0.031842038,0.968158,86,138,0,test
0.07716439,0.9228356,87,278,0,test
0.7624715,0.23752843,88,207,0,test
0.041672513,0.95832753,89,43,3,test
0.04002076,0.9599793,90,75,1,test
0.094844185,0.90515584,91,249,3,test
0.8431688,0.1568312,92,253,2,test
0.081238255,0.91876173,93,306,2,test
0.071188316,0.92881167,94,249,6,test
0.87530226,0.12469779,95,91,1,test
0.03722233,0.9627777,96,277,0,test
0.96984285,0.030157136,97,15,0,test
0.030982299,0.9690177,98,221,0,test
0.037553754,0.9624462,99,92,3,test
0.9537127,0.04628729,100,158,1,test
0.05046308,0.9495369,101,23,2,test
0.96384966,0.03615034,102,181,1,test
0.05521851,0.9447815,103,3,1,test
0.068513274,0.9314867,104,167,0,test
0.91795534,0.082044676,105,198,1,test
0.04902584,0.95097417,106,49,1,test
0.8846468,0.115353286,107,62,2,test
0.03392958,0.9660705,108,270,1,test
0.040275626,0.95972437,109,303,0,test
0.9555531,0.04444682,110,238,0,test
0.7304031,0.26959693,111,190,1,test
0.90420866,0.09579127,112,161,2,test
0.05151039,0.9484896,113,204,2,test
0.5622199,0.4377801,114,30,0,test
0.934021,0.06597901,115,25,2,test
0.02992615,0.9700739,116,150,0,test
0.054369766,0.9456302,117,54,2,test
0.034767766,0.9652322,118,107,2,test
0.048383188,0.9516168,119,155,2,test
0.030301448,0.96969855,120,237,0,test
0.89730465,0.10269534,121,78,0,test
0.9645992,0.035400797,122,198,2,test
0.47399542,0.5260046,123,149,1,test
0.03401396,0.965986,124,94,0,test
0.03553124,0.9644688,125,93,1,test
0.87289643,0.12710357,126,174,2,test
0.8562962,0.1437038,127,169,2,test
0.9473653,0.052634705,128,183,1,test
0.07489214,0.92510784,129,96,2,test
0.065432966,0.934567,130,281,1,test
0.029553385,0.9704466,131,102,0,test
0.5374694,0.4625306,132,164,1,test
0.87942547,0.12057456,133,24,1,test
0.031454053,0.9685459,134,63,0,test
0.9442317,0.055768367,135,134,2,test
0.032075346,0.96792465,136,252,2,test
0.25681958,0.7431804,137,212,2,test
0.96121454,0.038785476,138,153,0,test
0.52235883,0.47764117,139,12,2,test
0.92516845,0.074831575,140,9,2,test
0.055096794,0.94490325,141,237,2,test
0.043124653,0.9568754,142,43,0,test
0.039631367,0.96036863,143,16,2,test
0.03209681,0.9679032,144,86,2,test
0.03368353,0.9663165,145,110,0,test
0.9224032,0.07759672,146,165,0,test
0.030706426,0.9692936,147,92,1,test
0.033908352,0.9660917,148,94,1,test
0.80466324,0.19533673,149,1,0,test
0.9532312,0.046768826,150,245,1,test
0.9356796,0.06432046,151,284,1,test
0.029239599,0.97076046,152,162,0,test
0.9620474,0.037952587,153,245,2,test
0.8804295,0.119570516,154,310,0,test
0.96886796,0.031132076,155,258,0,test
0.029007822,0.97099215,156,218,2,test
0.6052428,0.3947572,157,17,2,test
0.95728827,0.042711705,158,19,1,test
0.9649506,0.03504934,159,68,0,test
0.036298923,0.96370107,160,322,2,test
0.75732934,0.24267063,161,31,1,test
0.057889175,0.9421109,162,307,2,test
0.96479714,0.03520288,163,101,1,test
0.9254086,0.07459142,164,139,2,test
0.18044907,0.81955093,165,282,1,test
0.9682456,0.031754322,166,52,2,test
0.032733504,0.9672665,167,268,0,test
0.04125118,0.9587488,168,77,1,test
0.22379872,0.77620125,169,60,2,test
0.6489051,0.35109484,170,108,0,test
0.4039783,0.5960217,171,291,1,test
0.91477656,0.08522346,172,20,1,test
0.025450226,0.97454983,173,87,1,test
0.473081,0.52691895,174,20,2,test
0.51331186,0.48668817,175,56,0,test
0.49159816,0.5084018,176,4,0,test
0.39963728,0.6003627,177,286,0,test
0.19922028,0.8007797,178,308,0,test
0.82072586,0.17927417,179,334,2,test
0.04505584,0.9549442,180,313,1,test
0.9567163,0.04328369,181,187,1,test
0.8741853,0.12581472,182,260,1,test
0.05508384,0.9449162,183,97,0,test
0.8992104,0.100789554,184,185,0,test
0.868016,0.13198401,185,321,1,test
0.8531646,0.14683537,186,287,1,test
0.1723376,0.82766235,187,171,1,test
0.309215,0.690785,188,225,0,test
0.87859875,0.12140118,189,300,0,test
0.036883447,0.9631165,190,208,1,test
0.05439598,0.94560397,191,272,1,test
0.06489596,0.9351041,192,83,2,test
0.86605537,0.13394462,193,0,2,test
0.035772387,0.9642277,194,149,0,test
0.10958332,0.8904166,195,171,2,test
0.03203437,0.96796566,196,320,1,test
0.45523062,0.5447694,197,249,7,test
0.040451564,0.95954835,198,312,1,test
0.03195194,0.9680481,199,96,3,test
0.051972095,0.9480279,200,171,0,test
0.090052985,0.90994704,201,256,3,test
0.830885,0.16911504,202,73,1,test
0.26803857,0.7319615,203,116,2,test
0.9634249,0.036575157,204,205,0,test
0.03076373,0.96923625,205,154,0,test
0.051435772,0.94856423,206,193,1,test
0.9071113,0.09288871,207,108,2,test
0.9522822,0.047717866,208,310,1,test
0.050503217,0.94949687,209,278,1,test
0.25755298,0.742447,210,104,1,test
0.9144733,0.08552671,211,260,0,test
0.058170285,0.94182974,212,82,0,test
0.938287,0.061712936,213,183,2,test
0.964228,0.035771985,214,205,3,test
0.96513957,0.034860443,215,315,2,test
0.030570526,0.9694295,216,215,2,test
0.03521251,0.9647875,217,77,0,test
0.07009466,0.9299053,218,295,1,test
0.59807986,0.40192017,219,249,5,test
0.9657724,0.034227677,220,33,1,test
0.94174755,0.05825244,221,185,2,test
0.03330084,0.9666991,222,16,3,test
0.038501676,0.9614984,223,67,1,test
0.9279425,0.07205747,224,37,2,test
0.31463245,0.6853675,225,125,1,test
0.96527374,0.034726333,226,8,0,test
0.18920232,0.8107977,227,22,1,test
0.038186595,0.96181345,228,80,3,test
0.09052774,0.9094722,229,13,3,test
0.057380207,0.94261974,230,184,2,test
0.8267178,0.17328224,231,100,1,test
0.026565257,0.97343475,232,105,0,test
0.03263298,0.967367,233,86,0,test
0.8148986,0.18510135,234,133,7,test
0.034239773,0.96576023,235,272,3,test
0.034932792,0.96506715,236,318,2,test
0.035255156,0.96474487,237,154,1,test
0.029696288,0.97030365,238,166,0,test
0.39648256,0.6035175,239,285,0,test
0.94270337,0.05729665,240,185,1,test
0.65106815,0.34893182,241,129,0,test
0.9517636,0.04823648,242,230,3,test
0.13061114,0.8693889,243,271,0,test
0.22667432,0.7733256,244,184,1,test
0.94312096,0.05687912,245,325,2,test
0.08475123,0.91524875,246,66,0,test
0.02945309,0.97054696,247,227,0,test
0.9200724,0.07992766,248,325,1,test
0.39678818,0.60321176,249,221,2,test
0.03639509,0.9636049,250,88,1,test
0.050780356,0.94921964,251,177,1,test
0.039576788,0.9604232,252,18,1,test
0.8960409,0.10395906,253,120,0,test
0.0532539,0.9467461,254,130,1,test
0.36410132,0.63589865,255,28,2,test
0.030485962,0.9695141,256,208,2,test
0.9627828,0.037217174,257,332,0,test
0.0378476,0.96215236,258,294,0,test
0.056657832,0.94334215,259,169,0,test
0.03741471,0.9625853,260,119,2,test
0.04197188,0.9580281,261,256,1,test
0.9594552,0.040544774,262,57,1,test
0.032152988,0.96784705,263,157,1,test
0.9411365,0.05886356,264,90,1,test
0.080333546,0.91966647,265,34,2,test
0.59249455,0.40750548,266,113,2,test
0.055539377,0.9444607,267,175,1,test
0.93095195,0.06904801,268,247,0,test
0.3215128,0.6784872,269,187,2,test
0.0332556,0.96674436,270,105,2,test
0.044518456,0.9554815,271,202,2,test
0.92286515,0.077134855,272,82,1,test
0.031715803,0.9682842,273,110,2,test
0.035400525,0.96459943,274,160,0,test
0.94844115,0.051558856,275,165,1,test
0.41965488,0.58034515,276,253,3,test
0.32103357,0.6789664,277,43,1,test
0.035115447,0.9648846,278,103,0,test
0.12713116,0.87286884,279,260,2,test
0.84559685,0.15440318,280,129,2,test
0.9448664,0.055133652,281,195,2,test
0.81283337,0.18716662,282,266,0,test
0.83129364,0.16870636,283,9,1,test
0.044502083,0.955498,284,51,2,test
0.863989,0.13601105,285,78,1,test
0.038545318,0.96145463,286,110,1,test
0.91346276,0.08653722,287,104,3,test
0.92557794,0.07442204,288,247,1,test
0.89727235,0.10272763,289,127,1,test
0.9632792,0.03672081,290,286,1,test
0.96543646,0.0345635,291,235,2,test
0.03550246,0.9644975,292,170,1,test
0.1480557,0.85194427,293,20,0,test
0.06990345,0.93009657,294,237,1,test
0.5117021,0.48829785,295,287,2,test
0.031214628,0.9687854,296,80,1,test
0.038942218,0.9610578,297,288,2,test
0.7029022,0.29709777,298,210,0,test
0.032528896,0.96747106,299,70,0,test
0.028778723,0.97122127,300,74,2,test
0.1644092,0.8355908,301,316,2,test
0.92487735,0.07512265,302,263,1,test
0.5712955,0.4287045,303,143,0,test
0.028958324,0.97104174,304,252,0,test
0.8973446,0.1026554,305,314,2,test
0.85064876,0.14935125,306,78,2,test
0.031718917,0.96828103,307,188,0,test
0.72465205,0.27534795,308,137,1,test
0.14163752,0.85836244,309,22,0,test
0.12487124,0.87512875,310,29,1,test
0.9181404,0.08185967,311,10,2,test
0.9616495,0.03835054,312,225,1,test
0.94764847,0.05235149,313,81,2,test
0.055534318,0.94446564,314,64,1,test
0.7622541,0.23774587,315,211,0,test
0.042919233,0.9570808,316,203,0,test
0.07030168,0.9296983,317,281,0,test
0.08246572,0.91753435,318,24,0,test
0.22006169,0.77993834,319,26,0,test
0.027847406,0.97215265,320,114,2,test
0.10578575,0.8942143,321,25,1,test
0.059431624,0.9405684,322,200,0,test
0.032196507,0.9678035,323,145,2,test
0.9383365,0.061663564,324,161,0,test
0.97002023,0.02997971,325,189,0,test
0.036808938,0.96319103,326,318,0,test
0.14619589,0.85380405,327,316,0,test
0.032435212,0.9675648,328,111,2,test
0.23615415,0.76384586,329,1,2,test
0.05231079,0.9476892,330,97,2,test
0.038087226,0.9619128,331,192,1,test
0.042503834,0.9574962,332,32,2,test
0.8684998,0.13150014,333,30,1,test
0.04383643,0.9561635,334,226,2,test
0.4992133,0.5007867,335,269,2,test
0.030086685,0.96991336,336,99,0,test
0.049674973,0.950325,337,168,1,test
0.7525626,0.24743745,338,301,2,test
0.57654184,0.42345816,339,88,2,test
0.962818,0.037181925,340,84,0,test
0.03202525,0.9679748,341,166,1,test
0.0318736,0.9681264,342,151,1,test
0.050207566,0.9497925,343,208,0,test
0.030881932,0.969118,344,151,2,test
0.038968746,0.9610312,345,304,1,test
0.31729606,0.6827039,346,183,0,test
0.92326486,0.0767352,347,37,0,test
0.96497035,0.035029627,348,146,0,test
0.96402365,0.035976335,349,79,0,test
0.110562325,0.8894377,350,136,0,test
0.7968493,0.20315064,351,90,0,test
0.047265753,0.9527343,352,132,1,test
0.062598,0.937402,353,3,0,test
0.032295868,0.9677041,354,270,0,test
0.9229705,0.07702959,355,62,0,test
0.06891416,0.9310859,356,212,1,test
0.032428324,0.9675716,357,25,0,test
0.047436897,0.9525631,358,149,2,test
0.94291127,0.057088718,359,172,2,test
0.9391717,0.06082829,360,217,1,test
0.02746413,0.97253585,361,76,0,test
0.663506,0.336494,362,116,1,test
0.04496847,0.9550315,363,66,2,test
0.03763125,0.96236867,364,250,1,test
0.084811024,0.915189,365,143,1,test
0.039343584,0.96065634,366,168,0,test
0.03796035,0.9620397,367,72,0,test
0.7222227,0.2777773,368,298,0,test
0.05428136,0.9457187,369,182,1,test
0.02727353,0.97272646,370,233,0,test
0.11517005,0.88482994,371,276,1,test
0.031303048,0.968697,372,55,2,test
0.028798,0.971202,373,324,0,test
0.06119079,0.9388093,374,155,0,test
0.051029332,0.9489706,375,144,2,test
0.07659692,0.9234031,376,172,1,test
0.9283729,0.07162702,377,249,0,test
0.05695165,0.9430483,378,133,3,test
0.041549362,0.9584506,379,226,1,test
0.9491394,0.050860606,380,2,1,test
0.89341724,0.10658272,381,284,2,test
0.036974616,0.9630254,382,48,1,test
0.035756364,0.9642436,383,112,1,test
0.08690296,0.913097,384,190,0,test
0.029558577,0.9704414,385,70,2,test
0.0325051,0.96749485,386,103,2,test
0.031551007,0.96844894,387,277,2,test
0.027929675,0.9720703,388,229,0,test
0.071097635,0.9289024,389,271,1,test
0.12736279,0.87263715,390,206,2,test
0.7605154,0.23948462,391,200,1,test
0.87862414,0.12137579,392,217,0,test
0.042484198,0.9575158,393,133,5,test
0.93360716,0.06639283,394,302,1,test
0.045268115,0.95473194,395,323,2,test
0.06828004,0.9317199,396,200,2,test
0.02656207,0.9734379,397,283,0,test
0.9532249,0.046775132,398,300,2,test
0.96666974,0.033330306,399,205,2,test
0.034634437,0.9653656,400,248,0,test
0.038995743,0.96100426,401,233,2,test
0.8738406,0.12615944,402,51,0,test
0.031914137,0.9680858,403,72,1,test
0.95327485,0.046725124,404,141,0,test
0.032974515,0.9670255,405,312,2,test
0.037363913,0.96263605,406,67,0,test
0.39219356,0.60780644,407,266,2,test
0.049278658,0.9507213,408,24,2,test
0.84224325,0.15775678,409,46,1,test
0.035068344,0.9649316,410,95,1,test
0.6647889,0.3352111,411,331,2,test
0.030834232,0.9691658,412,140,2,test
0.89896053,0.10103945,413,178,0,test
0.034456354,0.96554357,414,254,1,test
0.031995386,0.96800464,415,13,2,test
0.032077663,0.96792233,416,265,2,test
0.04887274,0.9511273,417,42,0,test
0.49559695,0.50440305,418,193,2,test
0.37020048,0.6297995,419,224,0,test
0.92015,0.07985008,420,98,0,test
0.8610375,0.1389625,421,128,2,test
0.031090006,0.96891004,422,166,2,test
0.041866053,0.95813394,423,264,1,test
0.08207954,0.9179205,424,167,1,test
0.041450053,0.95855,425,274,0,test
0.8853373,0.1146627,426,325,0,test
0.63374245,0.36625755,427,0,0,test
0.96441245,0.035587493,428,209,0,test
0.1258782,0.87412184,429,113,1,test
0.14799565,0.85200435,430,120,1,test
0.036102675,0.96389735,431,99,2,test
0.45819786,0.5418021,432,247,2,test
0.09763349,0.90236646,433,199,2,test
0.20302023,0.7969797,434,137,0,test
0.09678141,0.90321857,435,186,2,test
0.040741283,0.9592587,436,323,1,test
0.91376317,0.08623683,437,148,1,test
0.051646773,0.94835323,438,54,0,test
0.9642553,0.035744775,439,39,1,test
0.061309014,0.93869096,440,156,1,test
0.49208796,0.50791204,441,164,0,test
0.060111444,0.9398886,442,194,1,test
0.74706423,0.2529358,443,314,1,test
0.040685415,0.9593145,444,28,0,test
0.033162717,0.9668373,445,324,3,test
0.9303061,0.06969396,446,57,0,test
0.028110402,0.97188956,447,114,0,test
0.22032689,0.77967316,448,163,0,test
0.039746072,0.9602539,449,86,1,test
0.8180158,0.18198417,450,296,1,test
0.09576466,0.9042353,451,311,0,test
0.08759973,0.91240025,452,21,1,test
0.0539137,0.94608635,453,92,0,test
0.034625933,0.96537405,454,41,1,test
0.032038663,0.9679614,455,94,2,test
0.952856,0.047143936,456,165,2,test
0.026209246,0.9737907,457,102,3,test
0.88747245,0.11252758,458,45,1,test
0.914923,0.08507696,459,164,2,test
0.17917703,0.82082295,460,240,2,test
0.8340437,0.16595633,461,224,1,test
0.06388101,0.93611896,462,42,2,test
0.8626134,0.13738666,463,106,1,test
0.04363159,0.95636845,464,281,3,test
0.06319751,0.93680245,465,51,1,test
0.13758977,0.8624102,466,9,0,test
0.64228565,0.35771438,467,198,0,test
0.9180288,0.08197124,468,61,0,test
0.95937496,0.040625058,469,153,3,test
0.7377692,0.2622308,470,223,2,test
0.60952884,0.39047113,471,135,0,test
0.08909588,0.9109041,472,193,0,test
0.9559438,0.04405613,473,53,0,test
0.954165,0.045835026,474,319,1,test
0.10115021,0.8988498,475,44,0,test
0.04974326,0.95025676,476,54,1,test
0.88560516,0.11439484,477,2,0,test
0.9347236,0.06527633,478,224,2,test
0.9547728,0.045227163,479,173,1,test
0.06845133,0.93154866,480,311,1,test
0.9009827,0.0990174,481,180,1,test
0.051919945,0.9480801,482,22,2,test
0.906115,0.093885005,483,321,0,test
0.076333165,0.92366683,484,303,1,test
0.044445176,0.9555549,485,75,2,test
0.9043747,0.09562532,486,45,2,test
0.049962338,0.9500376,487,274,3,test
0.033063143,0.9669369,488,74,1,test
0.593,0.407,489,69,2,test
0.051901564,0.9480984,490,67,2,test
0.034449566,0.9655505,491,231,0,test
0.032364454,0.9676356,492,41,2,test
0.7653413,0.23465875,493,334,0,test
0.74184895,0.2581511,494,180,2,test
0.05640993,0.94359004,495,229,2,test
0.041650694,0.95834935,496,133,0,test
0.35510296,0.64489704,497,58,1,test
0.029043991,0.97095597,498,13,0,test
0.9335175,0.06648247,499,214,2,test
0.9259159,0.07408415,500,34,0,test
0.4348717,0.5651283,501,276,2,test
0.38527527,0.61472476,502,17,0,test
0.13322163,0.8667783,503,160,1,test
0.9659255,0.034074537,504,244,2,test
0.9309312,0.069068804,505,199,0,test
0.038508035,0.961492,506,150,2,test
0.9686915,0.03130846,507,146,1,test
0.032114297,0.9678857,508,299,1,test
0.61564076,0.38435918,509,135,2,test
0.95535344,0.04464652,510,7,2,test
0.05831461,0.9416854,511,163,1,test
0.08368266,0.9163174,512,206,3,test
0.026716428,0.9732835,513,186,1,test
0.033764437,0.9662356,514,243,0,test
0.94215393,0.057846062,515,115,0,test
0.043799378,0.9562006,516,281,2,test
0.10662154,0.8933785,517,120,2,test
0.79128456,0.2087154,518,142,0,test
0.3259922,0.6740078,519,83,1,test
0.052341234,0.9476588,520,188,1,test
0.034788176,0.96521187,521,239,0,test
0.028366579,0.97163343,522,138,2,test
0.08953841,0.9104616,523,124,1,test
0.029828148,0.9701718,524,55,1,test
0.036428593,0.9635714,525,5,2,test
0.9285458,0.0714542,526,174,1,test
0.041042462,0.95895755,527,257,0,test
0.050023407,0.9499766,528,18,2,test
0.026026532,0.9739734,529,85,2,test
0.03621855,0.9637814,530,307,1,test
0.025360625,0.97463936,531,87,2,test
0.13500448,0.86499554,532,206,1,test
0.7062086,0.2937914,533,115,2,test
0.23457068,0.7654293,534,216,0,test
0.037705213,0.96229476,535,291,0,test
0.038611338,0.96138865,536,243,3,test
0.8562789,0.14372112,537,214,0,test
0.11937591,0.88062406,538,313,2,test
0.69730085,0.30269912,539,142,2,test
0.11657719,0.8834228,540,123,3,test
0.9567958,0.043204114,541,255,1,test
0.040263176,0.95973676,542,234,3,test
0.24164034,0.7583596,543,118,0,test
0.07084147,0.92915857,544,130,0,test
0.038997725,0.9610023,545,23,0,test
0.18600939,0.8139906,546,306,0,test
0.044689544,0.95531046,547,156,0,test
0.90231985,0.097680114,548,197,1,test
0.07457244,0.9254275,549,36,0,test
0.03277463,0.9672253,550,131,2,test
0.8516991,0.14830084,551,27,2,test
0.029874545,0.9701255,552,320,2,test
0.7022903,0.2977097,553,301,0,test
0.9448682,0.055131756,554,213,0,test
0.9432146,0.056785416,555,214,3,test
0.051122904,0.9488771,556,3,2,test
0.07851096,0.92148906,557,124,2,test
0.9249227,0.07507722,558,187,0,test
0.92000324,0.079996735,559,275,2,test
0.035334732,0.9646653,560,13,1,test
0.9658513,0.034148645,561,52,1,test
0.04469948,0.95530057,562,131,1,test
0.84500706,0.15499297,563,263,0,test
0.059262827,0.9407372,564,133,4,test
0.03696228,0.9630378,565,170,0,test
0.28386366,0.7161364,566,306,1,test
0.9132268,0.086773194,567,329,0,test
0.032947667,0.9670523,568,239,2,test
0.04191982,0.9580802,569,327,0,test
0.95021474,0.049785268,570,81,0,test
0.032585297,0.96741474,571,105,1,test
0.77919924,0.22080077,572,4,3,test
0.15179585,0.84820414,573,220,2,test
0.029279266,0.9707207,574,102,1,test
0.92768776,0.0723123,575,263,2,test
0.04150144,0.9584986,576,70,1,test
0.9560546,0.043945402,577,56,1,test
0.5704946,0.4295054,578,31,0,test
0.03606638,0.9639336,579,162,2,test
0.9667028,0.03329722,580,7,0,test
0.058991358,0.9410086,581,112,0,test
0.10713273,0.8928673,582,234,0,test
0.038175,0.961825,583,299,2,test
0.9201515,0.079848535,584,246,1,test
0.05822404,0.9417759,585,107,0,test
0.92427665,0.075723425,586,134,1,test
0.036973577,0.9630264,587,194,0,test
0.8582444,0.14175563,588,319,2,test
0.06710833,0.9328917,589,64,0,test
0.065313436,0.93468654,590,292,0,test
0.48756838,0.5124316,591,29,0,test
0.9594398,0.040560156,592,235,0,test
0.057371285,0.9426287,593,21,0,test
0.027428607,0.9725714,594,218,1,test
0.9630767,0.036923256,595,89,2,test
0.03631958,0.96368045,596,278,3,test
0.90550476,0.09449527,597,135,1,test
0.6535865,0.34641346,598,47,3,test
0.032487623,0.96751237,599,23,1,test
0.033737935,0.96626204,600,254,2,test
0.032350853,0.9676492,601,182,0,test
0.22411676,0.7758832,602,139,1,test
0.19352417,0.8064759,603,59,1,test
0.03121419,0.9687858,604,85,1,test
0.060278364,0.9397217,605,75,0,test
0.032820784,0.9671792,606,152,0,test
0.0402861,0.95971394,607,324,1,test
0.04795292,0.9520471,608,175,0,test
0.031223813,0.9687762,609,36,3,test
0.8555001,0.14449991,610,283,2,test
0.9668053,0.03319475,611,159,2,test
0.04253752,0.95746243,612,194,2,test
0.9696119,0.030388141,613,209,1,test
0.955738,0.044262003,614,39,2,test
0.052245624,0.9477544,615,36,2,test
0.029561058,0.9704389,616,147,3,test
0.037990246,0.9620098,617,242,2,test
0.24871688,0.7512831,618,17,1,test
0.9563975,0.0436026,619,189,2,test
0.792626,0.20737393,620,236,1,test
0.06311819,0.9368818,621,317,1,test
0.71735024,0.28264973,622,116,0,test
0.9429354,0.057064638,623,84,2,test
0.94026417,0.059735883,624,14,0,test
0.06494701,0.935053,625,109,2,test
0.9467418,0.05325814,626,61,2,test
0.20129511,0.79870486,627,32,0,test
0.8596128,0.14038718,628,290,1,test
0.05085802,0.949142,629,276,0,test
0.7643912,0.23560882,630,317,0,test
0.032664746,0.9673352,631,256,2,test
0.14114898,0.858851,632,83,0,test
0.89785105,0.10214898,633,283,1,test
0.034025557,0.96597445,634,138,1,test
0.05842185,0.94157815,635,236,2,test
0.096890695,0.9031094,636,96,0,test
0.036327954,0.96367204,637,107,1,test
0.15783961,0.8421604,638,236,0,test
0.91635823,0.08364183,639,98,2,test
0.6171557,0.3828443,640,46,2,test
0.85780185,0.14219818,641,39,0,test
0.026555795,0.9734442,642,273,0,test
0.152433,0.847567,643,285,1,test
0.96973574,0.030264262,644,15,1,test
0.048335657,0.9516643,645,111,0,test
0.046632558,0.9533675,646,322,0,test
0.05386563,0.9461344,647,44,2,test
0.030650787,0.96934927,648,147,0,test
0.04128811,0.95871186,649,125,2,test
0.034221508,0.96577847,650,328,1,test
0.95486367,0.045136366,651,101,0,test
0.5763203,0.42367968,652,6,0,test
0.028408915,0.9715911,653,280,2,test
0.04127792,0.95872205,654,274,1,test
0.029596236,0.9704038,655,280,1,test
0.9514986,0.048501387,656,128,1,test
0.03175055,0.96824944,657,167,3,test
0.8993292,0.100670844,658,217,2,test
0.58099365,0.41900638,659,12,1,test
0.02870974,0.9712903,660,55,0,test
0.09548416,0.9045158,661,77,2,test
0.04072761,0.95927244,662,288,0,test
0.94592035,0.05407968,663,329,2,test
0.039786838,0.9602131,664,262,0,test
0.19859491,0.8014051,665,298,2,test
0.037609402,0.96239054,666,48,0,test
0.2747306,0.7252694,667,201,1,test
0.10309416,0.89690584,668,207,1,test
0.7861364,0.2138636,669,90,2,test
0.89281476,0.10718529,670,197,0,test
0.04203349,0.9579665,671,313,0,test
0.9467539,0.053246126,672,178,1,test
0.95663196,0.043368034,673,258,2,test
0.0338875,0.9661125,674,5,1,test
0.07987667,0.92012334,675,40,0,test
0.9660972,0.0339028,676,101,2,test
0.033620324,0.9663797,677,80,2,test
0.9354529,0.064547166,678,230,1,test
0.95624405,0.043755934,679,329,3,test
0.1976866,0.80231345,680,60,0,test
0.092346534,0.9076535,681,36,1,test
0.14676072,0.85323924,682,285,2,test
0.07760083,0.92239916,683,190,2,test
0.8273856,0.1726144,684,56,2,test
0.027874693,0.9721253,685,95,0,test
0.033685572,0.9663144,686,264,0,test
0.94338065,0.056619305,687,275,0,test
0.03139249,0.96860754,688,252,1,test
0.44988286,0.5501172,689,240,0,test
0.039071545,0.9609285,690,232,1,test
0.82042116,0.1795788,691,161,1,test
0.04365963,0.9563403,692,117,0,test
0.12530912,0.87469083,693,13,4,test
0.90184927,0.09815072,694,316,1,test
0.044451497,0.95554847,695,49,0,test
0.034029756,0.9659702,696,326,0,test
0.8828231,0.11717689,697,53,2,test
0.057737563,0.9422624,698,5,0,test
0.9682168,0.03178323,699,159,1,test
0.92956793,0.07043208,700,14,2,test
0.23834893,0.76165104,701,60,1,test
0.034524962,0.965475,702,292,1,test
0.1268354,0.87316453,703,160,2,test
0.965136,0.034863997,704,238,1,test
0.10200876,0.8979912,705,253,0,test
0.5937082,0.40629178,706,149,3,test
0.9517117,0.048288245,707,89,1,test
0.12828211,0.8717179,708,250,2,test
0.036868095,0.9631319,709,229,1,test
0.6409485,0.3590515,710,71,1,test
0.9613436,0.038656484,711,8,1,test
0.40713212,0.5928679,712,272,2,test
0.84465384,0.15534611,713,136,1,test
0.029300503,0.9706994,714,326,1,test
0.03062641,0.9693736,715,114,1,test
0.03131341,0.9686866,716,72,2,test
0.045771055,0.954229,717,12,0,test
0.9330163,0.06698367,718,209,2,test
0.9395294,0.060470577,719,330,0,test
0.05378042,0.9462195,720,117,2,test
0.96899956,0.031000372,721,146,2,test
0.40741554,0.5925845,722,330,1,test
0.030893965,0.969106,723,215,1,test
0.06892781,0.93107224,724,295,2,test
0.91703814,0.082961895,725,246,2,test
0.02797384,0.97202617,726,304,2,test
0.9343265,0.06567342,727,61,1,test
0.96074516,0.039254885,728,297,1,test
0.9542771,0.045722865,729,300,1,test
0.030051185,0.96994877,730,157,0,test
0.15043645,0.84956354,731,330,2,test
0.09480285,0.9051972,732,289,0,test
0.95757467,0.042425364,733,181,2,test
0.9151597,0.08484028,734,50,0,test
0.9562635,0.043736517,735,213,1,test
0.94393957,0.0560604,736,309,2,test
0.90426934,0.095730685,737,50,2,test
0.40985897,0.590141,738,221,1,test
0.9492281,0.05077184,739,246,0,test
0.8183975,0.18160252,740,47,2,test
0.95905185,0.040948126,741,238,2,test
0.87146366,0.12853633,742,245,0,test
0.08989581,0.9101042,743,262,2,test
0.7716726,0.22832742,744,35,0,test
0.050758846,0.9492411,745,71,2,test
0.9245702,0.07542976,746,290,2,test
0.049835987,0.95016396,747,32,1,test
0.7214973,0.2785027,748,132,2,test
0.03285392,0.96714604,749,132,0,test
0.8619821,0.13801792,750,260,3,test
0.9183001,0.08169988,751,184,0,test
0.03166852,0.96833146,752,292,3,test
0.7844475,0.21555246,753,210,2,test
0.96596754,0.034032512,754,37,1,test
0.2921562,0.7078438,755,16,1,test
0.61052996,0.38947004,756,47,1,test
0.89711237,0.1028876,757,127,0,test
0.8294102,0.17058982,758,332,1,test
0.1823534,0.8176466,759,65,1,test
0.056081664,0.94391835,760,206,4,test
0.9549913,0.045008674,761,293,1,test
0.035983108,0.9640169,762,265,1,test
0.9339118,0.06608814,763,2,2,test
0.028413845,0.97158617,764,280,0,test
0.9436017,0.056398228,765,11,2,test
0.30638364,0.69361633,766,141,1,test
0.96313196,0.03686799,767,205,1,test
0.0324759,0.9675241,768,80,0,test
0.058197487,0.94180256,769,95,2,test
0.05768656,0.94231343,770,259,2,test
0.07123604,0.9287639,771,179,0,test
0.09886439,0.90113556,772,196,1,test
0.073909245,0.9260908,773,248,2,test
0.95628715,0.04371284,774,293,2,test
0.04539193,0.9546081,775,288,1,test
0.46836424,0.53163576,776,82,2,test
0.042844355,0.95715564,777,192,0,test
0.035075173,0.9649249,778,93,2,test
0.041444555,0.9585554,779,130,2,test
0.0453818,0.95461816,780,47,0,test
0.03545648,0.9645435,781,273,2,test
0.9451759,0.054824103,782,244,0,test
0.87564975,0.1243503,783,201,3,test
0.939843,0.060156997,784,309,0,test
0.6159161,0.38408393,785,172,0,test
0.03402841,0.9659715,786,274,2,test
0.4366646,0.56333536,787,152,1,test
0.80048954,0.19951044,788,223,0,test
0.3558852,0.6441148,789,46,0,test
0.03876665,0.9612333,790,45,3,test
0.03825915,0.9617409,791,262,1,test
0.04127825,0.9587217,792,108,1,test
0.035508785,0.9644912,793,328,0,test
0.039085027,0.96091497,794,307,0,test
0.05482723,0.9451728,795,206,5,test
0.039852332,0.96014774,796,241,2,test
0.49999112,0.5000089,797,109,1,test
0.082932286,0.9170677,798,145,0,test
0.03091485,0.9690851,799,102,2,test
0.17839724,0.82160276,800,58,2,test
0.033289455,0.96671057,801,38,2,test
0.94973636,0.050263695,802,297,0,test
0.08633856,0.9136614,803,191,1,test
0.17095245,0.8290475,804,45,0,test
0.96378464,0.03621534,805,235,1,test
0.03152887,0.9684711,806,328,2,test
0.9226432,0.07735687,807,62,1,test
0.19928579,0.8007142,808,191,2,test
0.031592064,0.9684079,809,88,0,test
0.097946696,0.90205336,810,92,2,test
0.17814958,0.82185036,811,296,0,test
0.045670267,0.9543297,812,126,0,test
0.030880863,0.96911913,813,38,1,test
0.9248642,0.07513578,814,57,2,test
0.03396846,0.9660315,815,63,3,test
0.9239471,0.07605289,816,136,2,test
0.37788674,0.6221133,817,77,3,test
0.03707972,0.96292025,818,131,0,test
0.029822873,0.97017705,819,270,2,test
0.93373096,0.06626905,820,266,1,test
0.9347131,0.06528685,821,315,1,test
0.026951775,0.9730482,822,267,2,test
0.106836066,0.8931639,823,308,1,test
0.513881,0.48611897,824,40,2,test
0.9566007,0.043399192,825,201,0,test
0.9120043,0.08799576,826,126,2,test
0.07139574,0.92860425,827,272,4,test
0.0483011,0.9516989,828,268,2,test
0.9457898,0.05421015,829,230,2,test
0.44276667,0.5572334,830,317,2,test
0.33418784,0.6658122,831,69,1,test
0.0340241,0.9659759,832,202,0,test
0.039235532,0.9607645,833,318,1,test
0.1830184,0.81698155,834,296,2,test
0.04175079,0.95824915,835,279,1,test
0.028826293,0.9711737,836,320,0,test
0.9274291,0.07257092,837,196,2,test
0.33381855,0.66618145,838,291,2,test
0.103616714,0.8963832,839,264,2,test
0.93232065,0.06767933,840,121,2,test
0.0668102,0.93318975,841,331,1,test
0.62345487,0.37654516,842,251,2,test
0.9344064,0.065593675,843,158,3,test
0.9492166,0.050783318,844,84,1,test
0.9283712,0.071628794,845,284,0,test
0.7312144,0.2687856,846,137,2,test
0.03953891,0.96046114,847,154,2,test
0.96657807,0.03342194,848,258,1,test
0.8435826,0.15641744,849,35,1,test
0.16193481,0.83806515,850,216,2,test
0.33327904,0.6667209,851,73,2,test
0.8862878,0.11371211,852,302,0,test
0.13128124,0.86871874,853,191,0,test
0.9020367,0.09796326,854,210,1,test
0.036224667,0.96377534,855,117,1,test
0.03136972,0.9686303,856,257,1,test
0.1660413,0.8339587,857,207,2,test
0.96225256,0.037747428,858,293,0,test
0.03286112,0.9671389,859,74,0,test
0.9459733,0.054026786,860,255,0,test
0.031210503,0.9687895,861,272,5,test
0.25431427,0.74568576,862,212,0,test
0.84408367,0.1559163,863,100,0,test
0.03354406,0.966456,864,204,1,test
0.86265224,0.13734776,865,129,1,test
0.026571289,0.9734288,866,312,0,test
0.03667791,0.9633221,867,222,2,test
0.03452748,0.96547246,868,112,2,test
0.1131741,0.8868259,869,81,1,test
0.03262974,0.9673702,870,233,1,test
0.9372734,0.06272667,871,197,2,test
0.80967385,0.19032621,872,199,1,test
0.94979084,0.05020919,873,89,0,test
0.91513515,0.08486485,874,118,1,test
0.9670994,0.032900527,875,121,0,test
0.063289054,0.93671095,876,71,0,test
0.03748684,0.96251315,877,327,2,test
0.04197171,0.9580283,878,282,0,test
0.029261472,0.97073853,879,147,2,test
0.37172028,0.62827975,880,109,0,test
0.02561664,0.9743834,881,157,2,test
0.94354653,0.056453433,882,201,2,test
0.7329422,0.26705778,883,333,1,test
0.056905866,0.94309413,884,249,4,test
0.9417064,0.058293574,885,106,2,test
0.9523097,0.04769029,886,315,0,test
0.9553413,0.044658706,887,195,0,test
0.92855906,0.07144093,888,321,2,test
0.04573834,0.95426166,889,278,2,test
0.072393164,0.9276068,890,203,1,test
0.04000313,0.9599969,891,294,1,test
0.61467916,0.38532084,892,174,0,test
0.9221746,0.07782548,893,213,2,test
0.9013335,0.09866653,894,181,0,test
0.5683974,0.4316026,895,249,2,test
0.9495292,0.05047086,896,26,1,test
0.05279191,0.94720805,897,76,3,test
0.03505991,0.9649401,898,219,0,test
0.03469263,0.96530735,899,303,2,test
0.032153536,0.96784645,900,49,2,test
0.036477942,0.9635221,901,163,2,test
0.96581894,0.03418109,902,11,1,test
0.09165334,0.9083467,903,168,2,test
0.96735394,0.032646045,904,53,1,test
0.058721025,0.941279,905,206,0,test
0.82011664,0.1798834,906,309,1,test
0.9350115,0.06498854,907,314,0,test
0.03029045,0.9697095,908,294,2,test
0.032984056,0.9670159,909,151,0,test
0.8042942,0.19570574,910,230,0,test
0.055561725,0.9444382,911,279,2,test
0.032349125,0.9676509,912,29,2,test
0.57456416,0.42543584,913,176,1,test
0.030667718,0.9693322,914,76,1,test
0.03292703,0.967073,915,232,2,test
0.044242,0.95575804,916,269,1,test
0.74171144,0.25828853,917,180,0,test
0.058960587,0.94103944,918,216,1,test
0.028131757,0.9718683,919,144,0,test
0.04352641,0.9564736,920,277,1,test
0.9618878,0.03811227,921,173,0,test
0.032918207,0.96708184,922,267,1,test
0.32500055,0.6749994,923,305,0,test
0.026771903,0.9732281,924,65,0,test
0.056471583,0.9435284,925,123,2,test
0.8147506,0.18524937,926,249,1,test
0.03900666,0.96099335,927,271,2,test
0.035447437,0.96455264,928,125,0,test
0.15333754,0.84666246,929,240,1,test
0.035192724,0.96480733,930,295,0,test
0.95299524,0.047004748,931,68,2,test
0.93239266,0.067607306,932,1,1,test
0.057596464,0.9424035,933,241,0,test
0.12580672,0.87419325,934,202,1,test
0.5751555,0.42484456,935,311,2,test
0.028367572,0.9716324,936,192,2,test
0.40431222,0.59568775,937,231,1,test
0.05160234,0.9483977,938,170,2,test
0.053745795,0.9462542,939,227,2,test
0.92243236,0.07756766,940,319,0,test
0.11994226,0.8800577,941,214,1,test
0.8911163,0.10888365,942,30,2,test
0.036918323,0.96308166,943,251,0,test
0.048635405,0.95136464,944,228,1,test
0.03866605,0.961334,945,179,2,test
0.8190346,0.18096536,946,128,0,test
0.14585437,0.85414565,947,156,2,test
0.9235939,0.07640611,948,14,1,test
0.72486126,0.27513874,949,10,1,test
0.5211214,0.4788786,950,289,1,test
0.9597259,0.040274087,951,244,1,test
0.03997499,0.96002495,952,261,1,test
0.030066391,0.9699336,953,63,1,test
0.20483269,0.7951673,954,42,1,test
0.9349649,0.06503508,955,8,2,test
0.79901654,0.20098339,956,305,2,test
0.03306748,0.9669326,957,73,0,test
0.02917416,0.97082585,958,152,2,test
0.035457604,0.9645424,959,242,1,test
0.040836994,0.95916307,960,119,0,test
0.0479936,0.9520064,961,91,0,test
0.032303184,0.96769685,962,131,3,test
0.73378295,0.26621705,963,211,1,test
0.037781995,0.962218,964,123,1,test
0.031432487,0.9685675,965,186,0,test
0.059669707,0.9403303,966,155,1,test
0.034265485,0.96573454,967,43,2,test
0.94506836,0.054931648,968,19,0,test
0.030019548,0.9699804,969,147,1,test
0.06012878,0.9398712,970,204,0,test
0.111787766,0.88821226,971,40,1,test
0.12350955,0.8764905,972,331,3,test
0.04458562,0.95541435,973,162,1,test
0.21320893,0.78679115,974,261,0,test
0.95912325,0.040876795,975,329,1,test
0.9596052,0.04039479,976,19,2,test
0.74387735,0.25612262,977,253,1,test
0.8785749,0.121425025,978,4,2,test
0.10030735,0.8996926,979,48,2,test
0.49435627,0.5056437,980,12,3,test
0.9677334,0.032266654,981,153,2,test
0.038447272,0.96155274,982,119,1,test
0.06572367,0.9342763,983,59,0,test
0.035246175,0.96475387,984,239,1,test
0.9672364,0.032763585,985,68,1,test
0.7121379,0.28786215,986,286,2,test
0.72869945,0.27130055,987,248,1,test
0.0554096,0.9445904,988,16,0,test
0.09176894,0.908231,989,273,1,test
0.9223863,0.07761366,990,106,0,test
0.26000208,0.739998,991,234,2,test
0.94139934,0.058600694,992,225,2,test
0.034177136,0.9658229,993,227,1,test
0.0735421,0.92645794,994,93,0,test
0.02586805,0.974132,995,220,0,test
0.9394161,0.060583927,996,79,1,test
0.09398508,0.9060149,997,228,0,test
0.030228913,0.9697711,998,144,1,test
0.086770825,0.91322917,999,142,1,test
0.027039323,0.97296065,1000,85,0,test
0.04262508,0.95737493,1001,254,0,test
0.047693104,0.9523069,1002,269,0,test
0.9529109,0.04708905,1003,84,3,test
0.84144026,0.15855977,1004,310,2,test
0.9498423,0.050157722,1005,334,1,test
0.031682406,0.9683176,1006,63,2,test
0.93961483,0.060385104,1007,50,1,test
0.9631728,0.036827184,1008,173,2,test
0.6028579,0.39714208,1009,228,3,test
0.03239372,0.96760625,1010,126,1,test
0.034636933,0.965363,1011,220,1,test
0.92828035,0.07171967,1012,148,2,test
0.026982592,0.97301745,1013,256,0,test
0.030629124,0.9693709,1014,242,0,test
0.94647354,0.0535265,1015,33,0,test
0.60020924,0.39979073,1016,177,0,test
0.031287946,0.9687121,1017,122,2,test
0.8714188,0.1285813,1018,0,1,test
0.058674872,0.9413252,1019,324,2,test
0.8002287,0.19977129,1020,332,2,test
0.032355648,0.9676444,1021,175,2,test
0.9370258,0.06297421,1022,290,0,test
0.17274584,0.8272542,1023,24,3,test
0.9268371,0.073162906,1024,64,2,test
0.7348278,0.2651722,1025,11,0,test
0.036606103,0.9633939,1026,243,1,test
0.94312495,0.056875013,1027,158,2,test
0.09566881,0.9043312,1028,331,0,test
0.12526207,0.8747379,1029,28,1,test
0.05304489,0.94695514,1030,279,0,test
0.9487668,0.0512332,1031,176,2,test
0.037270464,0.9627295,1032,243,2,test
0.03239952,0.9676004,1033,76,2,test
0.9203203,0.07967969,1034,4,1,test
0.033090346,0.9669096,1035,99,1,test
0.7016605,0.29833946,1036,188,2,test
0.03024005,0.96975994,1037,122,0,test
0.969914,0.030085932,1038,52,0,test
0.039781787,0.9602182,1039,261,2,test
0.057319343,0.94268066,1040,6,1,test
0.6761052,0.3238948,1041,203,2,test
0.048196804,0.9518032,1042,259,0,test
0.03885477,0.96114516,1043,176,0,test
0.0422076,0.95779234,1044,327,1,test
0.044575263,0.9554247,1045,215,0,test
0.81544226,0.18455772,1046,298,1,test
0.94182444,0.05817555,1047,59,2,test
0.041282307,0.95871764,1048,304,0,test
0.0455816,0.9544184,1049,219,1,test
0.9238766,0.076123446,1050,159,0,test
0.9503323,0.049667694,1051,148,0,test
0.027184462,0.9728156,1052,267,0,test
0.030788025,0.96921194,1053,234,1,test
0.96202236,0.037977614,1054,79,2,test
0.19584955,0.80415046,1055,6,2,test
0.11740552,0.8825945,1056,143,2,test
0.02194765,0.9780523,1057,87,0,test
0.8896557,0.11034433,1058,297,2,test
0.9644985,0.035501465,1059,121,1,test
0.028963488,0.97103655,1060,251,1,test
0.03364124,0.9663588,1061,107,3,test
0.03301478,0.96698517,1062,241,1,test
0.03299725,0.9670028,1063,41,0,test
0.050374888,0.9496251,1064,272,0,test
0.97108424,0.028915823,1065,27,0,test
0.66104966,0.33895034,1066,104,0,test
0.029789556,0.97021043,1067,145,3,test
0.03212979,0.96787024,1068,38,0,test
0.034845714,0.96515435,1069,326,2,test
0.02967864,0.9703214,1070,268,1,test
0.6421113,0.3578887,0,40,0,validation
0.95393157,0.04606844,1,27,0,validation
0.026230823,0.97376925,2,139,2,validation
0.25945792,0.74054205,3,82,0,validation
0.9638182,0.0361818,4,21,2,validation
0.06460019,0.9353999,5,56,0,validation
0.060795423,0.9392046,6,91,1,validation
0.030254968,0.96974504,7,129,0,validation
0.03965914,0.96034086,8,49,2,validation
0.31017357,0.6898264,9,50,1,validation
0.0267768,0.9732232,10,48,0,validation
0.048918817,0.95108116,11,152,1,validation
0.035996944,0.964003,12,22,1,validation
0.046725478,0.95327455,13,148,2,validation
0.95749533,0.042504687,14,128,2,validation
0.036594756,0.9634052,15,25,0,validation
0.04140319,0.9585968,16,110,0,validation
0.037905667,0.9620943,17,17,2,validation
0.9617723,0.0382277,18,23,1,validation
0.038002297,0.9619976,19,57,0,validation
0.033674695,0.9663253,20,88,0,validation
0.7087499,0.2912501,21,133,2,validation
0.037608184,0.9623918,22,9,1,validation
0.05758241,0.9424176,23,136,2,validation
0.04079161,0.95920837,24,104,0,validation
0.33980677,0.6601932,25,2,2,validation
0.031840283,0.9681597,26,146,0,validation
0.03471045,0.9652896,27,30,0,validation
0.9252852,0.07471483,28,58,2,validation
0.89710605,0.10289393,29,163,0,validation
0.04497369,0.95502627,30,54,0,validation
0.689291,0.31070897,31,124,2,validation
0.04073172,0.9592683,32,85,0,validation
0.19184498,0.80815506,33,146,1,validation
0.033485517,0.96651447,34,20,1,validation
0.29263213,0.7073679,35,50,0,validation
0.938454,0.0615461,36,160,1,validation
0.024591485,0.97540855,37,90,1,validation
0.029642833,0.9703572,38,24,2,validation
0.9611887,0.038811322,39,156,2,validation
0.030436555,0.9695635,40,55,2,validation
0.03650928,0.9634907,41,37,2,validation
0.03274194,0.96725804,42,73,0,validation
0.026051853,0.9739482,43,137,1,validation
0.027648207,0.9723518,44,153,2,validation
0.7705716,0.22942841,45,109,2,validation
0.94467825,0.055321712,46,42,2,validation
0.031619564,0.96838045,47,132,0,validation
0.8742195,0.12578055,48,0,2,validation
0.6003329,0.39966708,49,109,1,validation
0.057845242,0.94215477,50,132,1,validation
0.6700065,0.3299935,51,58,1,validation
0.9596232,0.040376723,52,121,0,validation
0.040839408,0.95916057,53,25,1,validation
0.026340857,0.97365916,54,158,1,validation
0.048664454,0.9513356,55,145,1,validation
0.056540098,0.9434599,56,80,0,validation
0.031726327,0.9682737,57,164,1,validation
0.038745247,0.9612548,58,33,2,validation
0.70433754,0.2956625,59,161,0,validation
0.8397288,0.1602713,60,70,1,validation
0.18081547,0.81918454,61,92,0,validation
0.9341261,0.06587395,62,10,1,validation
0.076928936,0.9230711,63,117,2,validation
0.032343123,0.9676569,64,154,2,validation
0.95956933,0.040430684,65,23,0,validation
0.5769471,0.42305285,66,0,0,validation
0.6208192,0.3791808,67,3,1,validation
0.033113446,0.9668865,68,97,1,validation
0.86897874,0.13102126,69,6,2,validation
0.05341951,0.9465805,70,32,2,validation
0.92986685,0.07013319,71,26,1,validation
0.816917,0.183083,72,42,1,validation
0.02943651,0.9705635,73,24,1,validation
0.034987528,0.96501243,74,162,1,validation
0.96377057,0.036229435,75,100,1,validation
0.9198861,0.0801139,76,5,2,validation
0.03933126,0.9606687,77,150,0,validation
0.64966923,0.3503308,78,44,1,validation
0.03822663,0.96177334,79,81,1,validation
0.033151675,0.9668483,80,134,0,validation
0.035772216,0.96422774,81,12,1,validation
0.06433301,0.935667,82,148,3,validation
0.23575939,0.7642406,83,14,2,validation
0.023299115,0.97670084,84,90,0,validation
0.026339196,0.9736608,85,137,0,validation
0.8822593,0.11774064,86,130,2,validation
0.0652461,0.93475395,87,29,0,validation
0.08170149,0.9182985,88,102,1,validation
0.0544185,0.9455815,89,102,0,validation
0.06907852,0.9309215,90,76,1,validation
0.05538071,0.94461936,91,96,0,validation
0.03354166,0.9664583,92,153,1,validation
0.034449894,0.9655501,93,22,0,validation
0.03609358,0.96390647,94,79,1,validation
0.040293057,0.9597069,95,96,1,validation
0.19545293,0.804547,96,119,1,validation
0.9477051,0.052294914,97,163,1,validation
0.9573587,0.042641316,98,159,2,validation
0.073410526,0.9265894,99,156,0,validation
0.028766796,0.9712332,100,88,1,validation
0.030957831,0.96904224,101,146,2,validation
0.062240776,0.9377592,102,104,1,validation
0.14918657,0.85081345,103,67,1,validation
0.94552284,0.054477125,104,66,0,validation
0.031368095,0.9686319,105,97,0,validation
0.82781076,0.1721892,106,126,0,validation
0.03644876,0.9635513,107,134,1,validation
0.031236019,0.968764,108,79,2,validation
0.035142455,0.9648576,109,45,1,validation
0.92573315,0.074266784,110,106,1,validation
0.96495813,0.03504183,111,87,1,validation
0.4441697,0.5558303,112,142,1,validation
0.03809982,0.9619001,113,114,0,validation
0.92802787,0.07197217,114,27,2,validation
0.111073814,0.8889262,115,60,0,validation
0.027319025,0.972681,116,24,0,validation
0.48390004,0.51609993,117,144,2,validation
0.037303854,0.96269614,118,4,2,validation
0.032023333,0.9679767,119,114,1,validation
0.031052995,0.968947,120,113,0,validation
0.043285973,0.956714,121,127,0,validation
0.9535112,0.046488795,122,5,3,validation
0.03002999,0.96997,123,105,2,validation
0.6573945,0.34260547,124,142,2,validation
0.03822946,0.96177053,125,18,0,validation
0.9532674,0.04673263,126,78,2,validation
0.0355828,0.9644172,127,162,0,validation
0.055777095,0.944223,128,144,1,validation
0.039044768,0.96095526,129,108,2,validation
0.025288748,0.9747113,130,139,1,validation
0.8647611,0.13523892,131,68,0,validation
0.94810337,0.051896688,132,7,2,validation
0.23565973,0.7643402,133,157,2,validation
0.04141825,0.9585817,134,13,1,validation
0.84891194,0.15108813,135,78,1,validation
0.967777,0.032223027,136,100,0,validation
0.043376863,0.95662314,137,108,0,validation
0.59481096,0.4051891,138,40,2,validation
0.027659496,0.97234046,139,107,0,validation
0.03323423,0.96676576,140,9,2,validation
0.34087664,0.65912336,141,36,1,validation
0.90765554,0.09234441,142,128,0,validation
0.13135163,0.8686484,143,157,0,validation
0.09288592,0.907114,144,80,1,validation
0.031987324,0.9680127,145,18,1,validation
0.031024909,0.96897507,146,65,2,validation
0.96114147,0.03885851,147,7,1,validation
0.7980454,0.20195454,148,5,1,validation
0.07290751,0.9270925,149,135,0,validation
0.27438837,0.7256116,150,21,0,validation
0.9683744,0.03162557,151,71,0,validation
0.9602888,0.03971112,152,99,0,validation
0.040026598,0.95997345,153,30,1,validation
0.03973759,0.9602625,154,155,1,validation
0.07461465,0.92538536,155,67,2,validation
0.9585444,0.041455682,156,7,0,validation
0.041984204,0.95801586,157,75,1,validation
0.0856993,0.9143007,158,85,1,validation
0.91998184,0.08001814,159,68,1,validation
0.056463916,0.9435361,160,1,1,validation
0.031352945,0.968647,161,37,1,validation
0.038120657,0.9618793,162,14,1,validation
0.92178535,0.07821464,163,59,0,validation
0.88795674,0.11204328,164,5,0,validation
0.06797751,0.9320225,165,152,2,validation
0.9177909,0.08220911,166,117,1,validation
0.9587457,0.041254334,167,0,3,validation
0.9086398,0.091360174,168,103,1,validation
0.4404298,0.55957025,169,63,0,validation
0.7043781,0.29562187,170,19,1,validation
0.032737155,0.9672628,171,35,2,validation
0.048102744,0.95189726,172,104,2,validation
0.03163986,0.9683602,173,86,0,validation
0.5576922,0.44230777,174,9,0,validation
0.13308151,0.86691844,175,63,1,validation
0.039851252,0.9601487,176,84,1,validation
0.22062314,0.77937686,177,8,0,validation
0.14902079,0.85097915,178,2,0,validation
0.96858233,0.031417597,179,151,1,validation
0.03273958,0.9672605,180,35,0,validation
0.07084325,0.9291567,181,11,2,validation
0.96362877,0.036371216,182,51,0,validation
0.038956806,0.96104324,183,154,0,validation
0.037160117,0.9628399,184,38,0,validation
0.95775145,0.042248566,185,36,2,validation
0.8347852,0.16521473,186,56,2,validation
0.8974094,0.10259059,187,87,0,validation
0.8808825,0.119117476,188,62,1,validation
0.06035649,0.9396435,189,46,2,validation
0.96149,0.038509957,190,121,2,validation
0.023665795,0.9763342,191,125,1,validation
0.26842278,0.7315772,192,73,1,validation
0.77344006,0.22655995,193,149,0,validation
0.049785648,0.9502143,194,73,2,validation
0.052751467,0.9472486,195,147,0,validation
0.14318454,0.85681546,196,45,2,validation
0.9411499,0.058850117,197,120,1,validation
0.9613863,0.038613696,198,21,1,validation
0.9636212,0.036378745,199,71,2,validation
0.08739339,0.9126066,200,54,1,validation
0.09059691,0.9094031,201,162,3,validation
0.19604217,0.8039579,202,124,0,validation
0.1228066,0.87719333,203,103,3,validation
0.95418286,0.045817137,204,62,2,validation
0.9536465,0.046353515,205,26,0,validation
0.092456035,0.907544,206,35,1,validation
0.6766075,0.32339254,207,144,0,validation
0.18088834,0.8191117,208,47,0,validation
0.96153605,0.038463954,209,29,2,validation
0.21242625,0.78757375,210,49,1,validation
0.033662423,0.96633756,211,74,1,validation
0.030240348,0.96975964,212,107,1,validation
0.9447235,0.055276528,213,26,2,validation
0.03138971,0.96861035,214,33,1,validation
0.047800135,0.9521998,215,53,2,validation
0.048880205,0.9511198,216,53,0,validation
0.883204,0.11679599,217,64,1,validation
0.030565273,0.96943474,218,164,0,validation
0.9622523,0.037747603,219,23,2,validation
0.048615374,0.95138454,220,145,0,validation
0.040252637,0.9597473,221,72,2,validation
0.031320125,0.9686799,222,155,0,validation
0.054962054,0.945038,223,38,1,validation
0.07461896,0.92538106,224,92,1,validation
0.15242875,0.8475713,225,98,1,validation
0.7298403,0.27015972,226,123,0,validation
0.15284061,0.8471594,227,116,1,validation
0.10211678,0.89788324,228,131,2,validation
0.048512135,0.95148784,229,76,0,validation
0.0371861,0.962814,230,84,0,validation
0.046055622,0.9539444,231,89,0,validation
0.35616928,0.6438307,232,126,1,validation
0.0435664,0.95643353,233,130,0,validation
0.652904,0.347096,234,11,1,validation
0.07991703,0.920083,235,63,2,validation
0.034600493,0.9653995,236,45,0,validation
0.9242198,0.07578016,237,160,0,validation
0.030078573,0.9699214,238,116,0,validation
0.95508057,0.04491945,239,93,1,validation
0.9455332,0.05446681,240,93,2,validation
0.14470214,0.8552979,241,19,0,validation
0.03148244,0.9685176,242,35,3,validation
0.9200535,0.07994651,243,28,2,validation
0.031851333,0.96814865,244,134,2,validation
0.04120904,0.95879096,245,1,2,validation
0.8955953,0.10440461,246,118,2,validation
0.08367223,0.9163278,247,113,1,validation
0.072693534,0.9273065,248,113,2,validation
0.83483297,0.16516702,249,51,1,validation
0.03577808,0.9642219,250,48,2,validation
0.044903126,0.95509684,251,57,1,validation
0.0386738,0.9613262,252,129,2,validation
0.115337625,0.88466233,253,59,2,validation
0.41837025,0.5816297,254,123,2,validation
0.03676793,0.9632321,255,3,0,validation
0.04354631,0.95645374,256,138,0,validation
0.03533589,0.9646641,257,12,0,validation
0.50463897,0.49536097,258,103,2,validation
0.2133655,0.7866345,259,64,0,validation
0.031413812,0.96858615,260,141,1,validation
0.7220474,0.27795264,261,47,1,validation
0.031709284,0.9682907,262,136,1,validation
0.04866231,0.95133764,263,47,2,validation
0.040127978,0.95987207,264,154,1,validation
0.37470108,0.625299,265,119,0,validation
0.9560112,0.04398878,266,39,2,validation
0.65955013,0.3404499,267,121,1,validation
0.03707644,0.9629236,268,31,0,validation
0.054388326,0.94561166,269,46,1,validation
0.03317394,0.966826,270,76,2,validation
0.95827687,0.04172318,271,89,1,validation
0.03242483,0.9675752,272,31,1,validation
0.0413083,0.9586917,273,115,0,validation
0.95065004,0.04934996,274,39,1,validation
0.23050153,0.7694985,275,59,1,validation
0.034638114,0.9653619,276,65,1,validation
0.029795403,0.9702046,277,79,0,validation
0.9677224,0.032277584,278,100,2,validation
0.0936761,0.9063239,279,98,0,validation
0.045228995,0.95477104,280,115,1,validation
0.026812026,0.973188,281,158,0,validation
0.95378613,0.046213895,282,130,1,validation
0.9699462,0.030053807,283,93,0,validation
0.16481367,0.8351863,284,40,1,validation
0.13350542,0.8664946,285,136,3,validation
0.07044357,0.9295564,286,72,0,validation
0.03412033,0.9658797,287,141,2,validation
0.87368655,0.12631345,288,70,2,validation
0.91689956,0.083100416,289,41,2,validation
0.035791006,0.964209,290,138,1,validation
0.36934033,0.63065964,291,95,2,validation
0.028353617,0.97164637,292,107,2,validation
0.03669855,0.9633014,293,155,2,validation
0.055752836,0.9442472,294,95,1,validation
0.9155213,0.084478706,295,116,2,validation
0.043927364,0.9560726,296,127,1,validation
0.039713584,0.96028644,297,94,2,validation
0.9276989,0.07230113,298,120,2,validation
0.9213649,0.078635104,299,111,2,validation
0.45881045,0.54118955,300,36,0,validation
0.9062548,0.09374519,301,58,0,validation
0.0634533,0.93654674,302,101,1,validation
0.9254772,0.074522756,303,111,1,validation
0.18646641,0.8135336,304,131,0,validation
0.93561727,0.0643827,305,159,0,validation
0.7659231,0.23407693,306,118,1,validation
0.095641896,0.90435815,307,75,0,validation
0.7211598,0.27884018,308,147,2,validation
0.86859244,0.13140754,309,102,2,validation
0.03205863,0.9679414,310,53,1,validation
0.95685333,0.043146633,311,44,0,validation
0.047264636,0.95273536,312,63,3,validation
0.4737693,0.5262307,313,83,0,validation
0.032450095,0.96754986,314,74,2,validation
0.030950623,0.9690494,315,37,0,validation
0.029033195,0.97096676,316,38,2,validation
0.06091891,0.93908113,317,114,2,validation
0.038411785,0.9615882,318,72,1,validation
0.069045916,0.93095416,319,132,2,validation
0.7121969,0.28780314,320,126,3,validation
0.94801444,0.051985547,321,41,0,validation
0.0497239,0.95027614,322,91,2,validation
0.053209282,0.9467907,323,135,2,validation
0.12575552,0.87424445,324,34,2,validation
0.7003111,0.29968894,325,123,1,validation
0.91701704,0.08298298,326,106,2,validation
0.92935705,0.07064298,327,43,0,validation
0.040102843,0.9598971,328,119,2,validation
0.02893458,0.97106546,329,14,0,validation
0.055159092,0.94484097,330,152,0,validation
0.043924578,0.9560755,331,20,3,validation
0.03339891,0.9666011,332,91,0,validation
0.6485008,0.35149926,333,27,1,validation
0.31388336,0.6861167,334,77,2,validation
0.2135526,0.7864474,335,60,1,validation
0.6562784,0.34372163,336,126,2,validation
0.30264166,0.6973583,337,51,2,validation
0.04794022,0.95205975,338,3,2,validation
0.03424699,0.965753,339,11,0,validation
0.1604099,0.8395901,340,8,2,validation
0.031048791,0.9689512,341,55,0,validation
0.03201701,0.96798295,342,46,0,validation
0.08802557,0.91197443,343,131,1,validation
0.58518875,0.41481122,344,112,1,validation
0.96980596,0.030194083,345,71,1,validation
0.07425567,0.9257443,346,30,2,validation
0.045148484,0.9548515,347,16,1,validation
0.78954583,0.21045415,348,77,0,validation
0.957851,0.04214901,349,122,2,validation
0.03328236,0.9667176,350,141,0,validation
0.031854436,0.9681456,351,57,2,validation
0.03271973,0.9672802,352,13,0,validation
0.9558274,0.04417261,353,149,2,validation
0.100179315,0.8998207,354,127,2,validation
0.14351237,0.85648763,355,66,2,validation
0.024065778,0.97593415,356,90,2,validation
0.088257015,0.911743,357,81,2,validation
0.058213864,0.94178617,358,136,0,validation
0.044382226,0.9556178,359,1,0,validation
0.88362545,0.116374575,360,82,1,validation
0.96419096,0.035809036,361,160,2,validation
0.4384849,0.5615151,362,32,1,validation
0.03331741,0.9666826,363,72,3,validation
0.0964405,0.90355957,364,140,2,validation
0.034405928,0.96559405,365,69,0,validation
0.030911658,0.9690883,366,139,0,validation
0.033353183,0.9666468,367,55,1,validation
0.040248256,0.9597517,368,31,2,validation
0.28611362,0.71388644,369,94,0,validation
0.054207727,0.94579226,370,69,2,validation
0.89463425,0.105365686,371,19,2,validation
0.100346684,0.8996534,372,15,0,validation
0.85088706,0.14911295,373,10,0,validation
0.066260315,0.93373966,374,85,2,validation
0.6793883,0.3206117,375,105,0,validation
0.20361915,0.7963809,376,64,2,validation
0.93862855,0.06137148,377,147,1,validation
0.09414626,0.90585375,378,8,1,validation
0.6201046,0.37989542,379,128,1,validation
0.037941497,0.96205854,380,74,0,validation
0.3170855,0.68291456,381,83,2,validation
0.87367356,0.12632649,382,122,0,validation
0.11057315,0.8894268,383,92,2,validation
0.8561879,0.14381212,384,52,2,validation
0.03948156,0.9605184,385,140,0,validation
0.9427492,0.057250757,386,44,2,validation
0.027022313,0.9729777,387,20,0,validation
0.9620697,0.037930325,388,43,2,validation
0.95328265,0.046717312,389,41,1,validation
0.07163734,0.92836267,390,157,1,validation
0.5648462,0.4351538,391,2,1,validation
0.03440768,0.96559227,392,104,3,validation
0.12260845,0.8773915,393,153,0,validation
0.031274147,0.96872586,394,20,2,validation
0.28986752,0.7101325,395,96,2,validation
0.03234354,0.96765643,396,4,1,validation
0.03548052,0.96451944,397,50,2,validation
0.040311128,0.9596889,398,12,2,validation
0.26352802,0.736472,399,122,1,validation
0.8516991,0.14830084,400,151,2,validation
0.10533839,0.89466166,401,133,0,validation
0.051188424,0.94881153,402,69,3,validation
0.9618442,0.03815578,403,89,2,validation
0.57274073,0.42725924,404,143,1,validation
0.058638886,0.94136107,405,142,0,validation
0.0317103,0.9682897,406,108,1,validation
0.03199738,0.9680026,407,75,3,validation
0.7927475,0.20725253,408,67,0,validation
0.9582146,0.04178547,409,68,2,validation
0.03988712,0.96011287,410,95,0,validation
0.064512044,0.9354879,411,150,2,validation
0.030297678,0.96970236,412,80,2,validation
0.054776594,0.9452234,413,161,1,validation
0.97108424,0.028915815,414,151,0,validation
0.02886711,0.9711329,415,97,2,validation
0.5846054,0.41539457,416,112,2,validation
0.030866355,0.9691337,417,86,1,validation
0.021106107,0.97889394,418,65,0,validation
0.95560104,0.04439893,419,52,1,validation
0.032004323,0.9679957,420,13,2,validation
0.32430473,0.67569524,421,70,0,validation
0.02906647,0.9709335,422,129,1,validation
0.0423341,0.95766586,423,61,2,validation
0.6997252,0.30027482,424,99,2,validation
0.87587565,0.1241243,425,83,1,validation
0.031990025,0.96801,426,34,0,validation
0.04191627,0.9580837,427,17,0,validation
0.021264648,0.9787354,428,125,2,validation
0.9010921,0.09890786,429,0,1,validation
0.19557504,0.804425,430,145,2,validation
0.95771945,0.042280607,431,159,1,validation
0.10481191,0.8951881,432,15,2,validation
0.10553341,0.8944666,433,135,1,validation
0.02774445,0.9722555,434,25,2,validation
0.96348983,0.036510106,435,66,1,validation
0.0789063,0.92109364,436,10,2,validation
0.03542589,0.96457416,437,138,2,validation
0.036712985,0.96328706,438,84,2,validation
0.032039396,0.9679606,439,137,2,validation
0.4409814,0.55901855,440,118,0,validation
0.7940654,0.20593457,441,29,1,validation
0.039990805,0.96000916,442,109,0,validation
0.8376882,0.16231179,443,156,1,validation
0.040144023,0.95985603,444,16,2,validation
0.6973716,0.30262834,445,111,0,validation
0.033149663,0.96685034,446,84,3,validation
0.028772425,0.9712276,447,77,1,validation
0.030830005,0.96917,448,4,0,validation
0.5422933,0.45770672,449,101,2,validation
0.9558435,0.044156466,450,28,1,validation
0.026662864,0.9733372,451,125,0,validation
0.9580168,0.041983135,452,87,2,validation
0.038583063,0.96141696,453,53,3,validation
0.062519364,0.9374807,454,105,1,validation
0.037144084,0.96285594,455,162,2,validation
0.963988,0.03601207,456,43,1,validation
0.036826257,0.9631738,457,98,2,validation
0.03947689,0.9605232,458,158,2,validation
0.96604085,0.03395917,459,103,0,validation
0.75221974,0.24778025,460,78,0,validation
0.044048294,0.9559517,461,17,1,validation
0.6979578,0.30204213,462,117,0,validation
0.05855116,0.94144887,463,16,0,validation
0.23994303,0.76005703,464,161,2,validation
0.9525627,0.04743727,465,56,1,validation
0.87194735,0.12805264,466,143,2,validation
0.037944004,0.96205604,467,61,1,validation
0.96907145,0.030928563,468,163,2,validation
0.90739334,0.09260665,469,149,1,validation
0.056855787,0.94314426,470,60,2,validation
0.037168853,0.9628312,471,54,2,validation
0.06176362,0.93823636,472,18,2,validation
0.042931855,0.9570681,473,15,1,validation
0.03555674,0.96444327,474,110,2,validation
0.040414393,0.9595856,475,75,2,validation
0.044693287,0.95530665,476,81,0,validation
0.048770964,0.95122904,477,6,1,validation
0.038970698,0.96102935,478,101,0,validation
0.09569467,0.9043054,479,148,1,validation
0.94437337,0.055626668,480,52,0,validation
0.035587996,0.96441203,481,88,2,validation
0.8702854,0.12971455,482,143,0,validation
0.6875473,0.3124527,483,62,0,validation
0.04966972,0.95033026,484,124,1,validation
0.035221845,0.9647781,485,94,1,validation
0.7882147,0.21178529,486,133,1,validation
0.04313636,0.95686364,487,110,1,validation
0.41090816,0.58909184,488,82,2,validation
0.42143577,0.5785643,489,99,1,validation
0.035030253,0.9649697,490,48,1,validation
0.7264996,0.27350038,491,42,0,validation
0.052547123,0.9474529,492,49,0,validation
0.044642907,0.95535713,493,115,2,validation
0.06575227,0.9342477,494,32,0,validation
0.95622414,0.043775834,495,120,0,validation
0.8654803,0.13451967,496,28,0,validation
0.053252015,0.94674796,497,148,0,validation
0.95526534,0.04473463,498,106,0,validation
0.03457502,0.965425,499,69,1,validation
0.03914474,0.9608552,500,150,1,validation
0.9031328,0.09686727,501,39,0,validation
0.03316344,0.96683663,502,164,2,validation
0.05036304,0.949637,503,6,0,validation
0.029094791,0.9709052,504,61,0,validation
0.031281363,0.9687186,505,22,2,validation
0.060424183,0.9395758,506,34,1,validation
0.0321168,0.9678832,507,86,2,validation
0.094822496,0.90517753,508,112,0,validation
0.044686366,0.9553136,509,140,1,validation
0.035150945,0.96484905,510,33,0,validation
