dataset,split,index,window_size,document_length,unique_words,token_count,node_count,node_embedding_dimension,edge_count,edge_embedding_dimension
IMDb-1k,train,361,5,792,427,1019,505,768,4065,1
IMDb-1k,train,73,5,788,362,1052,420,768,3860,1
IMDb-1k,train,374,5,805,419,1042,475,768,4123,1
IMDb-1k,train,155,5,787,336,1017,374,768,3642,1
IMDb-1k,train,104,5,948,490,1352,576,768,4982,1
IMDb-1k,train,394,5,940,478,1368,559,768,4965,1
IMDb-1k,train,377,5,1141,567,1569,670,768,5980,1
IMDb-1k,train,124,5,973,428,1325,506,768,4752,1
IMDb-1k,train,68,5,934,428,1228,475,768,4469,1
IMDb-1k,train,450,5,1294,571,1713,638,768,6062,1
IMDb-1k,train,9,5,875,430,1141,493,768,4419,1
IMDb-1k,train,194,5,938,517,1320,594,768,5000,1
IMDb-1k,train,406,5,935,363,1204,399,768,4019,1
IMDb-1k,train,84,5,779,308,987,345,768,3519,1
IMDb-1k,train,371,5,768,399,1058,440,768,3882,1
IMDb-1k,train,388,5,1645,603,2166,665,768,7073,1
IMDb-1k,train,495,5,860,394,1141,430,768,3940,1
IMDb-1k,train,30,5,787,386,1003,425,768,3747,1
IMDb-1k,train,316,5,930,429,1309,470,768,4620,1
IMDb-1k,train,408,5,937,504,1293,601,768,4943,1
IMDb-1k,train,490,5,918,426,1251,484,768,4630,1
IMDb-1k,train,491,5,948,524,1223,606,768,4890,1
IMDb-1k,train,280,5,850,422,1121,485,768,4223,1
IMDb-1k,train,356,5,885,400,1112,456,768,4150,1
IMDb-1k,train,76,5,792,418,1034,475,768,4057,1
IMDb-1k,train,461,5,901,414,1189,464,768,4242,1
IMDb-1k,train,497,5,896,476,1290,552,768,4764,1
IMDb-1k,train,211,5,976,462,1311,522,768,4734,1
IMDb-1k,train,101,5,762,405,1067,463,768,4025,1
IMDb-1k,train,334,5,976,486,1402,590,768,5008,1
IMDb-1k,train,475,5,804,418,1064,475,768,4097,1
IMDb-1k,train,336,5,883,376,1109,420,768,4074,1
IMDb-1k,train,440,5,845,420,1147,494,768,4240,1
IMDb-1k,train,173,5,949,429,1203,478,768,4380,1
IMDb-1k,train,2,5,857,444,1105,519,768,4301,1
IMDb-1k,train,333,5,908,419,1268,483,768,4421,1
IMDb-1k,train,409,5,952,508,1251,580,768,4870,1
IMDb-1k,train,70,5,1541,649,2123,733,768,7085,1
IMDb-1k,train,209,5,892,430,1165,471,768,4289,1
IMDb-1k,train,63,5,953,507,1356,612,768,5188,1
IMDb-1k,train,384,5,827,382,1071,422,768,3956,1
IMDb-1k,train,93,5,960,445,1247,496,768,4490,1
IMDb-1k,train,485,5,790,401,986,457,768,3929,1
IMDb-1k,train,185,5,911,491,1143,554,768,4684,1
IMDb-1k,train,33,5,947,445,1263,499,768,4585,1
IMDb-1k,train,77,5,803,383,1089,457,768,4035,1
IMDb-1k,train,0,5,852,408,1050,448,768,4062,1
IMDb-1k,train,11,5,948,368,1293,403,768,4407,1
IMDb-1k,train,415,5,944,426,1195,480,768,4288,1
IMDb-1k,train,22,5,851,410,1147,471,768,4251,1
IMDb-1k,train,72,5,783,392,1072,445,768,3985,1
IMDb-1k,train,182,5,764,310,928,337,768,3223,1
IMDb-1k,train,131,5,1028,521,1360,585,768,5139,1
IMDb-1k,train,410,5,835,417,1145,470,768,4222,1
IMDb-1k,train,193,5,876,459,1176,538,768,4484,1
IMDb-1k,train,55,5,965,463,1415,550,768,5178,1
IMDb-1k,train,148,5,921,449,1303,515,768,4697,1
IMDb-1k,train,18,5,796,394,1118,469,768,4147,1
IMDb-1k,train,204,5,977,509,1288,574,768,5012,1
IMDb-1k,train,78,5,931,411,1226,462,768,4398,1
IMDb-1k,train,494,5,816,382,1091,436,768,4084,1
IMDb-1k,train,262,5,910,390,1090,423,768,3865,1
IMDb-1k,train,323,5,935,439,1241,493,768,4601,1
IMDb-1k,train,483,5,1161,426,1433,459,768,4787,1
IMDb-1k,train,79,5,884,427,1152,476,768,4334,1
IMDb-1k,train,39,5,753,472,1048,571,768,4331,1
IMDb-1k,train,451,5,891,375,1115,411,768,4069,1
IMDb-1k,train,46,5,806,432,1084,500,768,4204,1
IMDb-1k,train,238,5,1464,632,1974,720,768,7048,1
IMDb-1k,train,391,5,766,399,1083,459,768,4075,1
IMDb-1k,train,352,5,953,475,1279,544,768,4784,1
IMDb-1k,train,341,5,802,393,1081,446,768,4116,1
IMDb-1k,train,277,5,791,338,1033,372,768,3590,1
IMDb-1k,train,290,5,948,507,1303,573,768,4911,1
IMDb-1k,train,317,5,899,442,1244,518,768,4620,1
IMDb-1k,train,304,5,914,446,1193,516,768,4528,1
IMDb-1k,train,268,5,816,428,1082,496,768,4160,1
IMDb-1k,train,69,5,734,369,944,418,768,3590,1
IMDb-1k,train,455,5,950,459,1217,502,768,4548,1
IMDb-1k,train,465,5,764,453,1092,535,768,4301,1
IMDb-1k,train,154,5,977,431,1291,480,768,4548,1
IMDb-1k,train,82,5,877,450,1186,528,768,4634,1
IMDb-1k,train,477,5,788,354,1023,406,768,3690,1
IMDb-1k,train,172,5,766,353,953,386,768,3526,1
IMDb-1k,train,321,5,792,369,1140,449,768,4123,1
IMDb-1k,train,90,5,759,392,1048,435,768,3733,1
IMDb-1k,train,180,5,801,445,1071,532,768,4356,1
IMDb-1k,train,414,5,745,315,951,344,768,3310,1
IMDb-1k,train,312,5,773,392,1008,448,768,3968,1
IMDb-1k,train,278,5,946,428,1258,481,768,4337,1
IMDb-1k,train,381,5,808,447,1122,519,768,4247,1
IMDb-1k,train,472,5,786,363,1123,401,768,3901,1
IMDb-1k,train,362,5,812,373,1047,409,768,3823,1
IMDb-1k,train,324,5,980,459,1305,503,768,4727,1
IMDb-1k,train,431,5,770,385,989,440,768,3870,1
IMDb-1k,train,347,5,781,364,1021,421,768,3729,1
IMDb-1k,train,86,5,803,363,1062,399,768,3787,1
IMDb-1k,train,75,5,932,421,1177,472,768,4324,1
IMDb-1k,train,438,5,954,444,1257,493,768,4601,1
IMDb-1k,train,15,5,942,431,1184,482,768,4392,1
IMDb-1k,train,249,5,1435,622,1910,702,768,6846,1
IMDb-1k,train,433,5,804,369,996,410,768,3762,1
IMDb-1k,train,19,5,872,392,1063,432,768,3892,1
IMDb-1k,train,322,5,990,413,1209,459,768,4277,1
IMDb-1k,train,332,5,819,419,1130,506,768,4280,1
IMDb-1k,train,56,5,850,420,1116,480,768,4202,1
IMDb-1k,train,301,5,1447,531,1799,603,768,6227,1
IMDb-1k,train,229,5,969,421,1267,470,768,4410,1
IMDb-1k,train,331,5,794,364,1076,407,768,3817,1
IMDb-1k,train,132,5,869,421,1109,455,768,4153,1
IMDb-1k,train,137,5,970,447,1172,499,768,4547,1
IMDb-1k,train,423,5,1049,468,1284,538,768,4700,1
IMDb-1k,train,335,5,762,369,946,398,768,3524,1
IMDb-1k,train,25,5,970,461,1314,542,768,4774,1
IMDb-1k,train,464,5,787,383,1048,437,768,3783,1
IMDb-1k,train,281,5,916,389,1215,430,768,4210,1
IMDb-1k,train,247,5,887,400,1165,446,768,4328,1
IMDb-1k,train,237,5,793,353,1121,418,768,3920,1
IMDb-1k,train,117,5,946,393,1212,440,768,4184,1
IMDb-1k,train,42,5,949,459,1291,530,768,4718,1
IMDb-1k,train,220,5,1369,538,1644,583,768,5731,1
IMDb-1k,train,176,5,881,400,1134,443,768,4123,1
IMDb-1k,train,320,5,876,409,1095,466,768,4114,1
IMDb-1k,train,153,5,753,354,986,394,768,3532,1
IMDb-1k,train,231,5,863,408,1187,474,768,4316,1
IMDb-1k,train,227,5,838,433,1075,503,768,4323,1
IMDb-1k,train,417,5,961,460,1305,517,768,4723,1
IMDb-1k,train,203,5,765,431,1013,496,768,3982,1
IMDb-1k,train,126,5,958,464,1180,519,768,4581,1
IMDb-1k,train,329,5,827,428,1088,488,768,4202,1
IMDb-1k,train,31,5,799,420,1076,470,768,4076,1
IMDb-1k,train,113,5,770,399,1015,472,768,3968,1
IMDb-1k,train,470,5,799,398,1054,464,768,3978,1
IMDb-1k,train,271,5,877,379,1068,440,768,3962,1
IMDb-1k,train,140,5,779,421,1015,485,768,4031,1
IMDb-1k,train,57,5,844,392,1186,442,768,4162,1
IMDb-1k,train,192,5,904,400,1125,436,768,4072,1
IMDb-1k,train,24,5,866,425,1133,470,768,4192,1
IMDb-1k,train,17,5,765,391,996,441,768,3859,1
IMDb-1k,train,265,5,923,435,1140,482,768,4222,1
IMDb-1k,train,66,5,960,527,1421,643,768,5493,1
IMDb-1k,train,208,5,844,405,1078,460,768,4068,1
IMDb-1k,train,479,5,791,404,1004,469,768,3967,1
IMDb-1k,train,94,5,962,459,1326,543,768,4699,1
IMDb-1k,train,253,5,937,452,1239,495,768,4551,1
IMDb-1k,train,266,5,851,357,1071,399,768,3757,1
IMDb-1k,train,23,5,892,427,1140,485,768,4245,1
IMDb-1k,train,222,5,789,352,1026,393,768,3641,1
IMDb-1k,train,261,5,933,392,1152,433,768,4265,1
IMDb-1k,train,426,5,904,404,1255,443,768,4265,1
IMDb-1k,validation,135,5,897,444,1260,530,768,4752,1
IMDb-1k,validation,115,5,755,349,963,399,768,3637,1
IMDb-1k,validation,131,5,800,407,1022,470,768,3998,1
IMDb-1k,validation,55,5,956,487,1256,558,768,4780,1
IMDb-1k,validation,95,5,736,388,986,421,768,3629,1
IMDb-1k,validation,29,5,799,386,1071,431,768,4003,1
IMDb-1k,validation,158,5,832,442,1063,496,768,4158,1
IMDb-1k,validation,51,5,864,450,1161,521,768,4475,1
IMDb-1k,validation,101,5,828,357,1125,391,768,3813,1
IMDb-1k,validation,145,5,897,392,1153,442,768,4314,1
IMDb-1k,validation,19,5,939,420,1237,478,768,4382,1
IMDb-1k,validation,85,5,933,451,1179,509,768,4517,1
IMDb-1k,validation,15,5,763,391,1113,459,768,4055,1
IMDb-1k,validation,66,5,844,392,1106,439,768,4055,1
IMDb-1k,validation,24,5,936,464,1168,540,768,4592,1
IMDb-1k,validation,30,5,881,471,1224,545,768,4531,1
IMDb-1k,validation,132,5,876,423,1072,469,768,4101,1
IMDb-1k,validation,105,5,745,408,969,465,768,3783,1
IMDb-1k,validation,153,5,775,383,980,458,768,3848,1
IMDb-1k,validation,16,5,835,380,1084,424,768,4042,1
IMDb-1k,validation,75,5,968,506,1378,584,768,4912,1
IMDb-1k,validation,18,5,900,448,1179,507,768,4423,1
IMDb-1k,validation,12,5,941,414,1259,464,768,4400,1
IMDb-1k,validation,9,5,915,365,1138,385,768,3921,1
IMDb-1k,validation,31,5,826,406,1066,457,768,3997,1
IMDb-1k,validation,156,5,775,400,1020,458,768,3900,1
IMDb-1k,validation,98,5,854,432,1234,516,768,4536,1
IMDb-1k,validation,56,5,923,445,1197,496,768,4512,1
IMDb-1k,validation,134,5,806,378,1052,437,768,3911,1
IMDb-1k,validation,161,5,772,407,1028,488,768,4050,1
IMDb-1k,validation,139,5,757,350,968,389,768,3517,1
IMDb-1k,validation,78,5,938,406,1274,454,768,4480,1
IMDb-1k,validation,60,5,786,361,1035,419,768,3729,1
IMDb-1k,validation,84,5,961,494,1307,566,768,4890,1
IMDb-1k,validation,2,5,802,432,1187,507,768,4399,1
IMDb-1k,validation,94,5,756,389,1011,461,768,3941,1
IMDb-1k,validation,45,5,757,370,910,415,768,3613,1
IMDb-1k,validation,42,5,952,418,1218,458,768,4408,1
IMDb-1k,validation,69,5,937,470,1282,539,768,4701,1
IMDb-1k,validation,154,5,835,417,1137,475,768,4279,1
IMDb-1k,validation,26,5,777,334,1132,415,768,3905,1
IMDb-1k,validation,141,5,785,404,1042,476,768,4052,1
IMDb-1k,validation,117,5,779,435,1046,509,768,4131,1
IMDb-1k,validation,93,5,946,414,1240,469,768,4341,1
IMDb-1k,validation,133,5,948,442,1208,493,768,4517,1
IMDb-1k,validation,36,5,752,394,987,439,768,3815,1
IMDb-1k,validation,82,5,797,401,1102,458,768,3962,1
IMDb-1k,validation,22,5,775,374,1039,430,768,3756,1
IMDb-1k,validation,126,5,990,473,1276,530,768,4764,1
IMDb-1k,validation,67,5,983,422,1259,487,768,4565,1
IMDb-1k,validation,97,5,835,405,1059,442,768,3924,1
IMDb-1k,validation,11,5,760,423,1043,480,768,4040,1
IMDb-1k,validation,65,5,969,471,1256,539,768,4655,1
IMDb-1k,validation,86,5,753,378,1005,419,768,3731,1
IMDb-1k,validation,6,5,861,483,1100,555,768,4451,1
IMDb-1k,validation,27,5,838,358,1137,413,768,4027,1
IMDb-1k,validation,76,5,955,441,1241,505,768,4567,1
IMDb-1k,validation,142,5,798,412,1082,467,768,4103,1
IMDb-1k,validation,38,5,859,444,1138,506,768,4294,1
IMDb-1k,validation,41,5,882,364,1112,403,768,3919,1
IMDb-1k,validation,4,5,762,381,1022,460,768,3834,1
IMDb-1k,validation,138,5,751,433,1022,518,768,4118,1
IMDb-1k,validation,32,5,806,388,1099,443,768,3991,1
IMDb-1k,validation,144,5,890,407,1213,465,768,4387,1
IMDb-1k,validation,109,5,757,408,994,456,768,3864,1
IMDb-1k,validation,68,5,746,367,956,422,768,3590,1
IMDb-1k,validation,10,5,870,402,1145,457,768,4177,1
IMDb-1k,validation,96,5,899,455,1247,561,768,4803,1
IMDb-1k,validation,111,5,860,459,1176,544,768,4598,1
IMDb-1k,validation,0,5,941,477,1301,538,768,4796,1
IMDb-1k,validation,122,5,938,448,1270,500,768,4540,1
IMDb-1k,validation,123,5,789,393,970,440,768,3782,1
IMDb-1k,validation,64,5,801,335,1025,376,768,3640,1
IMDb-1k,validation,44,5,946,445,1244,489,768,4583,1
IMDb-1k,validation,146,5,772,346,939,385,768,3497,1
IMDb-1k,validation,28,5,815,406,1058,460,768,4010,1
IMDb-1k,validation,40,5,915,488,1234,568,768,4812,1
IMDb-1k,validation,114,5,799,411,1028,459,768,3941,1
IMDb-1k,validation,25,5,879,365,1126,405,768,3931,1
IMDb-1k,validation,23,5,888,403,1099,452,768,4136,1
IMDb-1k,validation,119,5,847,396,1099,440,768,4014,1
IMDb-1k,validation,81,5,923,416,1186,476,768,4468,1
IMDb-1k,validation,79,5,865,407,1159,456,768,4158,1
IMDb-1k,validation,39,5,951,435,1164,477,768,4399,1
IMDb-1k,validation,90,5,770,381,1036,429,768,3889,1
IMDb-1k,validation,108,5,754,375,970,411,768,3639,1
IMDb-1k,validation,160,5,752,324,1002,364,768,3490,1
IMDb-1k,validation,137,5,820,424,1044,497,768,4087,1
IMDb-1k,validation,47,5,840,336,1103,371,768,3711,1
IMDb-1k,validation,124,5,784,403,997,443,768,3843,1
IMDb-1k,validation,61,5,845,439,1207,517,768,4493,1
IMDb-1k,validation,73,5,809,418,1016,460,768,3956,1
IMDb-1k,validation,33,5,761,415,1008,486,768,4086,1
IMDb-1k,validation,112,5,913,401,1140,444,768,4170,1
IMDb-1k,validation,120,5,913,363,1175,403,768,4143,1
IMDb-1k,validation,128,5,752,371,969,419,768,3617,1
IMDb-1k,validation,62,5,777,423,1036,468,768,4012,1
IMDb-1k,validation,163,5,856,411,1122,455,768,4221,1
IMDb-1k,validation,100,5,824,316,1060,349,768,3491,1
IMDb-1k,validation,104,5,905,423,1349,492,768,4608,1
IMDb-1k,validation,53,5,896,450,1309,529,768,4617,1
IMDb-1k,validation,5,5,1033,408,1392,461,768,4773,1
IMDb-1k,validation,118,5,842,438,1070,490,768,4186,1
IMDb-1k,validation,127,5,866,364,1253,432,768,4116,1
IMDb-1k,validation,152,5,765,419,998,476,768,3868,1
IMDb-1k,validation,49,5,836,378,1095,432,768,3976,1
IMDb-1k,validation,35,5,933,500,1280,588,768,4918,1
IMDb-1k,validation,80,5,835,437,1099,513,768,4217,1
IMDb-1k,validation,77,5,923,498,1235,556,768,4790,1
IMDb-1k,validation,34,5,782,384,984,420,768,3728,1
IMDb-1k,validation,46,5,955,452,1250,517,768,4591,1
IMDb-1k,validation,7,5,825,448,1154,507,768,4359,1
IMDb-1k,validation,43,5,862,412,1105,461,768,4111,1
IMDb-1k,validation,70,5,878,368,1195,413,768,4045,1
IMDb-1k,validation,125,5,868,401,1176,449,768,3911,1
IMDb-1k,validation,110,5,958,384,1192,417,768,4059,1
IMDb-1k,validation,91,5,946,417,1255,475,768,4405,1
IMDb-1k,validation,83,5,967,549,1254,632,768,5122,1
IMDb-1k,validation,147,5,749,353,1023,406,768,3624,1
IMDb-1k,validation,148,5,963,519,1295,586,768,5006,1
IMDb-1k,validation,89,5,941,459,1254,522,768,4660,1
IMDb-1k,validation,8,5,905,373,1229,428,768,4060,1
IMDb-1k,validation,157,5,924,459,1219,515,768,4523,1
IMDb-1k,validation,113,5,946,514,1253,596,768,4942,1
IMDb-1k,validation,13,5,904,410,1198,471,768,4439,1
IMDb-1k,validation,59,5,962,454,1257,505,768,4553,1
IMDb-1k,validation,140,5,735,384,1014,442,768,3860,1
IMDb-1k,validation,3,5,957,445,1200,494,768,4522,1
IMDb-1k,validation,17,5,861,381,1088,411,768,3883,1
IMDb-1k,validation,72,5,976,486,1334,575,768,5005,1
IMDb-1k,validation,143,5,774,323,990,364,768,3518,1
IMDb-1k,validation,136,5,940,475,1284,545,768,4761,1
IMDb-1k,validation,150,5,768,384,967,430,768,3706,1
IMDb-1k,validation,63,5,949,447,1334,509,768,4697,1
IMDb-1k,validation,54,5,968,369,1240,404,768,4038,1
IMDb-1k,validation,107,5,798,414,1080,470,768,4016,1
IMDb-1k,validation,50,5,733,327,990,360,768,3510,1
IMDb-1k,validation,162,5,1023,290,1382,328,768,3508,1
IMDb-1k,validation,58,5,746,406,998,475,768,3903,1
IMDb-1k,validation,48,5,934,515,1223,609,768,4891,1
IMDb-1k,validation,88,5,918,411,1156,454,768,4274,1
IMDb-1k,validation,21,5,760,356,942,401,768,3595,1
IMDb-1k,validation,57,5,894,433,1160,499,768,4455,1
IMDb-1k,validation,159,5,884,404,1129,445,768,4141,1
IMDb-1k,validation,129,5,746,371,923,412,768,3574,1
IMDb-1k,validation,37,5,778,363,1037,403,768,3825,1
IMDb-1k,validation,155,5,747,418,1016,479,768,3851,1
IMDb-1k,validation,1,5,922,456,1260,526,768,4658,1
IMDb-1k,validation,52,5,948,446,1256,526,768,4700,1
IMDb-1k,validation,149,5,759,394,1023,463,768,3789,1
IMDb-1k,test,25,5,806,460,1055,530,768,4298,1
IMDb-1k,test,109,5,865,429,1039,471,768,4175,1
IMDb-1k,test,76,5,961,447,1307,501,768,4723,1
IMDb-1k,test,196,5,879,485,1200,565,768,4697,1
IMDb-1k,test,57,5,876,384,1123,437,768,4055,1
IMDb-1k,test,255,5,896,421,1152,477,768,4215,1
IMDb-1k,test,182,5,885,352,1090,382,768,3824,1
IMDb-1k,test,181,5,771,371,1012,422,768,3840,1
IMDb-1k,test,274,5,949,466,1324,545,768,4771,1
IMDb-1k,test,198,5,908,405,1223,451,768,4219,1
IMDb-1k,test,72,5,962,445,1224,501,768,4515,1
IMDb-1k,test,9,5,911,434,1197,510,768,4594,1
IMDb-1k,test,271,5,752,418,1067,494,768,4202,1
IMDb-1k,test,316,5,786,395,1120,450,768,4094,1
IMDb-1k,test,172,5,793,420,1060,481,768,4145,1
IMDb-1k,test,202,5,813,420,1098,481,768,4069,1
IMDb-1k,test,75,5,872,389,1138,434,768,3922,1
IMDb-1k,test,318,5,764,361,1059,404,768,3806,1
IMDb-1k,test,77,5,969,504,1305,577,768,5005,1
IMDb-1k,test,324,5,973,500,1328,599,768,5025,1
IMDb-1k,test,111,5,812,412,1078,465,768,4019,1
IMDb-1k,test,238,5,762,417,1004,457,768,3965,1
IMDb-1k,test,143,5,846,391,1054,428,768,3850,1
IMDb-1k,test,325,5,726,366,976,431,768,3735,1
IMDb-1k,test,5,5,903,456,1248,552,768,4632,1
IMDb-1k,test,147,5,968,462,1290,526,768,4752,1
IMDb-1k,test,63,5,891,465,1284,545,768,4655,1
IMDb-1k,test,114,5,756,352,915,391,768,3463,1
IMDb-1k,test,139,5,822,358,1070,396,768,3822,1
IMDb-1k,test,101,5,796,347,1035,388,768,3848,1
IMDb-1k,test,94,5,852,415,1114,472,768,4114,1
IMDb-1k,test,282,5,931,412,1212,456,768,4348,1
IMDb-1k,test,3,5,813,411,1199,465,768,4179,1
IMDb-1k,test,225,5,872,435,1140,482,768,4422,1
IMDb-1k,test,219,5,930,463,1240,528,768,4642,1
IMDb-1k,test,310,5,968,448,1272,511,768,4769,1
IMDb-1k,test,183,5,856,416,1191,473,768,4361,1
IMDb-1k,test,302,5,837,371,1055,403,768,3833,1
IMDb-1k,test,140,5,881,413,1153,450,768,4208,1
IMDb-1k,test,228,5,1011,482,1312,525,768,4635,1
IMDb-1k,test,33,5,850,451,1102,493,768,4319,1
IMDb-1k,test,42,5,942,427,1266,479,768,4515,1
IMDb-1k,test,173,5,752,388,996,432,768,3808,1
IMDb-1k,test,124,5,948,458,1269,511,768,4745,1
IMDb-1k,test,330,5,902,468,1182,515,768,4515,1
IMDb-1k,test,46,5,869,387,1120,437,768,4093,1
IMDb-1k,test,73,5,967,450,1241,495,768,4601,1
IMDb-1k,test,179,5,965,443,1186,484,768,4448,1
IMDb-1k,test,45,5,1054,498,1398,568,768,5146,1
IMDb-1k,test,185,5,969,447,1219,494,768,4458,1
IMDb-1k,test,314,5,874,428,1188,495,768,4321,1
IMDb-1k,test,165,5,817,351,1041,387,768,3703,1
IMDb-1k,test,90,5,885,394,1172,427,768,4129,1
IMDb-1k,test,157,5,807,387,1018,423,768,3781,1
IMDb-1k,test,260,5,907,425,1302,484,768,4506,1
IMDb-1k,test,16,5,961,527,1314,613,768,5169,1
IMDb-1k,test,82,5,787,366,997,401,768,3689,1
IMDb-1k,test,132,5,748,346,900,378,768,3432,1
IMDb-1k,test,7,5,882,406,1096,457,768,4187,1
IMDb-1k,test,55,5,786,434,1041,482,768,4048,1
IMDb-1k,test,110,5,934,423,1235,483,768,4477,1
IMDb-1k,test,84,5,966,436,1309,514,768,4810,1
IMDb-1k,test,298,5,741,371,992,421,768,3715,1
IMDb-1k,test,294,5,965,382,1202,413,768,4251,1
IMDb-1k,test,116,5,901,475,1254,575,768,4869,1
IMDb-1k,test,78,5,789,367,1137,459,768,4029,1
IMDb-1k,test,244,5,760,383,967,441,768,3735,1
IMDb-1k,test,60,5,775,421,1041,485,768,4043,1
IMDb-1k,test,226,5,894,483,1232,553,768,4681,1
IMDb-1k,test,180,5,845,431,1130,482,768,4318,1
IMDb-1k,test,280,5,852,403,1116,462,768,4114,1
IMDb-1k,test,17,5,869,425,1151,479,768,4243,1
IMDb-1k,test,24,5,933,431,1294,493,768,4577,1
IMDb-1k,test,167,5,1130,546,1436,612,768,5522,1
IMDb-1k,test,227,5,942,459,1209,515,768,4461,1
IMDb-1k,test,240,5,921,451,1245,527,768,4681,1
IMDb-1k,test,275,5,761,378,1019,432,768,3808,1
IMDb-1k,test,148,5,938,409,1215,459,768,4343,1
IMDb-1k,test,113,5,966,471,1303,531,768,4797,1
IMDb-1k,test,144,5,768,388,1022,433,768,3753,1
IMDb-1k,test,312,5,948,416,1134,449,768,4235,1
IMDb-1k,test,118,5,760,390,1016,448,768,3880,1
IMDb-1k,test,177,5,889,448,1207,551,768,4609,1
IMDb-1k,test,79,5,773,317,1087,354,768,3354,1
IMDb-1k,test,332,5,758,418,1009,478,768,4030,1
IMDb-1k,test,119,5,811,413,1155,500,768,4396,1
IMDb-1k,test,281,5,907,480,1304,549,768,4737,1
IMDb-1k,test,31,5,826,391,1118,448,768,4020,1
IMDb-1k,test,232,5,808,417,1194,505,768,4441,1
IMDb-1k,test,254,5,811,474,1148,555,768,4451,1
IMDb-1k,test,155,5,946,497,1234,580,768,4816,1
IMDb-1k,test,268,5,827,439,1047,494,768,4086,1
IMDb-1k,test,108,5,752,403,1025,449,768,3937,1
IMDb-1k,test,146,5,953,378,1191,433,768,4155,1
IMDb-1k,test,59,5,762,439,1121,555,768,4503,1
IMDb-1k,test,327,5,820,440,1164,509,768,4391,1
IMDb-1k,test,15,5,766,365,1091,411,768,3769,1
IMDb-1k,test,6,5,949,397,1228,452,768,4192,1
IMDb-1k,test,231,5,924,361,1185,397,768,3913,1
IMDb-1k,test,210,5,774,392,1073,457,768,3987,1
IMDb-1k,test,93,5,820,362,1049,394,768,3844,1
IMDb-1k,test,30,5,746,384,1011,437,768,3749,1
IMDb-1k,test,22,5,771,408,982,468,768,3872,1
IMDb-1k,test,285,5,831,374,1088,418,768,3928,1
IMDb-1k,test,295,5,820,473,1174,546,768,4594,1
IMDb-1k,test,56,5,878,447,1096,498,768,4284,1
IMDb-1k,test,176,5,951,464,1214,519,768,4669,1
IMDb-1k,test,10,5,831,397,1094,458,768,4080,1
IMDb-1k,test,220,5,880,434,1156,495,768,4263,1
IMDb-1k,test,229,5,876,449,1241,540,768,4656,1
IMDb-1k,test,81,5,780,399,997,436,768,3844,1
IMDb-1k,test,168,5,965,444,1261,524,768,4664,1
IMDb-1k,test,39,5,940,434,1201,496,768,4576,1
IMDb-1k,test,237,5,771,380,995,417,768,3767,1
IMDb-1k,test,104,5,979,485,1282,564,768,5028,1
IMDb-1k,test,262,5,820,421,1173,490,768,4078,1
IMDb-1k,test,194,5,782,424,1031,491,768,4073,1
IMDb-1k,test,315,5,941,410,1205,465,768,4377,1
IMDb-1k,test,126,5,742,434,1016,509,768,4009,1
IMDb-1k,test,137,5,876,374,1090,410,768,3812,1
IMDb-1k,test,66,5,761,374,960,420,768,3608,1
IMDb-1k,test,211,5,880,455,1134,491,768,4387,1
IMDb-1k,test,18,5,922,425,1149,468,768,4362,1
IMDb-1k,test,197,5,859,361,1122,406,768,3984,1
IMDb-1k,test,250,5,810,368,1089,417,768,3907,1
IMDb-1k,test,152,5,803,368,965,393,768,3459,1
IMDb-1k,test,19,5,886,437,1130,491,768,4353,1
IMDb-1k,test,199,5,958,447,1170,501,768,4415,1
IMDb-1k,test,92,5,987,495,1323,590,768,5046,1
IMDb-1k,test,69,5,820,419,1074,506,768,4190,1
IMDb-1k,test,209,5,755,345,1017,389,768,3609,1
IMDb-1k,test,96,5,942,472,1331,551,768,4631,1
IMDb-1k,test,97,5,919,370,1170,428,768,4032,1
IMDb-1k,test,245,5,849,434,1043,483,768,4045,1
IMDb-1k,test,68,5,820,369,1058,407,768,3771,1
IMDb-1k,test,23,5,810,353,998,393,768,3623,1
IMDb-1k,test,37,5,916,419,1183,454,768,4286,1
IMDb-1k,test,248,5,887,417,1083,464,768,4116,1
IMDb-1k,test,67,5,901,421,1164,470,768,4250,1
IMDb-1k,test,267,5,902,425,1090,472,768,4184,1
IMDb-1k,test,145,5,972,421,1356,477,768,4697,1
IMDb-1k,test,125,5,824,386,1051,448,768,3894,1
IMDb-1k,test,175,5,933,419,1189,468,768,4286,1
IMDb-1k,test,86,5,860,403,1084,450,768,4076,1
IMDb-1k,test,283,5,854,452,1137,522,768,4320,1
IMDb-1k,test,153,5,965,457,1315,556,768,4814,1
IMDb-1k,test,284,5,867,425,1089,484,768,4254,1
IMDb-1k,test,321,5,764,332,952,370,768,3408,1
IMDb-1k,test,253,5,961,480,1404,554,768,4906,1
IMDb-1k,test,163,5,789,405,987,429,768,3807,1
Ohsumed,train,655,5,306,155,480,185,768,1511,1
Ohsumed,train,862,5,175,83,276,110,768,890,1
Ohsumed,train,365,5,176,106,220,131,768,917,1
Ohsumed,train,2423,5,174,90,264,118,768,904,1
Ohsumed,train,1514,5,270,138,392,185,768,1409,1
Ohsumed,train,175,5,178,96,233,115,768,869,1
Ohsumed,train,620,5,227,128,352,174,768,1286,1
Ohsumed,train,1410,5,70,56,102,76,768,456,1
Ohsumed,train,1411,5,219,135,305,173,768,1265,1
Ohsumed,train,1861,5,226,122,454,176,768,1430,1
Ohsumed,train,1748,5,166,92,359,157,768,1151,1
Ohsumed,train,170,5,246,133,413,181,768,1387,1
Ohsumed,train,282,5,223,128,343,157,768,1215,1
Ohsumed,train,2175,5,159,91,281,138,768,1052,1
Ohsumed,train,1505,5,138,85,210,111,768,787,1
Ohsumed,train,1865,5,169,108,285,156,768,1140,1
Ohsumed,train,233,5,221,126,346,170,768,1300,1
Ohsumed,train,926,5,198,110,323,153,768,1115,1
Ohsumed,train,1513,5,242,130,417,172,768,1356,1
Ohsumed,train,969,5,215,97,329,138,768,1084,1
Ohsumed,train,1772,5,299,146,517,215,768,1679,1
Ohsumed,train,2138,5,209,124,362,173,768,1291,1
Ohsumed,train,605,5,168,96,204,111,768,823,1
Ohsumed,train,124,5,205,99,355,135,768,1015,1
Ohsumed,train,450,5,227,125,400,195,768,1443,1
Ohsumed,train,1011,5,113,79,190,124,768,782,1
Ohsumed,train,324,5,214,117,300,170,768,1202,1
Ohsumed,train,1717,5,152,92,206,113,768,817,1
Ohsumed,train,1361,5,119,56,168,73,768,515,1
Ohsumed,train,1477,5,147,79,298,120,768,916,1
Ohsumed,train,879,5,227,132,370,188,768,1380,1
Ohsumed,train,387,5,210,108,312,144,768,1100,1
Ohsumed,train,2092,5,117,74,148,86,768,618,1
Ohsumed,train,1894,5,203,119,310,156,768,1168,1
Ohsumed,train,1273,5,183,121,302,158,768,1138,1
Ohsumed,train,436,5,408,170,723,243,768,2151,1
Ohsumed,train,719,5,214,119,358,168,768,1272,1
Ohsumed,train,1053,5,75,53,118,71,768,457,1
Ohsumed,train,2330,5,278,126,411,170,768,1376,1
Ohsumed,train,2126,5,82,55,142,80,768,486,1
Ohsumed,train,1087,5,165,96,242,126,768,904,1
Ohsumed,train,188,5,217,121,284,139,768,1067,1
Ohsumed,train,1480,5,121,68,230,109,768,797,1
Ohsumed,train,2380,5,237,145,342,174,768,1266,1
Ohsumed,train,1578,5,214,112,375,169,768,1335,1
Ohsumed,train,289,5,242,131,355,168,768,1264,1
Ohsumed,train,1047,5,147,89,184,101,768,707,1
Ohsumed,train,506,5,215,143,354,199,768,1369,1
Ohsumed,train,1831,5,177,81,229,97,768,787,1
Ohsumed,train,1360,5,182,100,274,149,768,1061,1
Ohsumed,train,211,5,202,113,348,183,768,1295,1
Ohsumed,train,1939,5,286,158,411,185,768,1503,1
Ohsumed,train,422,5,307,132,410,159,768,1315,1
Ohsumed,train,1317,5,124,77,268,127,768,811,1
Ohsumed,train,748,5,221,120,341,182,768,1334,1
Ohsumed,train,1228,5,49,36,90,60,768,354,1
Ohsumed,train,2349,5,253,107,382,138,768,1128,1
Ohsumed,train,1044,5,109,66,169,84,768,602,1
Ohsumed,train,32,5,242,128,363,171,768,1297,1
Ohsumed,train,2212,5,122,79,161,98,768,658,1
Ohsumed,train,2492,5,251,120,441,179,768,1385,1
Ohsumed,train,788,5,182,126,281,162,768,1176,1
Ohsumed,train,270,5,263,101,338,128,768,1014,1
Ohsumed,train,1058,5,131,82,213,114,768,782,1
Ohsumed,train,93,5,102,68,173,105,768,683,1
Ohsumed,train,611,5,190,101,287,125,768,977,1
Ohsumed,train,678,5,248,121,515,173,768,1389,1
Ohsumed,train,1829,5,259,136,432,177,768,1457,1
Ohsumed,train,1097,5,261,136,462,191,768,1503,1
Ohsumed,train,2484,5,116,73,166,94,768,642,1
Ohsumed,train,2025,5,232,140,370,202,768,1460,1
Ohsumed,train,354,5,217,117,403,173,768,1359,1
Ohsumed,train,693,5,194,98,330,149,768,1113,1
Ohsumed,train,1391,5,94,69,143,96,768,582,1
Ohsumed,train,802,5,173,93,514,145,768,1231,1
Ohsumed,train,1114,5,143,88,225,117,768,835,1
Ohsumed,train,1269,5,356,158,664,202,768,1854,1
Ohsumed,train,2261,5,209,109,289,138,768,1082,1
Ohsumed,train,402,5,257,131,354,158,768,1316,1
Ohsumed,train,1501,5,245,144,430,207,768,1601,1
Ohsumed,train,1293,5,217,117,364,179,768,1285,1
Ohsumed,train,937,5,169,84,259,111,768,885,1
Ohsumed,train,498,5,170,88,244,125,768,909,1
Ohsumed,train,1509,5,99,72,125,84,768,538,1
Ohsumed,train,2672,5,80,52,100,58,768,384,1
Ohsumed,train,1980,5,142,95,206,125,768,843,1
Ohsumed,train,1908,5,254,140,525,186,768,1476,1
Ohsumed,train,1211,5,169,80,259,107,768,787,1
Ohsumed,train,2339,5,411,162,602,212,768,1808,1
Ohsumed,train,881,5,248,136,397,201,768,1531,1
Ohsumed,train,70,5,184,103,282,142,768,1008,1
Ohsumed,train,557,5,226,115,339,163,768,1209,1
Ohsumed,train,1834,5,245,105,314,138,768,1072,1
Ohsumed,train,44,5,352,175,570,232,768,1860,1
Ohsumed,train,56,5,190,101,233,115,768,851,1
Ohsumed,train,298,5,51,38,71,50,768,296,1
Ohsumed,train,1271,5,158,87,319,136,768,1004,1
Ohsumed,train,471,5,325,173,482,216,768,1768,1
Ohsumed,train,407,5,253,115,384,155,768,1225,1
Ohsumed,train,73,5,143,74,201,97,768,709,1
Ohsumed,train,1186,5,79,60,114,73,768,453,1
Ohsumed,train,1286,5,156,82,249,119,768,877,1
Ohsumed,train,1983,5,217,119,352,165,768,1217,1
Ohsumed,train,1951,5,192,106,363,153,768,1171,1
Ohsumed,train,1116,5,225,126,359,164,768,1286,1
Ohsumed,train,1508,5,211,116,369,169,768,1293,1
Ohsumed,train,2587,5,75,50,87,56,768,358,1
Ohsumed,train,890,5,79,56,115,77,768,475,1
Ohsumed,train,1530,5,234,139,389,187,768,1469,1
Ohsumed,train,1488,5,180,105,276,152,768,1058,1
Ohsumed,train,1313,5,87,64,136,92,768,554,1
Ohsumed,train,2674,5,256,138,375,182,768,1350,1
Ohsumed,train,1423,5,124,70,155,84,768,580,1
Ohsumed,train,1207,5,124,75,190,109,768,745,1
Ohsumed,train,432,5,212,106,279,134,768,1012,1
Ohsumed,train,2603,5,71,51,91,65,768,403,1
Ohsumed,train,420,5,382,179,574,232,768,2036,1
Ohsumed,train,929,5,260,130,452,174,768,1492,1
Ohsumed,train,196,5,175,83,274,113,768,933,1
Ohsumed,train,2641,5,111,64,201,100,768,674,1
Ohsumed,train,1230,5,194,129,310,177,768,1253,1
Ohsumed,train,1272,5,211,104,341,152,768,1168,1
Ohsumed,train,2189,5,194,97,314,140,768,1114,1
Ohsumed,train,1037,5,94,59,119,69,768,457,1
Ohsumed,train,2665,5,158,89,259,122,768,890,1
Ohsumed,train,2275,5,169,91,288,131,768,943,1
Ohsumed,train,840,5,136,68,218,84,768,674,1
Ohsumed,train,509,5,130,75,181,92,768,640,1
Ohsumed,train,2083,5,84,63,146,95,768,589,1
Ohsumed,train,1192,5,241,123,444,190,768,1404,1
Ohsumed,train,2201,5,228,111,358,160,768,1278,1
Ohsumed,train,544,5,200,112,304,149,768,1059,1
Ohsumed,train,2367,5,203,117,340,163,768,1249,1
Ohsumed,train,1889,5,117,70,186,106,768,738,1
Ohsumed,train,2234,5,182,113,341,153,768,1191,1
Ohsumed,train,1868,5,223,118,418,184,768,1398,1
Ohsumed,train,528,5,256,133,389,167,768,1335,1
Ohsumed,train,1229,5,186,91,283,123,768,945,1
Ohsumed,train,1850,5,131,84,183,109,768,717,1
Ohsumed,train,2426,5,168,109,216,132,768,900,1
Ohsumed,train,1370,5,177,126,298,184,768,1206,1
Ohsumed,train,1336,5,170,94,315,129,768,1007,1
Ohsumed,train,63,5,236,108,291,130,768,1002,1
Ohsumed,train,1405,5,180,102,266,139,768,995,1
Ohsumed,train,1738,5,168,55,224,72,768,584,1
Ohsumed,train,790,5,366,168,592,223,768,1861,1
Ohsumed,train,2592,5,44,36,68,47,768,267,1
Ohsumed,train,2681,5,216,118,378,167,768,1307,1
Ohsumed,train,819,5,80,58,128,88,768,524,1
Ohsumed,train,1091,5,360,121,478,154,768,1378,1
Ohsumed,validation,361,5,160,90,253,121,768,877,1
Ohsumed,validation,158,5,68,54,105,76,768,460,1
Ohsumed,validation,481,5,185,95,293,132,768,1034,1
Ohsumed,validation,639,5,202,105,283,134,768,1016,1
Ohsumed,validation,275,5,160,98,290,138,768,992,1
Ohsumed,validation,362,5,91,69,147,98,768,606,1
Ohsumed,validation,310,5,111,71,176,96,768,652,1
Ohsumed,validation,199,5,129,83,191,99,768,729,1
Ohsumed,validation,544,5,243,121,382,160,768,1210,1
Ohsumed,validation,90,5,120,72,164,91,768,645,1
Ohsumed,validation,81,5,78,61,120,89,768,527,1
Ohsumed,validation,264,5,241,134,394,189,768,1421,1
Ohsumed,validation,354,5,100,75,150,103,768,637,1
Ohsumed,validation,221,5,330,157,436,185,768,1443,1
Ohsumed,validation,211,5,179,115,297,170,768,1206,1
Ohsumed,validation,63,5,157,89,246,125,768,885,1
Ohsumed,validation,54,5,222,102,293,126,768,1020,1
Ohsumed,validation,602,5,104,70,156,93,768,641,1
Ohsumed,validation,299,5,292,89,576,139,768,1261,1
Ohsumed,validation,155,5,191,91,289,127,768,975,1
Ohsumed,validation,109,5,324,154,446,185,768,1589,1
Ohsumed,validation,611,5,119,78,151,92,768,644,1
Ohsumed,validation,360,5,64,47,101,65,768,417,1
Ohsumed,validation,334,5,85,61,150,95,768,595,1
Ohsumed,validation,635,5,132,88,176,106,768,716,1
Ohsumed,validation,479,5,205,112,296,131,768,1013,1
Ohsumed,validation,256,5,148,93,202,117,768,789,1
Ohsumed,validation,652,5,125,76,187,103,768,685,1
Ohsumed,validation,443,5,301,157,496,205,768,1675,1
Ohsumed,validation,76,5,180,106,222,128,768,914,1
Ohsumed,validation,436,5,144,93,196,116,768,786,1
Ohsumed,validation,604,5,251,123,456,174,768,1448,1
Ohsumed,validation,642,5,161,87,275,137,768,999,1
Ohsumed,validation,135,5,264,129,323,142,768,1120,1
Ohsumed,validation,136,5,183,109,280,145,768,1051,1
Ohsumed,validation,101,5,193,119,362,194,768,1398,1
Ohsumed,validation,72,5,115,78,215,134,768,866,1
Ohsumed,validation,289,5,222,118,316,158,768,1142,1
Ohsumed,validation,10,5,223,97,285,120,768,954,1
Ohsumed,validation,659,5,196,101,353,152,768,1198,1
Ohsumed,validation,580,5,127,74,167,91,768,647,1
Ohsumed,validation,319,5,178,110,304,135,768,955,1
Ohsumed,validation,31,5,236,120,330,161,768,1241,1
Ohsumed,validation,393,5,235,128,363,159,768,1297,1
Ohsumed,validation,558,5,224,125,350,170,768,1236,1
Ohsumed,validation,467,5,209,100,343,139,768,1063,1
Ohsumed,validation,626,5,202,99,285,123,768,1017,1
Ohsumed,validation,118,5,218,128,305,157,768,1183,1
Ohsumed,validation,55,5,146,78,248,116,768,832,1
Ohsumed,validation,257,5,105,83,165,109,768,683,1
Ohsumed,validation,596,5,142,90,217,132,768,858,1
Ohsumed,validation,346,5,99,62,138,81,768,543,1
Ohsumed,validation,77,5,298,152,472,206,768,1628,1
Ohsumed,validation,572,5,130,86,154,93,768,639,1
Ohsumed,validation,78,5,161,100,227,121,768,905,1
Ohsumed,validation,641,5,145,81,221,111,768,815,1
Ohsumed,validation,557,5,273,130,429,171,768,1407,1
Ohsumed,validation,336,5,136,81,204,111,768,749,1
Ohsumed,validation,352,5,247,127,410,187,768,1443,1
Ohsumed,validation,181,5,156,92,263,125,768,915,1
Ohsumed,validation,164,5,201,117,423,185,768,1307,1
Ohsumed,validation,120,5,154,85,217,116,768,876,1
Ohsumed,validation,2,5,44,35,75,54,768,298,1
Ohsumed,validation,165,5,176,103,274,130,768,1014,1
Ohsumed,validation,482,5,126,58,191,75,768,541,1
Ohsumed,validation,667,5,158,89,246,117,768,841,1
Ohsumed,validation,629,5,306,129,487,169,768,1497,1
Ohsumed,validation,300,5,299,141,495,196,768,1572,1
Ohsumed,validation,60,5,260,133,429,203,768,1565,1
Ohsumed,validation,133,5,281,106,566,153,768,1395,1
Ohsumed,validation,30,5,208,121,249,138,768,1012,1
Ohsumed,validation,69,5,227,85,290,109,768,921,1
Ohsumed,validation,292,5,200,119,306,164,768,1172,1
Ohsumed,validation,395,5,244,124,364,164,768,1272,1
Ohsumed,validation,44,5,134,85,216,118,768,786,1
Ohsumed,validation,70,5,298,133,545,187,768,1533,1
Ohsumed,validation,338,5,62,52,111,82,768,474,1
Ohsumed,validation,182,5,59,51,108,77,768,449,1
Ohsumed,validation,500,5,167,59,277,92,768,808,1
Ohsumed,validation,658,5,58,40,97,63,768,375,1
Ohsumed,validation,452,5,331,155,453,188,768,1600,1
Ohsumed,validation,176,5,174,106,278,140,768,972,1
Ohsumed,validation,538,5,81,51,129,69,768,459,1
Ohsumed,validation,65,5,262,131,475,198,768,1506,1
Ohsumed,validation,619,5,241,124,417,170,768,1342,1
Ohsumed,validation,49,5,172,118,269,172,768,1132,1
Ohsumed,validation,148,5,174,107,226,134,768,924,1
Ohsumed,validation,367,5,181,120,254,148,768,1020,1
Ohsumed,validation,39,5,168,98,249,128,768,912,1
Ohsumed,validation,512,5,172,103,243,128,768,918,1
Ohsumed,validation,306,5,59,39,83,54,768,344,1
Ohsumed,validation,6,5,196,109,309,151,768,1101,1
Ohsumed,validation,624,5,151,87,225,123,768,877,1
Ohsumed,validation,668,5,62,44,107,68,768,412,1
Ohsumed,validation,210,5,213,115,313,146,768,1100,1
Ohsumed,validation,437,5,156,91,209,116,768,818,1
Ohsumed,validation,131,5,176,83,255,106,768,796,1
Ohsumed,validation,331,5,312,169,444,211,768,1633,1
Ohsumed,validation,318,5,147,85,207,122,768,834,1
Ohsumed,validation,630,5,139,86,204,108,768,798,1
Ohsumed,validation,86,5,197,88,292,119,768,897,1
Ohsumed,validation,465,5,136,75,243,121,768,855,1
Ohsumed,validation,281,5,123,87,217,137,768,899,1
Ohsumed,validation,464,5,185,95,317,126,768,980,1
Ohsumed,validation,625,5,230,136,335,181,768,1295,1
Ohsumed,validation,478,5,161,74,217,99,768,717,1
Ohsumed,validation,473,5,249,130,382,174,768,1388,1
Ohsumed,validation,41,5,174,105,269,148,768,1086,1
Ohsumed,validation,192,5,52,40,74,49,768,305,1
Ohsumed,validation,108,5,143,77,164,84,768,620,1
Ohsumed,validation,456,5,215,117,412,174,768,1334,1
Ohsumed,validation,56,5,240,126,364,179,768,1335,1
Ohsumed,validation,311,5,224,119,472,178,768,1470,1
Ohsumed,validation,497,5,79,58,110,70,768,458,1
Ohsumed,validation,284,5,238,103,449,148,768,1282,1
Ohsumed,validation,132,5,64,48,97,66,768,400,1
Ohsumed,validation,220,5,223,143,385,204,768,1464,1
Ohsumed,validation,250,5,92,73,134,88,768,560,1
Ohsumed,validation,24,5,225,112,401,152,768,1210,1
Ohsumed,validation,208,5,210,102,341,136,768,1190,1
Ohsumed,validation,302,5,126,76,154,90,768,640,1
Ohsumed,validation,204,5,133,82,166,96,768,652,1
Ohsumed,validation,616,5,300,111,412,142,768,1202,1
Ohsumed,validation,483,5,243,110,391,152,768,1234,1
Ohsumed,validation,110,5,293,128,450,164,768,1332,1
Ohsumed,validation,278,5,154,73,304,112,768,844,1
Ohsumed,validation,82,5,176,102,278,136,768,974,1
Ohsumed,validation,51,5,238,113,377,154,768,1198,1
Ohsumed,validation,618,5,155,94,193,110,768,762,1
Ohsumed,validation,563,5,68,52,111,79,768,459,1
Ohsumed,validation,420,5,100,68,145,94,768,602,1
Ohsumed,validation,552,5,61,43,80,55,768,341,1
Ohsumed,validation,212,5,128,72,228,105,768,765,1
Ohsumed,validation,18,5,240,105,413,144,768,1308,1
Ohsumed,validation,235,5,268,113,354,138,768,1102,1
Ohsumed,validation,480,5,214,115,313,152,768,1080,1
Ohsumed,validation,605,5,232,124,388,183,768,1381,1
Ohsumed,validation,61,5,261,129,422,170,768,1346,1
Ohsumed,validation,145,5,104,69,163,99,768,619,1
Ohsumed,validation,353,5,260,135,429,186,768,1434,1
Ohsumed,validation,29,5,91,57,146,83,768,519,1
Ohsumed,validation,163,5,197,95,298,126,768,972,1
Ohsumed,validation,321,5,88,60,116,72,768,474,1
Ohsumed,validation,215,5,213,101,333,133,768,1021,1
Ohsumed,validation,655,5,169,89,204,102,768,808,1
Ohsumed,validation,405,5,358,148,578,193,768,1641,1
Ohsumed,validation,174,5,234,127,346,168,768,1232,1
Ohsumed,validation,431,5,214,116,344,170,768,1244,1
Ohsumed,validation,556,5,158,96,216,121,768,873,1
Ohsumed,validation,449,5,241,129,420,166,768,1284,1
Ohsumed,test,4004,5,237,126,354,165,768,1271,1
Ohsumed,test,149,5,198,103,334,149,768,1091,1
Ohsumed,test,2025,5,136,80,188,100,768,696,1
Ohsumed,test,2505,5,161,89,282,119,768,887,1
Ohsumed,test,3203,5,208,109,310,143,768,1067,1
Ohsumed,test,1811,5,241,111,482,171,768,1391,1
Ohsumed,test,2024,5,92,66,131,86,768,528,1
Ohsumed,test,2020,5,197,107,285,136,768,1054,1
Ohsumed,test,952,5,272,143,457,218,768,1726,1
Ohsumed,test,1041,5,294,142,400,184,768,1450,1
Ohsumed,test,1042,5,132,78,217,115,768,785,1
Ohsumed,test,2812,5,168,95,252,115,768,821,1
Ohsumed,test,790,5,116,85,176,115,768,739,1
Ohsumed,test,3086,5,182,101,269,135,768,975,1
Ohsumed,test,1556,5,273,161,426,198,768,1492,1
Ohsumed,test,3973,5,407,193,546,237,768,1977,1
Ohsumed,test,1487,5,259,129,466,178,768,1512,1
Ohsumed,test,2477,5,105,60,185,91,768,657,1
Ohsumed,test,670,5,215,124,269,143,768,1067,1
Ohsumed,test,990,5,125,75,192,115,768,751,1
Ohsumed,test,3825,5,146,82,258,118,768,888,1
Ohsumed,test,2763,5,262,124,514,189,768,1585,1
Ohsumed,test,2829,5,178,85,273,119,768,957,1
Ohsumed,test,1837,5,105,76,149,98,768,618,1
Ohsumed,test,3276,5,194,116,247,138,768,1012,1
Ohsumed,test,1511,5,264,124,405,162,768,1368,1
Ohsumed,test,2174,5,225,113,268,129,768,1025,1
Ohsumed,test,3946,5,44,34,54,37,768,217,1
Ohsumed,test,733,5,183,103,225,123,768,865,1
Ohsumed,test,838,5,215,102,405,161,768,1239,1
Ohsumed,test,4005,5,197,127,328,184,768,1272,1
Ohsumed,test,2484,5,204,111,333,160,768,1202,1
Ohsumed,test,2650,5,217,108,441,160,768,1246,1
Ohsumed,test,3532,5,135,86,236,138,768,934,1
Ohsumed,test,1017,5,225,133,322,169,768,1261,1
Ohsumed,test,1991,5,182,109,349,179,768,1311,1
Ohsumed,test,1754,5,88,54,111,62,768,416,1
Ohsumed,test,839,5,132,95,189,121,768,779,1
Ohsumed,test,2241,5,140,77,243,107,768,779,1
Ohsumed,test,1200,5,257,139,349,165,768,1269,1
Ohsumed,test,3257,5,206,117,301,154,768,1130,1
Ohsumed,test,1537,5,222,104,368,141,768,1165,1
Ohsumed,test,2903,5,186,91,292,127,768,965,1
Ohsumed,test,3651,5,174,98,274,139,768,1003,1
Ohsumed,test,1322,5,106,55,161,76,768,520,1
Ohsumed,test,1417,5,268,108,431,163,768,1313,1
Ohsumed,test,2159,5,143,94,230,127,768,897,1
Ohsumed,test,33,5,193,117,358,153,768,1105,1
Ohsumed,test,864,5,71,50,120,80,768,488,1
Ohsumed,test,3447,5,138,96,195,121,768,809,1
Ohsumed,test,2097,5,221,132,390,188,768,1438,1
Ohsumed,test,2285,5,217,108,342,128,768,1062,1
Ohsumed,test,2053,5,244,103,325,139,768,1119,1
Ohsumed,test,1953,5,135,72,206,100,768,766,1
Ohsumed,test,3829,5,177,101,242,130,768,928,1
Ohsumed,test,2784,5,101,68,191,111,768,721,1
Ohsumed,test,3089,5,185,112,288,150,768,1092,1
Ohsumed,test,3873,5,186,82,297,109,768,907,1
Ohsumed,test,764,5,231,133,417,181,768,1433,1
Ohsumed,test,2002,5,184,108,271,147,768,1079,1
Ohsumed,test,3936,5,215,121,338,168,768,1272,1
Ohsumed,test,166,5,125,71,166,87,768,621,1
Ohsumed,test,3930,5,144,93,200,116,768,798,1
Ohsumed,test,3514,5,142,80,215,103,768,733,1
Ohsumed,test,2522,5,78,61,140,100,768,600,1
Ohsumed,test,1467,5,209,113,383,179,768,1295,1
Ohsumed,test,3783,5,209,107,370,157,768,1197,1
Ohsumed,test,1987,5,376,181,571,253,768,1973,1
Ohsumed,test,457,5,268,153,416,196,768,1462,1
Ohsumed,test,3707,5,130,76,196,103,768,697,1
Ohsumed,test,3271,5,136,91,187,113,768,775,1
Ohsumed,test,1288,5,41,32,62,43,768,251,1
Ohsumed,test,511,5,154,79,217,104,768,738,1
Ohsumed,test,3390,5,252,144,383,187,768,1367,1
Ohsumed,test,3389,5,220,116,327,164,768,1224,1
Ohsumed,test,1747,5,183,103,275,137,768,1017,1
Ohsumed,test,2656,5,272,112,401,153,768,1227,1
Ohsumed,test,1068,5,127,71,204,106,768,744,1
Ohsumed,test,305,5,293,152,369,169,768,1313,1
Ohsumed,test,3596,5,127,85,165,100,768,658,1
Ohsumed,test,1258,5,193,115,271,143,768,1037,1
Ohsumed,test,1910,5,214,131,334,180,768,1228,1
Ohsumed,test,70,5,119,69,220,104,768,752,1
Ohsumed,test,2487,5,254,122,447,170,768,1412,1
Ohsumed,test,2310,5,373,207,624,273,768,2217,1
Ohsumed,test,3887,5,183,110,296,158,768,1140,1
Ohsumed,test,1263,5,268,137,440,187,768,1511,1
Ohsumed,test,1602,5,200,115,299,150,768,1126,1
Ohsumed,test,14,5,62,39,109,58,768,356,1
Ohsumed,test,2667,5,155,89,259,134,768,986,1
Ohsumed,test,3462,5,190,112,353,150,768,1210,1
Ohsumed,test,3138,5,238,126,409,179,768,1389,1
Ohsumed,test,2697,5,181,101,340,143,768,1131,1
Ohsumed,test,2369,5,133,78,218,117,768,817,1
Ohsumed,test,8,5,352,137,738,219,768,1933,1
Ohsumed,test,109,5,242,140,467,205,768,1579,1
Ohsumed,test,471,5,186,104,267,133,768,979,1
Ohsumed,test,907,5,103,68,148,87,768,601,1
Ohsumed,test,2114,5,321,159,465,212,768,1604,1
Ohsumed,test,2668,5,101,69,155,97,768,585,1
Ohsumed,test,1084,5,255,125,412,162,768,1282,1
Ohsumed,test,1666,5,344,183,563,252,768,2074,1
Ohsumed,test,1749,5,136,88,212,125,768,843,1
Ohsumed,test,829,5,76,59,111,81,768,481,1
Ohsumed,test,3028,5,178,78,260,106,768,856,1
Ohsumed,test,2113,5,128,85,188,106,768,724,1
Ohsumed,test,1057,5,268,141,542,209,768,1663,1
Ohsumed,test,184,5,236,121,281,132,768,1062,1
Ohsumed,test,810,5,158,84,240,107,768,815,1
Ohsumed,test,1192,5,220,114,348,149,768,1191,1
Ohsumed,test,2886,5,202,108,252,125,768,981,1
Ohsumed,test,2400,5,153,94,234,131,768,897,1
Ohsumed,test,2753,5,126,81,158,94,768,644,1
Ohsumed,test,888,5,58,41,97,59,768,347,1
Ohsumed,test,3077,5,103,72,160,98,768,638,1
Ohsumed,test,2091,5,236,112,334,142,768,1098,1
Ohsumed,test,196,5,64,48,107,73,768,433,1
Ohsumed,test,96,5,76,54,145,83,768,531,1
Ohsumed,test,3996,5,181,102,255,128,768,920,1
Ohsumed,test,2694,5,209,118,345,167,768,1241,1
Ohsumed,test,3282,5,167,94,205,107,768,761,1
Ohsumed,test,1027,5,165,97,253,129,768,915,1
Ohsumed,test,1839,5,236,149,344,189,768,1355,1
Ohsumed,test,555,5,73,57,111,76,768,468,1
Ohsumed,test,976,5,142,104,189,130,768,828,1
Ohsumed,test,318,5,194,97,324,132,768,992,1
Ohsumed,test,3540,5,222,129,290,157,768,1137,1
Ohsumed,test,3319,5,93,61,174,96,768,642,1
Ohsumed,test,1174,5,195,111,297,155,768,1081,1
Ohsumed,test,1074,5,252,128,325,148,768,1186,1
Ohsumed,test,3911,5,171,97,335,144,768,1144,1
Ohsumed,test,1717,5,200,103,318,140,768,1050,1
Ohsumed,test,807,5,216,130,349,179,768,1309,1
Ohsumed,test,2775,5,121,80,186,114,768,744,1
Ohsumed,test,1233,5,248,129,316,152,768,1184,1
Ohsumed,test,2691,5,280,133,357,152,768,1272,1
Ohsumed,test,32,5,111,76,190,114,768,752,1
Ohsumed,test,1545,5,151,100,220,127,768,911,1
Ohsumed,test,2366,5,261,132,349,164,768,1230,1
Ohsumed,test,1022,5,74,54,103,71,768,417,1
Ohsumed,test,1055,5,209,124,329,181,768,1297,1
Ohsumed,test,3181,5,204,107,309,143,768,1101,1
Ohsumed,test,414,5,134,75,227,115,768,799,1
Ohsumed,test,642,5,81,53,107,67,768,435,1
Ohsumed,test,229,5,122,79,169,102,768,668,1
Ohsumed,test,3580,5,112,79,185,115,768,767,1
Ohsumed,test,2955,5,227,126,350,170,768,1288,1
Ohsumed,test,3567,5,116,77,170,101,768,669,1
Ohsumed,test,3438,5,118,68,207,99,768,683,1
Ohsumed,test,999,5,228,138,352,190,768,1360,1
R8,train,3809,5,18,13,37,22,768,130,1
R8,train,149,5,38,32,51,38,768,218,1
R8,train,3123,5,37,21,74,35,768,235,1
R8,train,3367,5,102,39,136,53,768,389,1
R8,train,3196,5,95,66,135,82,768,558,1
R8,train,3210,5,73,53,99,63,768,395,1
R8,train,1295,5,28,20,54,32,768,198,1
R8,train,2383,5,97,63,124,74,768,498,1
R8,train,4015,5,56,42,80,55,768,339,1
R8,train,2951,5,272,144,362,164,768,1356,1
R8,train,3534,5,72,57,94,67,768,407,1
R8,train,3656,5,95,66,119,79,768,507,1
R8,train,705,5,100,70,162,97,768,649,1
R8,train,1829,5,339,195,450,229,768,1757,1
R8,train,3280,5,701,325,967,377,768,3397,1
R8,train,2453,5,52,26,111,42,768,322,1
R8,train,3927,5,82,41,115,51,768,389,1
R8,train,196,5,71,53,108,70,768,438,1
R8,train,733,5,110,47,197,67,768,529,1
R8,train,1783,5,14,12,20,15,768,71,1
R8,train,2411,5,84,62,114,72,768,454,1
R8,train,755,5,202,87,279,113,768,911,1
R8,train,1421,5,82,49,124,66,768,466,1
R8,train,1833,5,136,92,199,122,768,812,1
R8,train,2686,5,292,164,365,184,768,1448,1
R8,train,1756,5,435,222,571,260,768,2170,1
R8,train,3208,5,107,79,131,92,768,570,1
R8,train,3130,5,225,136,298,167,768,1229,1
R8,train,731,5,391,184,470,206,768,1746,1
R8,train,2456,5,88,69,125,90,768,546,1
R8,train,1777,5,82,47,146,66,768,478,1
R8,train,2396,5,97,54,174,77,768,559,1
R8,train,4033,5,479,253,618,290,768,2392,1
R8,train,790,5,18,13,35,22,768,130,1
R8,train,888,5,75,49,129,68,768,462,1
R8,train,3560,5,14,11,19,13,768,65,1
R8,train,229,5,18,13,35,23,768,133,1
R8,train,3083,5,176,87,278,108,768,878,1
R8,train,2223,5,14,12,20,15,768,71,1
R8,train,2754,5,49,33,83,44,768,292,1
R8,train,871,5,14,12,20,15,768,71,1
R8,train,3361,5,625,308,832,357,768,3129,1
R8,train,2884,5,158,95,195,111,768,801,1
R8,train,2475,5,13,11,20,15,768,71,1
R8,train,2685,5,14,11,20,14,768,66,1
R8,train,810,5,52,27,110,43,768,305,1
R8,train,1947,5,109,77,139,89,768,569,1
R8,train,33,5,53,30,105,48,768,324,1
R8,train,555,5,18,15,38,26,768,148,1
R8,train,2611,5,95,66,130,86,768,542,1
R8,train,1034,5,70,49,90,60,768,382,1
R8,train,576,5,302,153,381,179,768,1475,1
R8,train,2573,5,274,134,396,159,768,1389,1
R8,train,3131,5,61,47,76,53,768,327,1
R8,train,1729,5,61,45,81,57,768,335,1
R8,train,1272,5,12,9,27,16,768,84,1
R8,train,1590,5,128,60,200,81,768,593,1
R8,train,1313,5,221,111,291,131,768,1049,1
R8,train,1467,5,89,60,122,72,768,482,1
R8,train,2592,5,192,100,234,116,768,890,1
R8,train,3973,5,60,45,76,54,768,326,1
R8,train,166,5,44,25,76,37,768,265,1
R8,train,1413,5,243,142,321,163,768,1259,1
R8,train,1552,5,46,20,106,35,768,275,1
R8,train,1941,5,80,48,134,64,768,466,1
R8,train,2447,5,51,35,90,50,768,320,1
R8,train,1811,5,117,77,144,85,768,575,1
R8,train,1818,5,139,69,265,94,768,736,1
R8,train,3878,5,24,16,54,29,768,185,1
R8,train,903,5,43,31,61,40,768,220,1
R8,train,3441,5,151,95,200,113,768,797,1
R8,train,1718,5,73,38,118,54,768,400,1
R8,train,2384,5,70,42,116,64,768,428,1
R8,train,2067,5,18,15,38,26,768,148,1
R8,train,2663,5,38,31,78,45,768,297,1
R8,train,680,5,60,46,82,55,768,341,1
R8,train,3815,5,14,11,22,15,768,75,1
R8,train,1211,5,216,101,357,129,768,1009,1
R8,train,3576,5,84,62,122,75,768,491,1
R8,train,1839,5,18,13,35,23,768,129,1
R8,train,3841,5,36,31,56,42,768,240,1
R8,train,3663,5,140,75,156,83,768,607,1
R8,train,70,5,12,10,28,18,768,90,1
R8,train,2409,5,61,43,99,61,768,403,1
R8,train,3169,5,69,51,99,63,768,413,1
R8,train,3077,5,63,33,118,51,768,343,1
R8,train,3794,5,55,36,71,40,768,278,1
R8,train,270,5,22,17,46,27,768,173,1
R8,train,14,5,21,17,40,28,768,160,1
R8,train,1592,5,83,65,107,77,768,465,1
R8,train,1835,5,37,20,70,34,768,218,1
R8,train,511,5,80,52,113,69,768,445,1
R8,train,729,5,39,32,70,50,768,290,1
R8,train,465,5,60,38,80,48,768,326,1
R8,train,8,5,20,20,33,27,768,141,1
R8,train,109,5,47,34,63,41,768,269,1
R8,train,2318,5,35,17,61,26,768,174,1
R8,train,4025,5,52,24,98,36,768,264,1
R8,train,1377,5,25,18,54,28,768,182,1
R8,train,3597,5,92,72,132,93,768,589,1
R8,train,817,5,13,11,20,15,768,71,1
R8,train,3709,5,36,30,51,39,768,221,1
R8,train,1662,5,59,34,108,52,768,376,1
R8,train,315,5,45,27,81,37,768,265,1
R8,train,3577,5,84,59,102,68,768,432,1
R8,train,2530,5,95,72,127,89,768,565,1
R8,train,211,5,63,31,102,45,768,327,1
R8,train,3279,5,295,157,366,175,768,1331,1
R8,train,1171,5,57,46,74,54,768,306,1
R8,train,1189,5,297,151,415,181,768,1497,1
R8,train,2880,5,399,201,507,232,768,1894,1
R8,train,3468,5,25,24,35,31,768,153,1
R8,train,2784,5,18,13,37,21,768,131,1
R8,train,670,5,302,171,399,199,768,1539,1
R8,train,402,5,84,70,111,83,768,487,1
R8,train,1537,5,93,58,112,66,768,450,1
R8,train,3580,5,60,37,103,54,768,348,1
R8,train,96,5,87,64,117,79,768,501,1
R8,train,802,5,95,61,128,78,768,532,1
R8,train,1411,5,102,72,152,89,768,589,1
R8,train,1511,5,38,28,51,35,768,191,1
R8,train,976,5,80,59,97,70,768,424,1
R8,train,2822,5,34,23,64,37,768,243,1
R8,train,1001,5,34,28,45,32,768,184,1
R8,train,551,5,83,64,112,79,768,495,1
R8,train,2924,5,39,26,52,32,768,200,1
R8,train,1192,5,55,37,95,51,768,329,1
R8,train,2164,5,47,39,67,50,768,290,1
R8,train,785,5,18,15,37,26,768,154,1
R8,train,1071,5,72,55,108,66,768,426,1
R8,train,864,5,99,62,145,74,768,506,1
R8,train,2921,5,93,48,196,71,768,535,1
R8,train,3277,5,73,55,112,72,768,464,1
R8,train,761,5,41,23,73,35,768,239,1
R8,train,318,5,195,85,285,109,768,921,1
R8,train,2118,5,69,43,110,64,768,410,1
R8,train,32,5,73,51,101,64,768,420,1
R8,train,599,5,52,41,76,53,768,309,1
R8,train,1593,5,78,46,144,67,768,453,1
R8,train,969,5,78,49,150,72,768,506,1
R8,train,2221,5,152,86,188,100,768,734,1
R8,train,354,5,279,138,413,165,768,1367,1
R8,train,2503,5,299,164,397,186,768,1446,1
R8,train,3861,5,234,115,300,135,768,1107,1
R8,train,1610,5,196,109,253,127,768,955,1
R8,train,3572,5,170,120,215,138,768,910,1
R8,train,1770,5,112,68,148,80,768,554,1
R8,train,1164,5,362,199,476,232,768,1822,1
R8,train,1393,5,82,56,122,76,768,488,1
R8,train,1840,5,38,21,76,36,768,238,1
R8,validation,628,5,57,41,82,56,768,346,1
R8,validation,631,5,39,35,58,48,768,258,1
R8,validation,741,5,47,31,64,37,768,241,1
R8,validation,514,5,187,119,255,141,768,1003,1
R8,validation,365,5,88,51,170,73,768,533,1
R8,validation,656,5,70,53,100,64,768,416,1
R8,validation,657,5,97,61,151,78,768,548,1
R8,validation,530,5,45,23,82,37,768,267,1
R8,validation,321,5,49,33,65,41,768,239,1
R8,validation,70,5,51,47,67,53,768,295,1
R8,validation,793,5,65,47,84,56,768,356,1
R8,validation,371,5,70,53,115,71,768,449,1
R8,validation,986,5,45,27,79,39,768,265,1
R8,validation,456,5,775,333,925,361,768,3365,1
R8,validation,247,5,39,34,50,40,768,216,1
R8,validation,757,5,78,56,129,71,768,481,1
R8,validation,751,5,187,105,257,127,768,977,1
R8,validation,983,5,256,156,355,177,768,1355,1
R8,validation,298,5,96,66,134,84,768,528,1
R8,validation,101,5,364,176,511,209,768,1843,1
R8,validation,1002,5,166,103,239,126,768,922,1
R8,validation,1000,5,13,10,21,15,768,71,1
R8,validation,213,5,80,41,142,57,768,419,1
R8,validation,237,5,59,47,87,59,768,351,1
R8,validation,594,5,93,68,119,83,768,515,1
R8,validation,281,5,218,119,288,138,768,1094,1
R8,validation,377,5,35,32,46,39,768,205,1
R8,validation,286,5,63,44,85,53,768,345,1
R8,validation,388,5,45,25,79,35,768,257,1
R8,validation,886,5,109,69,143,84,768,588,1
R8,validation,898,5,135,104,185,126,768,802,1
R8,validation,851,5,14,12,20,15,768,71,1
R8,validation,96,5,18,17,34,27,768,141,1
R8,validation,244,5,20,20,30,27,768,133,1
R8,validation,737,5,24,22,35,30,768,146,1
R8,validation,76,5,75,48,98,59,768,387,1
R8,validation,900,5,199,119,252,139,768,999,1
R8,validation,209,5,23,17,45,28,768,170,1
R8,validation,259,5,93,57,116,67,768,481,1
R8,validation,158,5,659,340,915,383,768,3295,1
R8,validation,495,5,27,23,50,38,768,212,1
R8,validation,527,5,84,46,169,67,768,495,1
R8,validation,331,5,264,154,357,176,768,1334,1
R8,validation,979,5,42,20,82,34,768,244,1
R8,validation,314,5,105,72,121,77,768,515,1
R8,validation,294,5,42,33,74,48,768,298,1
R8,validation,381,5,95,71,122,84,768,522,1
R8,validation,923,5,43,33,58,43,768,251,1
R8,validation,809,5,53,38,71,46,768,284,1
R8,validation,895,5,87,56,122,70,768,456,1
R8,validation,622,5,76,58,108,75,768,461,1
R8,validation,720,5,135,83,171,96,768,678,1
R8,validation,59,5,29,20,63,36,768,232,1
R8,validation,626,5,55,30,118,50,768,354,1
R8,validation,559,5,110,73,131,82,768,540,1
R8,validation,746,5,277,151,385,175,768,1423,1
R8,validation,380,5,93,67,119,80,768,508,1
R8,validation,54,5,55,44,79,54,768,320,1
R8,validation,23,5,244,109,313,128,768,1062,1
R8,validation,30,5,26,23,51,39,768,219,1
R8,validation,879,5,53,42,89,61,768,381,1
R8,validation,429,5,20,18,39,28,768,156,1
R8,validation,10,5,22,16,44,28,768,170,1
R8,validation,655,5,94,60,182,85,768,561,1
R8,validation,884,5,29,26,40,32,768,172,1
R8,validation,482,5,14,13,20,16,768,76,1
R8,validation,445,5,152,92,198,108,768,782,1
R8,validation,199,5,166,88,238,108,768,848,1
R8,validation,500,5,37,19,65,29,768,203,1
R8,validation,929,5,844,400,1147,454,768,3942,1
R8,validation,107,5,59,35,95,48,768,312,1
R8,validation,218,5,51,39,64,44,768,264,1
R8,validation,420,5,97,65,139,78,768,542,1
R8,validation,174,5,20,18,26,21,768,109,1
R8,validation,722,5,65,46,94,59,768,373,1
R8,validation,519,5,54,24,100,38,768,264,1
R8,validation,453,5,203,117,240,128,768,922,1
R8,validation,932,5,14,12,20,15,768,71,1
R8,validation,39,5,80,57,102,71,768,433,1
R8,validation,552,5,35,28,44,34,768,192,1
R8,validation,822,5,20,13,37,23,768,143,1
R8,validation,351,5,45,27,79,39,768,269,1
R8,validation,66,5,109,62,179,83,768,607,1
R8,validation,277,5,68,49,100,68,768,424,1
R8,validation,67,5,82,57,103,68,768,442,1
R8,validation,909,5,95,63,145,82,768,566,1
R8,validation,820,5,52,23,104,39,768,279,1
R8,validation,643,5,89,41,150,57,768,437,1
R8,validation,296,5,85,45,139,65,768,423,1
R8,validation,802,5,87,61,120,76,768,508,1
R8,validation,599,5,664,309,906,373,768,3343,1
R8,validation,950,5,84,56,112,68,768,456,1
R8,validation,557,5,44,32,77,47,768,307,1
R8,validation,423,5,45,27,72,38,768,266,1
R8,validation,759,5,339,202,419,219,768,1711,1
R8,validation,312,5,393,201,539,230,768,1892,1
R8,validation,184,5,27,18,54,31,768,191,1
R8,validation,332,5,227,139,300,161,768,1181,1
R8,validation,88,5,138,76,249,91,768,703,1
R8,validation,63,5,14,13,28,20,768,100,1
R8,validation,833,5,73,59,106,77,768,465,1
R8,validation,575,5,89,48,171,70,768,542,1
R8,validation,215,5,23,21,35,29,768,155,1
R8,validation,605,5,157,88,211,104,768,758,1
R8,validation,549,5,101,62,155,75,768,541,1
R8,validation,290,5,110,63,141,77,768,565,1
R8,validation,789,5,96,63,145,81,768,583,1
R8,validation,890,5,93,58,110,67,768,445,1
R8,validation,968,5,129,82,186,100,768,724,1
R8,validation,945,5,86,58,108,69,768,425,1
R8,validation,743,5,278,147,373,172,768,1406,1
R8,validation,682,5,244,131,344,165,768,1243,1
R8,validation,695,5,14,11,20,14,768,66,1
R8,validation,994,5,18,15,34,22,768,124,1
R8,validation,309,5,36,32,56,40,768,232,1
R8,validation,86,5,24,22,34,29,768,141,1
R8,validation,730,5,111,68,148,83,768,581,1
R8,validation,516,5,159,103,195,117,768,811,1
R8,validation,310,5,74,48,127,64,768,454,1
R8,validation,591,5,491,245,670,292,768,2430,1
R8,validation,136,5,49,42,66,50,768,280,1
R8,validation,874,5,40,28,53,33,768,205,1
R8,validation,465,5,43,35,76,49,768,295,1
R8,validation,852,5,28,21,51,33,768,191,1
R8,validation,261,5,235,151,319,172,768,1270,1
R8,validation,486,5,309,165,407,181,768,1441,1
R8,validation,168,5,84,54,121,62,768,438,1
R8,validation,954,5,76,45,136,66,768,458,1
R8,validation,447,5,79,52,104,61,768,389,1
R8,validation,139,5,88,59,116,73,768,485,1
R8,validation,684,5,106,71,175,98,768,688,1
R8,validation,665,5,54,38,70,42,768,262,1
R8,validation,882,5,90,54,140,76,768,478,1
R8,validation,440,5,549,252,712,284,768,2522,1
R8,validation,1004,5,38,34,55,46,768,246,1
R8,validation,532,5,45,38,68,51,768,299,1
R8,validation,55,5,40,32,75,47,768,291,1
R8,validation,120,5,44,36,70,46,768,286,1
R8,validation,529,5,70,42,101,50,768,344,1
R8,validation,25,5,79,43,136,60,768,466,1
R8,validation,72,5,280,163,359,185,768,1409,1
R8,validation,44,5,104,56,182,76,768,592,1
R8,validation,249,5,108,46,174,63,768,497,1
R8,validation,394,5,91,65,137,82,768,536,1
R8,validation,703,5,80,58,124,77,768,513,1
R8,validation,915,5,36,31,48,37,768,199,1
R8,validation,972,5,56,40,72,48,768,314,1
R8,validation,198,5,47,36,70,48,768,294,1
R8,validation,541,5,397,193,514,223,768,1825,1
R8,validation,355,5,217,122,274,138,768,1070,1
R8,test,1593,5,86,56,116,64,768,440,1
R8,test,526,5,38,21,84,37,768,263,1
R8,test,393,5,329,168,412,186,768,1528,1
R8,test,1403,5,79,55,116,71,768,449,1
R8,test,433,5,76,57,89,63,768,383,1
R8,test,576,5,30,19,53,28,768,186,1
R8,test,1087,5,173,99,235,120,768,908,1
R8,test,429,5,257,157,341,184,768,1358,1
R8,test,611,5,71,45,102,55,768,337,1
R8,test,530,5,52,26,112,42,768,330,1
R8,test,812,5,64,33,113,51,768,371,1
R8,test,1449,5,34,30,60,45,768,253,1
R8,test,651,5,95,53,149,71,768,567,1
R8,test,561,5,23,16,49,27,768,175,1
R8,test,1018,5,53,42,76,53,768,311,1
R8,test,710,5,13,9,22,13,768,75,1
R8,test,1125,5,314,184,448,223,768,1755,1
R8,test,124,5,96,66,113,72,768,472,1
R8,test,1769,5,14,11,21,15,768,71,1
R8,test,462,5,173,111,228,126,768,914,1
R8,test,879,5,59,41,72,48,768,298,1
R8,test,1027,5,57,39,82,54,768,332,1
R8,test,1375,5,42,26,81,41,768,271,1
R8,test,792,5,34,28,63,40,768,242,1
R8,test,1699,5,78,42,133,61,768,455,1
R8,test,1467,5,105,73,128,87,768,561,1
R8,test,1655,5,71,49,90,56,768,366,1
R8,test,538,5,44,27,88,40,768,286,1
R8,test,543,5,95,47,161,65,768,461,1
R8,test,1433,5,178,114,238,134,768,970,1
R8,test,1395,5,332,174,467,204,768,1718,1
R8,test,1704,5,146,100,191,119,768,801,1
R8,test,29,5,38,19,75,31,768,219,1
R8,test,1920,5,29,26,43,34,768,186,1
R8,test,1446,5,39,21,86,37,768,269,1
R8,test,807,5,41,29,55,35,768,219,1
R8,test,1444,5,95,62,121,75,768,499,1
R8,test,56,5,58,44,82,56,768,338,1
R8,test,519,5,91,59,104,64,768,424,1
R8,test,936,5,27,24,58,37,768,221,1
R8,test,1790,5,221,120,303,138,768,1090,1
R8,test,251,5,120,75,160,88,768,628,1
R8,test,99,5,101,68,144,83,768,563,1
R8,test,1548,5,99,67,166,88,768,618,1
R8,test,824,5,45,33,72,47,768,289,1
R8,test,298,5,18,15,37,24,768,146,1
R8,test,1551,5,24,20,40,28,768,146,1
R8,test,422,5,20,18,35,27,768,143,1
R8,test,1569,5,73,53,96,62,768,396,1
R8,test,1755,5,137,83,181,102,768,726,1
R8,test,1856,5,51,32,106,49,768,341,1
R8,test,764,5,26,16,53,29,768,187,1
R8,test,1599,5,33,23,55,35,768,205,1
R8,test,495,5,14,12,20,15,768,71,1
R8,test,1285,5,63,36,119,56,768,400,1
R8,test,985,5,79,49,146,73,768,513,1
R8,test,70,5,86,62,120,78,768,520,1
R8,test,275,5,65,51,84,61,768,361,1
R8,test,1050,5,30,28,43,35,768,187,1
R8,test,1946,5,37,20,65,30,768,198,1
R8,test,65,5,40,32,63,45,768,257,1
R8,test,585,5,70,44,109,58,768,376,1
R8,test,1106,5,82,29,161,49,768,365,1
R8,test,1987,5,60,40,75,48,768,310,1
R8,test,1228,5,71,39,125,53,768,387,1
R8,test,394,5,59,37,99,50,768,350,1
R8,test,990,5,29,20,53,30,768,194,1
R8,test,1491,5,14,11,20,14,768,66,1
R8,test,111,5,52,38,70,48,768,294,1
R8,test,352,5,101,77,120,83,768,517,1
R8,test,1132,5,251,132,307,150,768,1180,1
R8,test,1971,5,100,60,162,84,768,594,1
R8,test,674,5,68,47,83,54,768,346,1
R8,test,570,5,52,40,73,51,768,311,1
R8,test,921,5,258,131,362,160,768,1276,1
R8,test,1401,5,87,58,107,69,768,449,1
R8,test,1169,5,120,78,204,101,768,731,1
R8,test,1058,5,129,55,193,71,768,555,1
R8,test,1656,5,40,28,91,45,768,301,1
R8,test,411,5,71,38,118,55,768,397,1
R8,test,1440,5,30,19,56,31,768,201,1
R8,test,535,5,41,25,60,35,768,235,1
R8,test,1333,5,84,64,122,78,768,504,1
R8,test,1187,5,11,11,21,18,768,84,1
R8,test,998,5,269,141,334,157,768,1225,1
R8,test,69,5,19,15,42,27,768,151,1
R8,test,1185,5,60,45,78,50,768,316,1
R8,test,1447,5,217,134,275,151,768,1083,1
R8,test,744,5,25,21,49,31,768,183,1
R8,test,1366,5,87,64,124,83,768,523,1
R8,test,1736,5,44,24,81,37,768,269,1
R8,test,1511,5,19,12,42,19,768,129,1
R8,test,1007,5,22,16,36,22,768,140,1
R8,test,862,5,61,41,107,60,768,422,1
R8,test,588,5,246,136,357,158,768,1238,1
R8,test,720,5,226,132,294,153,768,1157,1
R8,test,1242,5,105,71,135,85,768,579,1
R8,test,1739,5,75,51,85,55,768,357,1
R8,test,1259,5,42,25,76,38,768,238,1
R8,test,1871,5,52,24,106,40,768,282,1
R8,test,1912,5,78,59,113,80,768,492,1
R8,test,1544,5,35,24,63,39,768,257,1
R8,test,1498,5,48,34,59,39,768,255,1
R8,test,926,5,75,56,131,73,768,463,1
R8,test,1940,5,171,126,239,148,768,1006,1
R8,test,1009,5,48,21,86,34,768,254,1
R8,test,486,5,125,55,215,77,768,573,1
R8,test,128,5,12,10,26,17,768,91,1
R8,test,1198,5,46,27,83,42,768,296,1
R8,test,1681,5,33,30,52,42,768,226,1
R8,test,1488,5,29,18,56,30,768,202,1
R8,test,1330,5,159,104,213,124,768,870,1
R8,test,1318,5,90,55,116,64,768,458,1
R8,test,361,5,51,38,71,46,768,278,1
R8,test,1840,5,53,39,75,49,768,307,1
R8,test,1882,5,84,61,120,77,768,499,1
R8,test,256,5,52,29,105,46,768,314,1
R8,test,1251,5,14,11,20,14,768,66,1
R8,test,1619,5,77,59,118,71,768,459,1
R8,test,544,5,25,15,53,27,768,179,1
R8,test,342,5,259,134,341,160,768,1296,1
R8,test,1943,5,75,42,123,54,768,386,1
R8,test,670,5,56,35,95,51,768,341,1
R8,test,1037,5,217,95,276,114,768,956,1
R8,test,1573,5,62,36,118,53,768,361,1
R8,test,1827,5,82,58,108,71,768,463,1
R8,test,307,5,38,20,77,36,768,256,1
R8,test,1244,5,417,222,560,253,768,2089,1
R8,test,765,5,116,75,165,90,768,644,1
R8,test,1283,5,21,16,38,26,768,156,1
R8,test,1299,5,66,38,126,57,768,427,1
R8,test,233,5,133,94,182,112,768,760,1
R8,test,231,5,25,17,50,28,768,184,1
R8,test,1807,5,95,65,133,80,768,548,1
R8,test,555,5,35,29,52,39,768,223,1
R8,test,1001,5,50,39,78,53,768,315,1
R8,test,887,5,45,26,89,40,768,294,1
R8,test,1360,5,59,34,131,52,768,370,1
R8,test,1600,5,40,32,78,49,768,299,1
R8,test,806,5,18,14,39,26,768,150,1
R8,test,715,5,64,39,93,52,768,336,1
R8,test,354,5,103,70,126,78,768,524,1
R8,test,1859,5,32,25,51,36,768,202,1
R8,test,1874,5,245,129,379,165,768,1357,1
R8,test,654,5,173,112,241,137,768,997,1
R8,test,305,5,25,16,50,27,768,163,1
R8,test,1041,5,57,44,82,58,768,340,1
R8,test,1674,5,111,50,193,67,768,539,1
R8,test,1963,5,75,55,95,64,768,404,1
R8,test,780,5,50,39,69,47,768,287,1
SST-2,train,468,5,20,18,34,27,768,143,1
SST-2,train,1956,5,10,10,18,16,768,74,1
SST-2,train,800,5,23,22,38,32,768,166,1
SST-2,train,6474,5,6,6,12,10,768,44,1
SST-2,train,2389,5,25,24,34,28,768,148,1
SST-2,train,2647,5,22,19,28,22,768,116,1
SST-2,train,5782,5,7,7,13,11,768,49,1
SST-2,train,1729,5,19,16,23,18,768,92,1
SST-2,train,5933,5,6,6,10,8,768,34,1
SST-2,train,6558,5,7,7,26,16,768,90,1
SST-2,train,592,5,21,20,28,25,768,119,1
SST-2,train,1867,5,21,20,28,25,768,123,1
SST-2,train,3550,5,25,23,40,31,768,165,1
SST-2,train,1732,5,22,20,26,22,768,110,1
SST-2,train,3543,5,27,23,36,30,768,160,1
SST-2,train,3185,5,10,10,19,16,768,76,1
SST-2,train,2115,5,5,5,10,8,768,34,1
SST-2,train,3796,5,11,11,26,23,768,107,1
SST-2,train,3410,5,20,19,34,29,768,151,1
SST-2,train,4231,5,16,14,25,21,768,101,1
SST-2,train,2057,5,12,12,19,17,768,79,1
SST-2,train,6819,5,15,15,20,18,768,84,1
SST-2,train,3832,5,13,12,18,15,768,73,1
SST-2,train,4803,5,4,4,7,5,768,19,1
SST-2,train,3168,5,16,16,28,26,768,124,1
SST-2,train,2114,5,38,35,52,43,768,225,1
SST-2,train,3312,5,4,4,9,7,768,29,1
SST-2,train,6501,5,26,23,37,28,768,154,1
SST-2,train,4656,5,12,12,28,23,768,115,1
SST-2,train,1488,5,5,5,18,14,768,70,1
SST-2,train,4958,5,20,19,28,24,768,118,1
SST-2,train,4570,5,22,21,30,26,768,130,1
SST-2,train,6814,5,7,7,10,8,768,34,1
SST-2,train,3589,5,15,15,21,18,768,88,1
SST-2,train,5604,5,11,11,18,15,768,69,1
SST-2,train,3176,5,17,17,27,25,768,119,1
SST-2,train,5272,5,14,13,19,16,768,78,1
SST-2,train,3433,5,25,24,37,34,768,168,1
SST-2,train,3362,5,4,4,9,7,768,29,1
SST-2,train,585,5,20,19,29,26,768,128,1
SST-2,train,6174,5,15,14,20,17,768,83,1
SST-2,train,4819,5,12,12,22,19,768,93,1
SST-2,train,5890,5,14,12,18,14,768,66,1
SST-2,train,132,5,24,22,32,26,768,132,1
SST-2,train,3353,5,42,36,52,43,768,237,1
SST-2,train,4517,5,11,11,19,16,768,74,1
SST-2,train,1420,5,14,13,22,19,768,93,1
SST-2,train,733,5,23,21,33,29,768,141,1
SST-2,train,2638,5,23,22,32,27,768,135,1
SST-2,train,4866,5,5,5,11,9,768,39,1
SST-2,train,5609,5,11,11,22,18,768,84,1
SST-2,train,734,5,22,21,32,29,768,143,1
SST-2,train,3001,5,35,34,47,42,768,212,1
SST-2,train,6522,5,20,17,24,19,768,99,1
SST-2,train,2404,5,17,15,26,22,768,112,1
SST-2,train,1362,5,16,16,27,25,768,119,1
SST-2,train,6424,5,12,12,16,14,768,64,1
SST-2,train,6748,5,3,3,7,5,768,19,1
SST-2,train,2453,5,24,22,37,30,768,158,1
SST-2,train,2197,5,18,15,23,18,768,92,1
SST-2,train,3698,5,12,12,15,13,768,59,1
SST-2,train,5500,5,11,11,18,15,768,71,1
SST-2,train,965,5,7,7,10,8,768,34,1
SST-2,train,2263,5,22,21,33,27,768,131,1
SST-2,train,6721,5,9,9,16,14,768,64,1
SST-2,train,4370,5,1,1,4,2,768,4,1
SST-2,train,503,5,28,27,48,43,768,221,1
SST-2,train,2759,5,27,25,39,34,768,172,1
SST-2,train,1544,5,21,21,32,29,768,143,1
SST-2,train,3313,5,26,21,38,29,768,163,1
SST-2,train,1370,5,18,18,23,21,768,99,1
SST-2,train,437,5,17,15,22,18,768,92,1
SST-2,train,3487,5,12,12,19,17,768,79,1
SST-2,train,4655,5,23,21,38,29,768,151,1
SST-2,train,1287,5,19,19,25,22,768,108,1
SST-2,train,3066,5,20,20,27,25,768,119,1
SST-2,train,6576,5,8,8,13,11,768,49,1
SST-2,train,4246,5,18,18,29,27,768,129,1
SST-2,train,4996,5,18,17,28,24,768,116,1
SST-2,train,5533,5,6,6,15,13,768,59,1
SST-2,train,842,5,6,6,12,10,768,44,1
SST-2,train,4914,5,3,3,6,4,768,14,1
SST-2,train,2818,5,14,13,24,19,768,93,1
SST-2,train,2874,5,19,16,30,21,768,111,1
SST-2,train,1737,5,22,22,31,29,768,139,1
SST-2,train,5453,5,25,22,36,28,768,152,1
SST-2,train,2943,5,9,9,13,11,768,49,1
SST-2,train,457,5,22,21,39,28,768,144,1
SST-2,train,712,5,9,9,16,14,768,64,1
SST-2,train,3721,5,21,19,27,22,768,114,1
SST-2,train,239,5,5,5,8,6,768,24,1
SST-2,train,3753,5,13,13,19,17,768,79,1
SST-2,train,544,5,30,26,39,32,768,164,1
SST-2,train,230,5,19,17,26,22,768,112,1
SST-2,train,1747,5,4,4,8,6,768,24,1
SST-2,train,101,5,23,20,31,26,768,136,1
SST-2,train,5198,5,27,25,42,37,768,191,1
SST-2,train,5557,5,16,15,30,24,768,122,1
SST-2,train,4839,5,11,10,18,14,768,72,1
SST-2,train,5574,5,24,23,42,36,768,188,1
SST-2,train,6003,5,18,18,27,24,768,118,1
SST-2,train,3869,5,11,11,19,16,768,76,1
SST-2,train,79,5,21,18,34,26,768,136,1
SST-2,train,1181,5,4,4,11,9,768,39,1
SST-2,train,4467,5,26,25,35,30,768,154,1
SST-2,train,534,5,21,21,29,27,768,129,1
SST-2,train,3340,5,14,14,23,21,768,99,1
SST-2,train,476,5,25,22,36,31,768,157,1
SST-2,train,5011,5,10,10,15,13,768,59,1
SST-2,train,4332,5,34,31,44,37,768,195,1
SST-2,train,4147,5,34,31,48,42,768,220,1
SST-2,train,1954,5,10,9,20,13,768,71,1
SST-2,train,4951,5,8,7,12,9,768,41,1
SST-2,train,3910,5,13,12,22,17,768,83,1
SST-2,train,5812,5,13,13,21,19,768,89,1
SST-2,train,3379,5,24,24,32,29,768,143,1
SST-2,train,4373,5,22,22,36,29,768,143,1
SST-2,train,5853,5,10,10,14,12,768,54,1
SST-2,train,3824,5,14,13,24,21,768,103,1
SST-2,train,1801,5,28,27,48,42,768,210,1
SST-2,train,4952,5,9,9,17,15,768,69,1
SST-2,train,1438,5,20,18,27,21,768,101,1
SST-2,train,5711,5,1,1,4,2,768,4,1
SST-2,train,5958,5,10,10,22,18,768,84,1
SST-2,train,2333,5,7,7,13,11,768,49,1
SST-2,train,2509,5,8,8,16,14,768,64,1
SST-2,train,5577,5,16,16,21,19,768,89,1
SST-2,train,3656,5,21,21,29,26,768,128,1
SST-2,train,2572,5,27,24,35,30,768,154,1
SST-2,train,3861,5,34,30,45,33,768,179,1
SST-2,train,3980,5,17,16,26,22,768,112,1
SST-2,train,3545,5,13,12,25,18,768,94,1
SST-2,train,2166,5,9,8,15,12,768,58,1
SST-2,train,3684,5,17,16,26,22,768,108,1
SST-2,train,6153,5,16,16,21,19,768,89,1
SST-2,train,1046,5,18,18,25,21,768,107,1
SST-2,train,3075,5,16,16,23,21,768,99,1
SST-2,train,5974,5,18,16,24,20,768,100,1
SST-2,train,1872,5,1,1,6,4,768,14,1
SST-2,train,1039,5,17,16,25,22,768,104,1
SST-2,train,4970,5,27,24,44,37,768,185,1
SST-2,train,4818,5,17,17,32,27,768,135,1
SST-2,train,1905,5,15,15,20,18,768,84,1
SST-2,train,6082,5,18,15,33,24,768,128,1
SST-2,train,4587,5,26,25,35,32,768,158,1
SST-2,train,233,5,7,7,13,11,768,49,1
SST-2,train,3295,5,32,28,54,48,768,250,1
SST-2,train,1926,5,14,14,19,16,768,74,1
SST-2,train,6371,5,18,17,24,21,768,99,1
SST-2,train,5632,5,9,9,13,11,768,49,1
SST-2,validation,794,5,5,5,11,8,768,34,1
SST-2,validation,319,5,18,17,26,20,768,108,1
SST-2,validation,382,5,33,33,43,38,768,196,1
SST-2,validation,779,5,8,8,18,15,768,71,1
SST-2,validation,422,5,22,20,40,28,768,158,1
SST-2,validation,327,5,10,10,16,14,768,64,1
SST-2,validation,803,5,11,10,20,14,768,68,1
SST-2,validation,136,5,18,18,23,20,768,92,1
SST-2,validation,670,5,15,15,19,17,768,79,1
SST-2,validation,810,5,20,20,30,28,768,134,1
SST-2,validation,323,5,12,11,20,14,768,68,1
SST-2,validation,344,5,8,8,11,9,768,39,1
SST-2,validation,497,5,10,10,19,17,768,79,1
SST-2,validation,227,5,12,12,24,20,768,90,1
SST-2,validation,44,5,23,19,32,24,768,136,1
SST-2,validation,404,5,23,21,28,24,768,122,1
SST-2,validation,210,5,14,13,22,19,768,93,1
SST-2,validation,428,5,36,33,54,49,768,251,1
SST-2,validation,444,5,25,25,41,37,768,187,1
SST-2,validation,174,5,15,13,27,19,768,103,1
SST-2,validation,70,5,13,13,20,18,768,84,1
SST-2,validation,462,5,25,23,39,31,768,167,1
SST-2,validation,465,5,14,13,23,20,768,98,1
SST-2,validation,309,5,10,10,16,14,768,64,1
SST-2,validation,66,5,26,24,34,30,768,148,1
SST-2,validation,598,5,14,14,21,19,768,89,1
SST-2,validation,23,5,3,3,9,7,768,29,1
SST-2,validation,30,5,12,11,18,15,768,73,1
SST-2,validation,542,5,11,11,18,16,768,74,1
SST-2,validation,67,5,3,3,9,7,768,29,1
SST-2,validation,722,5,18,18,25,23,768,109,1
SST-2,validation,328,5,8,8,15,13,768,59,1
SST-2,validation,333,5,12,11,20,15,768,75,1
SST-2,validation,797,5,16,16,23,20,768,98,1
SST-2,validation,753,5,28,24,35,27,768,149,1
SST-2,validation,244,5,5,5,12,9,768,39,1
SST-2,validation,300,5,6,6,14,11,768,51,1
SST-2,validation,76,5,27,24,34,29,768,147,1
SST-2,validation,250,5,15,14,20,17,768,83,1
SST-2,validation,713,5,20,19,32,26,768,134,1
SST-2,validation,611,5,20,19,31,25,768,133,1
SST-2,validation,585,5,8,8,14,12,768,54,1
SST-2,validation,768,5,12,12,17,15,768,69,1
SST-2,validation,72,5,13,13,18,16,768,74,1
SST-2,validation,527,5,5,5,10,8,768,34,1
SST-2,validation,567,5,10,10,14,12,768,54,1
SST-2,validation,294,5,18,17,29,24,768,120,1
SST-2,validation,640,5,22,21,37,33,768,167,1
SST-2,validation,526,5,15,15,30,23,768,117,1
SST-2,validation,139,5,8,8,17,13,768,57,1
SST-2,validation,820,5,17,16,31,25,768,123,1
SST-2,validation,680,5,7,7,13,11,768,49,1
SST-2,validation,678,5,17,15,28,23,768,119,1
SST-2,validation,96,5,34,30,52,41,768,219,1
SST-2,validation,644,5,21,20,32,28,768,142,1
SST-2,validation,332,5,17,16,25,22,768,104,1
SST-2,validation,449,5,4,4,10,8,768,34,1
SST-2,validation,316,5,11,10,17,14,768,68,1
SST-2,validation,265,5,7,7,10,8,768,34,1
SST-2,validation,120,5,20,17,29,21,768,113,1
SST-2,validation,302,5,7,7,13,11,768,49,1
SST-2,validation,86,5,10,10,16,13,768,63,1
SST-2,validation,696,5,25,23,32,27,768,133,1
SST-2,validation,39,5,20,18,33,29,768,147,1
SST-2,validation,450,5,25,23,41,34,768,182,1
SST-2,validation,192,5,21,21,34,28,768,144,1
SST-2,validation,634,5,14,14,22,19,768,91,1
SST-2,validation,568,5,14,14,21,19,768,89,1
SST-2,validation,231,5,11,11,14,12,768,54,1
SST-2,validation,362,5,26,26,43,39,768,197,1
SST-2,validation,761,5,17,16,28,24,768,120,1
SST-2,validation,314,5,18,16,24,20,768,98,1
SST-2,validation,215,5,8,8,12,10,768,44,1
SST-2,validation,456,5,18,16,27,23,768,113,1
SST-2,validation,483,5,18,17,25,21,768,105,1
SST-2,validation,137,5,33,30,44,37,768,195,1
SST-2,validation,198,5,30,27,42,35,768,189,1
SST-2,validation,110,5,23,22,35,29,768,145,1
SST-2,validation,275,5,5,5,10,8,768,34,1
SST-2,validation,168,5,7,7,16,11,768,51,1
SST-2,validation,591,5,14,12,20,16,768,82,1
SST-2,validation,479,5,18,14,23,17,768,91,1
SST-2,validation,548,5,4,4,12,8,768,32,1
SST-2,validation,656,5,18,17,24,20,768,98,1
SST-2,validation,819,5,12,11,19,15,768,73,1
SST-2,validation,578,5,22,20,30,25,768,131,1
SST-2,validation,388,5,5,5,8,6,768,24,1
SST-2,validation,857,5,9,9,18,15,768,73,1
SST-2,validation,487,5,24,23,34,30,768,152,1
SST-2,validation,306,5,10,10,20,16,768,78,1
SST-2,validation,529,5,12,11,20,15,768,77,1
SST-2,validation,259,5,21,18,26,21,768,107,1
SST-2,validation,260,5,31,27,38,32,768,164,1
SST-2,validation,533,5,26,23,41,35,768,177,1
SST-2,validation,704,5,13,13,20,18,768,84,1
SST-2,validation,650,5,26,23,35,30,768,156,1
SST-2,validation,451,5,24,21,34,28,768,150,1
SST-2,validation,867,5,14,14,20,18,768,84,1
SST-2,validation,445,5,25,23,41,34,768,176,1
SST-2,validation,63,5,15,15,22,20,768,94,1
SST-2,validation,825,5,8,6,12,8,768,34,1
SST-2,validation,718,5,15,15,23,21,768,99,1
SST-2,validation,342,5,19,19,28,25,768,123,1
SST-2,validation,65,5,19,18,27,23,768,117,1
SST-2,validation,209,5,2,2,5,3,768,9,1
SST-2,validation,755,5,25,24,41,35,768,175,1
SST-2,validation,865,5,25,23,44,38,768,194,1
SST-2,validation,78,5,13,12,19,16,768,78,1
SST-2,validation,513,5,11,10,16,13,768,63,1
SST-2,validation,710,5,6,6,11,9,768,39,1
SST-2,validation,549,5,31,25,40,32,768,176,1
SST-2,validation,298,5,14,14,18,16,768,74,1
SST-2,validation,760,5,17,17,20,18,768,84,1
SST-2,validation,514,5,20,19,30,25,768,117,1
SST-2,validation,783,5,38,31,49,38,768,214,1
SST-2,validation,584,5,23,20,31,25,768,131,1
SST-2,validation,692,5,11,11,17,14,768,66,1
SST-2,validation,457,5,7,7,12,10,768,44,1
SST-2,validation,377,5,21,21,31,26,768,134,1
SST-2,validation,49,5,10,9,14,11,768,49,1
SST-2,validation,208,5,38,33,53,45,768,241,1
SST-2,validation,785,5,23,23,32,29,768,143,1
SST-2,validation,239,5,15,15,21,19,768,89,1
SST-2,validation,717,5,26,23,32,25,768,125,1
SST-2,validation,581,5,2,2,8,6,768,24,1
SST-2,validation,630,5,9,8,14,10,768,48,1
SST-2,validation,684,5,22,22,35,29,768,149,1
SST-2,validation,866,5,11,11,16,14,768,64,1
SST-2,validation,559,5,13,13,18,15,768,73,1
SST-2,validation,426,5,19,19,33,26,768,136,1
SST-2,validation,33,5,33,30,39,33,768,167,1
SST-2,validation,31,5,32,31,49,42,768,218,1
SST-2,validation,235,5,19,18,25,22,768,108,1
SST-2,validation,381,5,21,20,26,22,768,108,1
SST-2,validation,507,5,19,19,30,25,768,119,1
SST-2,validation,723,5,7,7,13,11,768,49,1
SST-2,validation,109,5,15,15,21,19,768,89,1
SST-2,validation,77,5,19,18,29,24,768,126,1
SST-2,validation,804,5,6,6,11,9,768,39,1
SST-2,validation,82,5,11,11,25,23,768,109,1
SST-2,validation,357,5,32,29,39,33,768,173,1
SST-2,validation,495,5,13,12,19,15,768,75,1
SST-2,validation,596,5,7,7,11,9,768,39,1
SST-2,validation,196,5,8,8,13,11,768,49,1
SST-2,validation,290,5,12,12,26,22,768,108,1
SST-2,validation,679,5,12,12,16,14,768,64,1
SST-2,validation,5,5,17,15,26,22,768,108,1
SST-2,validation,54,5,15,14,23,20,768,96,1
SST-2,validation,664,5,21,20,35,32,768,158,1
SST-2,validation,606,5,10,10,16,13,768,61,1
SST-2,test,1511,5,22,19,31,23,768,117,1
SST-2,test,1799,5,10,10,16,14,768,64,1
SST-2,test,135,5,22,22,27,25,768,119,1
SST-2,test,408,5,16,16,28,26,768,124,1
SST-2,test,1693,5,27,24,43,32,768,176,1
SST-2,test,1740,5,35,30,48,39,768,213,1
SST-2,test,289,5,16,14,22,18,768,92,1
SST-2,test,1666,5,17,15,21,17,768,85,1
SST-2,test,757,5,26,24,38,30,768,154,1
SST-2,test,879,5,15,15,29,26,768,128,1
SST-2,test,551,5,5,5,10,8,768,34,1
SST-2,test,339,5,27,27,48,42,768,216,1
SST-2,test,453,5,29,27,45,38,768,194,1
SST-2,test,1704,5,17,17,26,24,768,114,1
SST-2,test,669,5,13,13,19,16,768,76,1
SST-2,test,1379,5,23,23,30,28,768,134,1
SST-2,test,497,5,13,13,18,16,768,74,1
SST-2,test,1394,5,23,22,34,30,768,152,1
SST-2,test,561,5,11,11,16,14,768,64,1
SST-2,test,1085,5,1,1,5,3,768,9,1
SST-2,test,1202,5,11,11,19,14,768,66,1
SST-2,test,270,5,18,17,24,20,768,100,1
SST-2,test,602,5,6,6,11,9,768,39,1
SST-2,test,220,5,13,13,21,19,768,89,1
SST-2,test,1456,5,20,18,33,28,768,140,1
SST-2,test,331,5,15,13,20,16,768,82,1
SST-2,test,307,5,16,15,29,25,768,127,1
SST-2,test,462,5,21,21,27,25,768,119,1
SST-2,test,1736,5,8,8,15,12,768,58,1
SST-2,test,1599,5,23,23,32,29,768,143,1
SST-2,test,109,5,15,15,22,19,768,93,1
SST-2,test,1395,5,11,11,16,14,768,64,1
SST-2,test,530,5,27,21,33,25,768,133,1
SST-2,test,677,5,12,12,17,15,768,69,1
SST-2,test,888,5,18,18,22,20,768,94,1
SST-2,test,526,5,19,18,30,26,768,128,1
SST-2,test,620,5,11,11,16,14,768,64,1
SST-2,test,1541,5,14,13,28,20,768,110,1
SST-2,test,1107,5,22,21,36,29,768,143,1
SST-2,test,535,5,13,13,24,22,768,104,1
SST-2,test,1292,5,18,18,28,22,768,110,1
SST-2,test,628,5,18,18,25,23,768,109,1
SST-2,test,552,5,4,4,14,11,768,53,1
SST-2,test,720,5,13,13,24,20,768,96,1
SST-2,test,1608,5,9,9,15,13,768,59,1
SST-2,test,1657,5,4,4,7,5,768,19,1
SST-2,test,1057,5,3,3,8,6,768,24,1
SST-2,test,1381,5,15,14,25,19,768,93,1
SST-2,test,1343,5,20,18,28,21,768,115,1
SST-2,test,203,5,11,10,14,11,768,51,1
SST-2,test,111,5,23,21,43,34,768,182,1
SST-2,test,583,5,22,22,33,29,768,145,1
SST-2,test,1040,5,15,15,22,20,768,94,1
SST-2,test,1683,5,24,22,36,32,768,160,1
SST-2,test,1422,5,11,10,14,11,768,49,1
SST-2,test,29,5,11,11,16,14,768,64,1
SST-2,test,782,5,9,9,19,17,768,79,1
SST-2,test,973,5,16,15,25,19,768,87,1
SST-2,test,65,5,22,20,40,30,768,166,1
SST-2,test,1328,5,16,14,20,16,768,80,1
SST-2,test,1373,5,14,12,25,18,768,94,1
SST-2,test,1161,5,18,18,21,19,768,89,1
SST-2,test,1758,5,11,9,18,14,768,66,1
SST-2,test,1461,5,9,9,14,12,768,54,1
SST-2,test,188,5,11,11,14,12,768,54,1
SST-2,test,427,5,7,5,10,6,768,24,1
SST-2,test,965,5,9,9,14,11,768,49,1
SST-2,test,298,5,33,30,41,34,768,176,1
SST-2,test,382,5,14,14,20,17,768,83,1
SST-2,test,1641,5,6,6,11,9,768,39,1
SST-2,test,1470,5,13,12,17,14,768,68,1
SST-2,test,932,5,12,11,20,17,768,79,1
SST-2,test,1494,5,18,17,31,25,768,125,1
SST-2,test,1536,5,13,13,19,17,768,79,1
SST-2,test,1117,5,20,18,24,20,768,100,1
SST-2,test,843,5,31,29,43,38,768,194,1
SST-2,test,1083,5,5,5,13,8,768,38,1
SST-2,test,1313,5,10,9,15,12,768,56,1
SST-2,test,173,5,17,14,27,22,768,114,1
SST-2,test,1319,5,21,20,27,24,768,118,1
SST-2,test,756,5,11,11,16,14,768,64,1
SST-2,test,374,5,20,20,31,28,768,138,1
SST-2,test,1312,5,16,15,21,18,768,88,1
SST-2,test,70,5,28,27,43,36,768,184,1
SST-2,test,482,5,18,18,26,24,768,114,1
SST-2,test,1075,5,8,7,13,10,768,48,1
SST-2,test,660,5,13,13,16,14,768,64,1
SST-2,test,994,5,13,12,16,13,768,61,1
SST-2,test,585,5,17,15,21,17,768,83,1
SST-2,test,544,5,19,19,26,23,768,111,1
SST-2,test,1775,5,30,28,39,34,768,170,1
SST-2,test,212,5,22,21,42,33,768,173,1
SST-2,test,1033,5,14,10,26,20,768,100,1
SST-2,test,1285,5,26,26,38,32,768,164,1
SST-2,test,962,5,15,14,22,18,768,86,1
SST-2,test,439,5,30,28,35,31,768,157,1
SST-2,test,1706,5,19,13,32,22,768,124,1
SST-2,test,993,5,34,33,49,42,768,224,1
SST-2,test,1628,5,20,18,33,26,768,138,1
SST-2,test,593,5,26,24,31,27,768,137,1
SST-2,test,23,5,11,11,16,14,768,64,1
SST-2,test,910,5,21,18,29,21,768,119,1
SST-2,test,485,5,17,16,26,19,768,97,1
SST-2,test,1270,5,9,9,14,12,768,54,1
SST-2,test,1632,5,23,21,33,28,768,146,1
SST-2,test,350,5,17,14,29,21,768,107,1
SST-2,test,1336,5,33,31,45,40,768,206,1
SST-2,test,1286,5,11,10,21,18,768,88,1
SST-2,test,1557,5,11,11,18,14,768,64,1
SST-2,test,881,5,4,4,7,5,768,19,1
SST-2,test,1640,5,18,17,29,23,768,119,1
SST-2,test,892,5,25,25,31,28,768,134,1
SST-2,test,575,5,21,19,25,21,768,107,1
SST-2,test,864,5,24,22,33,28,768,144,1
SST-2,test,1298,5,11,10,19,16,768,78,1
SST-2,test,365,5,12,11,17,14,768,68,1
SST-2,test,767,5,15,14,22,17,768,81,1
SST-2,test,422,5,23,22,35,32,768,154,1
SST-2,test,239,5,18,16,24,20,768,100,1
SST-2,test,478,5,19,16,31,26,768,134,1
SST-2,test,1762,5,15,15,22,19,768,89,1
SST-2,test,237,5,7,7,14,12,768,54,1
SST-2,test,722,5,10,10,14,12,768,54,1
SST-2,test,233,5,21,21,31,29,768,139,1
SST-2,test,354,5,12,12,18,16,768,74,1
SST-2,test,914,5,14,14,24,21,768,99,1
SST-2,test,1113,5,26,25,38,34,768,172,1
SST-2,test,527,5,9,9,16,14,768,64,1
SST-2,test,1047,5,15,13,19,15,768,73,1
SST-2,test,874,5,27,22,41,30,768,166,1
SST-2,test,1507,5,22,22,39,35,768,177,1
SST-2,test,978,5,12,12,19,16,768,78,1
SST-2,test,614,5,38,32,54,42,768,242,1
SST-2,test,115,5,7,7,16,11,768,53,1
SST-2,test,721,5,14,14,25,21,768,103,1
SST-2,test,1488,5,24,23,34,29,768,151,1
SST-2,test,1303,5,14,13,20,17,768,83,1
SST-2,test,1730,5,15,14,20,17,768,79,1
SST-2,test,1164,5,27,25,36,29,768,147,1
SST-2,test,394,5,16,15,23,19,768,97,1
SST-2,test,752,5,33,27,50,40,768,220,1
SST-2,test,1301,5,16,14,26,18,768,82,1
SST-2,test,1233,5,16,16,31,27,768,135,1
SST-2,test,1145,5,34,33,47,42,768,216,1
SST-2,test,438,5,18,18,35,29,768,145,1
SST-2,test,1004,5,26,23,34,29,768,147,1
SST-2,test,1569,5,9,9,13,11,768,49,1
SST-2,test,1078,5,14,14,20,18,768,84,1
SST-2,test,816,5,13,13,21,19,768,89,1
SST-2,test,464,5,7,7,13,11,768,49,1
