0,1,identifier,split
0.9906859,0.009314056,0,test
0.9886186,0.011381318,1,test
0.0062368154,0.99376315,2,test
0.004638494,0.9953615,3,test
0.9891588,0.010841149,4,test
0.9943514,0.005648584,5,test
0.22462182,0.77537817,6,test
0.9177718,0.08222814,7,test
0.0020573323,0.9979426,8,test
0.0030336455,0.9969663,9,test
0.9800816,0.019918298,10,test
0.0026062152,0.9973937,11,test
0.0023783385,0.9976216,12,test
0.9890994,0.010900632,13,test
0.026330711,0.9736693,14,test
0.96705806,0.032941956,15,test
0.0015214536,0.9984786,16,test
0.8393623,0.16063768,17,test
0.0042102803,0.9957897,18,test
0.98507196,0.014928037,19,test
0.98157895,0.018421013,20,test
0.0043744855,0.9956255,21,test
0.0018015006,0.99819857,22,test
0.0013535228,0.99864644,23,test
0.98336065,0.016639398,24,test
0.00642891,0.99357104,25,test
0.001658707,0.9983413,26,test
0.009286755,0.99071324,27,test
0.99233866,0.007661364,28,test
0.87998855,0.12001141,29,test
0.04807764,0.95192236,30,test
0.9924744,0.007525617,31,test
0.8205868,0.17941318,32,test
0.019874973,0.98012507,33,test
0.004406081,0.99559397,34,test
0.017817963,0.9821821,35,test
0.005142299,0.99485767,36,test
0.9661333,0.033866666,37,test
0.13508736,0.8649127,38,test
0.0030228042,0.9969772,39,test
0.99410796,0.005892018,40,test
0.0058729225,0.99412704,41,test
0.19490813,0.80509186,42,test
0.037145935,0.9628541,43,test
0.9111184,0.088881634,44,test
0.9813541,0.018645862,45,test
0.8855594,0.11444066,46,test
0.99145997,0.008540002,47,test
0.99363106,0.006368998,48,test
0.0036836504,0.9963163,49,test
0.96747756,0.032522418,50,test
0.0011304915,0.9988695,51,test
0.98633087,0.013669102,52,test
0.93927705,0.06072293,53,test
0.90736693,0.09263309,54,test
0.0037178118,0.99628216,55,test
0.0024348754,0.99756515,56,test
0.96218437,0.037815694,57,test
0.004359759,0.9956403,58,test
0.99037117,0.009628863,59,test
0.95169556,0.048304476,60,test
0.9953458,0.0046542264,61,test
0.9541628,0.04583724,62,test
0.96753013,0.032469872,63,test
0.022187402,0.9778126,64,test
0.0017014731,0.9982986,65,test
0.99227375,0.0077262144,66,test
0.099443726,0.90055627,67,test
0.004170571,0.9958294,68,test
0.993785,0.0062149633,69,test
0.99096,0.009039976,70,test
0.9795304,0.020469654,71,test
0.8998028,0.10019717,72,test
0.98451024,0.015489774,73,test
0.30269995,0.6973,74,test
0.0015550214,0.998445,75,test
0.9923132,0.0076867524,76,test
0.9867338,0.013266208,77,test
0.0063693556,0.9936306,78,test
0.9776119,0.022388073,79,test
0.8629438,0.13705611,80,test
0.04485213,0.95514786,81,test
0.23515427,0.7648457,82,test
0.012508882,0.98749113,83,test
0.9926473,0.0073527107,84,test
0.8004933,0.19950673,85,test
0.03851678,0.9614832,86,test
0.9698351,0.030164955,87,test
0.0011936267,0.99880636,88,test
0.08716102,0.912839,89,test
0.7930521,0.20694797,90,test
0.0023394937,0.9976605,91,test
0.9875694,0.012430563,92,test
0.9935688,0.0064311484,93,test
0.9938729,0.0061271912,94,test
0.009051371,0.9909486,95,test
0.98365015,0.016349772,96,test
0.9812232,0.01877676,97,test
0.97635186,0.023648161,98,test
0.0073926314,0.99260736,99,test
0.015283597,0.9847164,100,test
0.0018795612,0.99812037,101,test
0.007885781,0.9921142,102,test
0.9869664,0.013033654,103,test
0.9929803,0.0070197415,104,test
0.69858044,0.30141953,105,test
0.9783512,0.021648837,106,test
0.8270568,0.17294322,107,test
0.8399201,0.16007987,108,test
0.001838009,0.998162,109,test
0.9881769,0.011823106,110,test
0.025883425,0.9741166,111,test
0.0019486664,0.9980513,112,test
0.17479487,0.82520515,113,test
0.995138,0.004862041,114,test
0.0013597672,0.99864024,115,test
0.63220435,0.36779565,116,test
0.20418254,0.79581743,117,test
0.0012583764,0.9987417,118,test
0.002946957,0.997053,119,test
0.9958853,0.004114637,120,test
0.0043077534,0.9956923,121,test
0.005067275,0.9949327,122,test
0.0040271613,0.9959728,123,test
0.0020520752,0.997948,124,test
0.99365,0.006350032,125,test
0.86763746,0.13236248,126,test
0.0021110957,0.99788886,127,test
0.9907618,0.009238227,128,test
0.0026889625,0.9973111,129,test
0.7323223,0.2676777,130,test
0.99388325,0.0061167637,131,test
0.0030792903,0.9969207,132,test
0.0058730897,0.9941269,133,test
0.005616397,0.9943836,134,test
0.86371523,0.13628477,135,test
0.97066206,0.029337926,136,test
0.9305771,0.06942296,137,test
0.9896471,0.010352952,138,test
0.0014142415,0.9985858,139,test
0.0017565698,0.99824345,140,test
0.98197883,0.018021135,141,test
0.3781605,0.6218395,142,test
0.97857726,0.021422772,143,test
0.0013136645,0.9986864,144,test
0.98132217,0.01867785,145,test
0.9322881,0.06771188,146,test
0.98189765,0.018102353,147,test
0.0013849984,0.998615,148,test
0.0040054317,0.99599457,149,test
0.023098957,0.976901,150,test
0.00287789,0.9971221,151,test
0.9722329,0.02776707,152,test
0.9855062,0.0144938305,153,test
0.0039549973,0.99604493,154,test
0.0012750251,0.998725,155,test
0.50259596,0.497404,156,test
0.9209366,0.07906344,157,test
0.16874212,0.8312579,158,test
0.59773177,0.4022683,159,test
0.99230313,0.0076968702,160,test
0.0031454992,0.9968545,161,test
0.98860943,0.011390529,162,test
0.083860084,0.91613996,163,test
0.8369081,0.16309185,164,test
0.0323676,0.96763235,165,test
0.993083,0.0069169467,166,test
0.9757303,0.024269706,167,test
0.0060009444,0.9939991,168,test
0.98443013,0.01556982,169,test
0.9836525,0.016347518,170,test
0.0014685644,0.99853146,171,test
0.0013914331,0.99860865,172,test
0.95263386,0.047366142,173,test
0.0075141788,0.99248576,174,test
0.013257653,0.9867424,175,test
0.9587188,0.041281253,176,test
0.9906322,0.00936784,177,test
0.9931578,0.0068421466,178,test
0.0037778981,0.99622214,179,test
0.9544974,0.045502577,180,test
0.86752605,0.13247399,181,test
0.9887847,0.011215372,182,test
0.0012217014,0.9987783,183,test
0.047872398,0.95212764,184,test
0.09779348,0.90220654,185,test
0.005064855,0.9949352,186,test
0.0026675225,0.99733245,187,test
0.9908924,0.00910759,188,test
0.9877517,0.0122483,189,test
0.0015443726,0.99845564,190,test
0.9684409,0.03155906,191,test
0.028844465,0.97115546,192,test
0.9925781,0.0074219597,193,test
0.097232066,0.9027679,194,test
0.033987727,0.96601224,195,test
0.9890828,0.010917214,196,test
0.99427456,0.005725385,197,test
0.0025636957,0.99743634,198,test
0.0010155463,0.9989844,199,test
0.7024253,0.29757473,200,test
0.8369274,0.16307254,201,test
0.9927099,0.00729006,202,test
0.0015348084,0.9984652,203,test
0.91739315,0.08260683,204,test
0.9870673,0.01293277,205,test
0.9836173,0.016382666,206,test
0.98420006,0.01579988,207,test
0.99260086,0.007399175,208,test
0.0010792866,0.9989208,209,test
0.9859562,0.01404378,210,test
0.027279183,0.9727208,211,test
0.021094743,0.97890526,212,test
0.72020686,0.27979314,213,test
0.721393,0.278607,214,test
0.0021796343,0.9978204,215,test
0.0032128831,0.9967872,216,test
0.96470904,0.035291012,217,test
0.9594044,0.04059562,218,test
0.026245417,0.97375464,219,test
0.0037636685,0.9962364,220,test
0.9645657,0.035434254,221,test
0.029405514,0.97059447,222,test
0.93409944,0.0659006,223,test
0.8397235,0.16027641,224,test
0.9169967,0.08300326,225,test
0.988301,0.011698989,226,test
0.98166186,0.018338071,227,test
0.0068699005,0.99313,228,test
0.9757121,0.024287887,229,test
0.041426074,0.95857394,230,test
0.01831108,0.98168886,231,test
0.9920236,0.007976426,232,test
0.9955798,0.0044201887,233,test
0.011355665,0.98864436,234,test
0.00276778,0.99723226,235,test
0.0025525254,0.9974475,236,test
0.9882157,0.011784294,237,test
0.0019419926,0.998058,238,test
0.992751,0.007249011,239,test
0.009112092,0.9908879,240,test
0.9472948,0.052705225,241,test
0.0014415358,0.99855846,242,test
0.30052066,0.69947934,243,test
0.002588671,0.9974113,244,test
0.041500352,0.95849967,245,test
0.9591955,0.04080445,246,test
0.9933749,0.006625104,247,test
0.1937041,0.8062959,248,test
0.008556635,0.99144334,249,test
0.12811406,0.8718859,250,test
0.18251887,0.81748116,251,test
0.012718115,0.98728186,252,test
0.879748,0.120252006,253,test
0.968151,0.03184907,254,test
0.007868405,0.99213165,255,test
0.0014087979,0.9985911,256,test
0.99507207,0.004927862,257,test
0.0016247713,0.9983752,258,test
0.0017527445,0.99824727,259,test
0.98560494,0.014395064,260,test
0.9123574,0.08764264,261,test
0.7635844,0.23641568,262,test
0.99029833,0.009701685,263,test
0.007897175,0.9921028,264,test
0.13430516,0.8656948,265,test
0.9824646,0.017535416,266,test
0.0015597327,0.9984403,267,test
0.7110194,0.28898063,268,test
0.9452185,0.05478156,269,test
0.8719677,0.12803236,270,test
0.009686674,0.9903133,271,test
0.6875501,0.3124499,272,test
0.036574107,0.9634259,273,test
0.94542205,0.054577913,274,test
0.0040658335,0.9959341,275,test
0.9799039,0.020096112,276,test
0.9899492,0.010050784,277,test
0.21360987,0.7863901,278,test
0.78650826,0.21349174,279,test
0.19877678,0.80122316,280,test
0.9676317,0.032368314,281,test
0.9917441,0.008255901,282,test
0.99450916,0.005490855,283,test
0.014965843,0.98503417,284,test
0.0032887186,0.99671125,285,test
0.98726624,0.012733691,286,test
0.9530207,0.04697936,287,test
0.9840937,0.015906248,288,test
0.9902442,0.00975587,289,test
0.8616464,0.13835356,290,test
0.0013598824,0.9986401,291,test
0.026430497,0.9735695,292,test
0.0016022437,0.99839777,293,test
0.6907819,0.30921814,294,test
0.0627549,0.93724513,295,test
0.9855854,0.014414615,296,test
0.0048575094,0.99514246,297,test
0.98652077,0.013479183,298,test
0.003363432,0.9966365,299,test
0.7967091,0.20329088,300,test
0.0024338379,0.9975662,301,test
0.0015166157,0.99848336,302,test
0.99252784,0.007472206,303,test
0.0008152285,0.9991848,304,test
0.005443084,0.9945569,305,test
0.021339739,0.9786603,306,test
0.001366289,0.9986337,307,test
0.091925174,0.9080748,308,test
0.8856193,0.1143807,309,test
0.9882626,0.011737386,310,test
0.9748811,0.02511888,311,test
0.98516744,0.014832597,312,test
0.99026734,0.009732676,313,test
0.9925559,0.0074441084,314,test
0.9882139,0.011786025,315,test
0.9661005,0.0338995,316,test
0.0030755396,0.99692446,317,test
0.9508787,0.04912131,318,test
0.0016130996,0.99838686,319,test
0.0064665005,0.9935335,320,test
0.9820519,0.017948061,321,test
0.01000515,0.98999476,322,test
0.0007984963,0.9992015,323,test
0.96652794,0.0334721,324,test
0.55141187,0.44858807,325,test
0.0074848556,0.99251515,326,test
0.0006965233,0.99930346,327,test
0.7385838,0.26141623,328,test
0.98527896,0.014721011,329,test
0.9860307,0.01396926,330,test
0.98845553,0.011544496,331,test
0.0028886911,0.9971113,332,test
0.6934542,0.3065458,333,test
0.2964204,0.7035796,334,test
0.0020384244,0.99796164,335,test
0.06435364,0.9356464,336,test
0.9342694,0.065730564,337,test
0.46540415,0.5345958,338,test
0.018056752,0.9819433,339,test
0.97331184,0.02668818,340,test
0.0016097702,0.9983902,341,test
0.93675655,0.06324343,342,test
0.0013625933,0.9986374,343,test
0.31265953,0.68734044,344,test
0.9144027,0.08559732,345,test
0.008409525,0.99159056,346,test
0.98806375,0.011936228,347,test
0.97051114,0.029488878,348,test
0.008763399,0.99123657,349,test
0.98452395,0.015475978,350,test
0.99008524,0.009914817,351,test
0.0026522293,0.9973477,352,test
0.009699413,0.99030066,353,test
0.8919962,0.1080038,354,test
0.047275756,0.9527242,355,test
0.9947207,0.00527935,356,test
0.024641447,0.97535855,357,test
0.9954845,0.0045155096,358,test
0.021483043,0.978517,359,test
0.98662347,0.013376592,360,test
0.026701417,0.97329855,361,test
0.98614967,0.0138503555,362,test
0.14373349,0.85626656,363,test
0.91918015,0.080819845,364,test
0.9894546,0.010545423,365,test
0.9435139,0.056486133,366,test
0.0023202477,0.99767977,367,test
0.9667923,0.033207726,368,test
0.0032342225,0.99676573,369,test
0.9877962,0.0122038685,370,test
0.03498956,0.96501046,371,test
0.98959947,0.010400597,372,test
0.85269576,0.14730425,373,test
0.9856543,0.0143457465,374,test
0.0014239772,0.99857605,375,test
0.8371739,0.16282614,376,test
0.004264464,0.9957355,377,test
0.99014217,0.009857816,378,test
0.97461015,0.025389886,379,test
0.0019200076,0.99808,380,test
0.00087818305,0.99912184,381,test
0.0009003553,0.9990996,382,test
0.992278,0.007721952,383,test
0.54743916,0.45256084,384,test
0.22033921,0.77966076,385,test
0.09567542,0.9043246,386,test
0.03208717,0.9679128,387,test
0.14736557,0.85263443,388,test
0.9950054,0.004994582,389,test
0.0012829737,0.99871707,390,test
0.01878932,0.9812107,391,test
0.001007581,0.9989924,392,test
0.88993573,0.1100643,393,test
0.165805,0.83419496,394,test
0.97244704,0.027552953,395,test
0.9209249,0.07907512,396,test
0.878698,0.12130197,397,test
0.098928556,0.9010714,398,test
0.9380474,0.06195265,399,test
0.970719,0.029281044,400,test
0.0016948243,0.9983052,401,test
0.0020910108,0.99790907,402,test
0.38311797,0.6168821,403,test
0.0018911816,0.99810886,404,test
0.9937349,0.006265106,405,test
0.004467578,0.9955324,406,test
0.98904055,0.010959444,407,test
0.98928577,0.010714186,408,test
0.002547423,0.99745256,409,test
0.9581697,0.04183028,410,test
0.7240127,0.2759873,411,test
0.9721582,0.02784188,412,test
0.96132255,0.038677495,413,test
0.9876508,0.012349179,414,test
0.9853098,0.0146902455,415,test
0.0032532844,0.99674666,416,test
0.0012871297,0.9987129,417,test
0.96904916,0.030950852,418,test
0.9883165,0.011683497,419,test
0.99188775,0.008112191,420,test
0.6414573,0.35854268,421,test
0.98769325,0.012306766,422,test
0.08935354,0.9106465,423,test
0.9924752,0.0075247297,424,test
0.007490128,0.99250984,425,test
0.001513785,0.9984862,426,test
0.002932059,0.997068,427,test
0.015892783,0.98410726,428,test
0.0057042735,0.9942958,429,test
0.9468799,0.053120136,430,test
0.009391521,0.99060845,431,test
0.45070246,0.5492976,432,test
0.0057191215,0.99428093,433,test
0.0027174524,0.9972825,434,test
0.54911083,0.4508892,435,test
0.04314925,0.9568507,436,test
0.9935149,0.006485092,437,test
0.9896571,0.010342877,438,test
0.03297176,0.9670282,439,test
0.00591122,0.99408877,440,test
0.98622173,0.013778281,441,test
0.28256232,0.7174377,442,test
0.9857451,0.01425486,443,test
0.9698851,0.030114872,444,test
0.32209378,0.6779062,445,test
0.99315333,0.006846688,446,test
0.0020815786,0.9979184,447,test
0.12876248,0.8712376,448,test
0.0008109907,0.99918896,449,test
0.0030785222,0.9969215,450,test
0.9932892,0.006710862,451,test
0.80793023,0.1920698,452,test
0.994743,0.005257026,453,test
0.9835113,0.016488677,454,test
0.37322548,0.6267745,455,test
0.96343595,0.036564,456,test
0.9871409,0.012859099,457,test
0.052384786,0.9476152,458,test
0.0048177065,0.9951822,459,test
0.09978336,0.9002167,460,test
0.7469008,0.25309917,461,test
0.0055124727,0.9944876,462,test
0.016799496,0.98320055,463,test
0.16153423,0.8384658,464,test
0.00068140385,0.9993186,465,test
0.0012803972,0.9987196,466,test
0.6109069,0.38909316,467,test
0.95785075,0.042149223,468,test
0.0031516356,0.9968484,469,test
0.10182837,0.89817166,470,test
0.9937919,0.0062081465,471,test
0.0020717871,0.99792826,472,test
0.80845433,0.1915457,473,test
0.02311184,0.9768882,474,test
0.974037,0.025963,475,test
0.8732401,0.12675992,476,test
0.506955,0.49304497,477,test
0.003891058,0.99610895,478,test
0.9924529,0.007547127,479,test
0.022121562,0.97787845,480,test
0.6138608,0.38613915,481,test
0.9727874,0.027212659,482,test
0.002211375,0.99778867,483,test
0.001271413,0.9987286,484,test
0.4932808,0.5067192,485,test
0.9886728,0.0113271605,486,test
0.993985,0.006015057,487,test
0.97715855,0.022841452,488,test
0.9834493,0.016550764,489,test
0.0036266726,0.99637336,490,test
0.9773244,0.022675533,491,test
0.021132786,0.9788672,492,test
0.32843047,0.67156947,493,test
0.0047438554,0.9952561,494,test
0.99139094,0.00860907,495,test
0.97598064,0.024019387,496,test
0.002070355,0.9979297,497,test
0.57815325,0.4218468,498,test
0.97656906,0.023430973,499,test
0.58752394,0.4124761,500,test
0.003998362,0.99600166,501,test
0.2173779,0.7826221,502,test
0.002918374,0.9970816,503,test
0.82319534,0.17680468,504,test
0.002739338,0.9972607,505,test
0.99490935,0.0050906595,506,test
0.9404333,0.05956662,507,test
0.9410065,0.05899347,508,test
0.97252357,0.02747639,509,test
0.004442951,0.995557,510,test
0.9907391,0.009260932,511,test
0.0017638189,0.9982362,512,test
0.9921719,0.007828094,513,test
0.99595684,0.004043174,514,test
0.9975641,0.0024359317,515,test
0.29833746,0.70166254,516,test
0.0015973732,0.99840266,517,test
0.0035706058,0.9964294,518,test
0.99058527,0.009414742,519,test
0.9053062,0.094693765,520,test
0.0008723605,0.9991277,521,test
0.0042194976,0.99578047,522,test
0.5247917,0.47520828,523,test
0.25099757,0.7490024,524,test
0.9441629,0.05583704,525,test
0.014734034,0.98526603,526,test
0.9944186,0.0055814018,527,test
0.0039492007,0.9960508,528,test
0.9827033,0.01729674,529,test
0.004946082,0.9950539,530,test
0.9871811,0.012818855,531,test
0.17221634,0.82778364,532,test
0.99348056,0.0065195,533,test
0.023701927,0.9762981,534,test
0.0013053338,0.9986947,535,test
0.9942463,0.005753677,536,test
0.969619,0.03038099,537,test
0.052508816,0.9474912,538,test
0.9399103,0.06008975,539,test
0.7444489,0.25555113,540,test
0.45816132,0.54183865,541,test
0.87525934,0.12474067,542,test
0.29452533,0.7054747,543,test
0.9778088,0.022191223,544,test
0.9849679,0.01503217,545,test
0.9614121,0.038587894,546,test
0.0071193655,0.9928806,547,test
0.9907685,0.009231491,548,test
0.10850545,0.8914946,549,test
0.2510207,0.7489793,550,test
0.9866811,0.0133188935,551,test
0.9783483,0.021651685,552,test
0.023486905,0.9765131,553,test
0.40739045,0.5926096,554,test
0.52320063,0.47679937,555,test
0.04499885,0.9550012,556,test
0.026750835,0.9732492,557,test
0.0016753044,0.9983247,558,test
0.93941534,0.060584642,559,test
0.06555466,0.9344453,560,test
0.8791868,0.120813146,561,test
0.0015380747,0.99846196,562,test
0.33829525,0.6617047,563,test
0.0015624418,0.9984376,564,test
0.1345801,0.86541986,565,test
0.01354379,0.9864563,566,test
0.9903464,0.009653667,567,test
0.0020760656,0.99792385,568,test
0.0048704324,0.9951296,569,test
0.9760358,0.023964245,570,test
0.017177602,0.98282236,571,test
0.03316599,0.96683407,572,test
0.9895196,0.010480404,573,test
0.9881104,0.011889523,574,test
0.001255295,0.9987447,575,test
0.0018809278,0.99811906,576,test
0.9653576,0.03464243,577,test
0.014372714,0.9856273,578,test
0.9917921,0.00820797,579,test
0.98871964,0.011280392,580,test
0.9919133,0.008086721,581,test
0.0041710143,0.9958289,582,test
0.99329126,0.0067086844,583,test
0.9452762,0.054723825,584,test
0.9939346,0.006065402,585,test
0.0011258605,0.9988741,586,test
0.982543,0.017456995,587,test
0.0014961462,0.9985039,588,test
0.9938081,0.006191943,589,test
0.005160899,0.99483913,590,test
0.056812983,0.943187,591,test
0.9845671,0.015432978,592,test
0.483489,0.516511,593,test
0.0037206006,0.9962794,594,test
0.19030192,0.80969805,595,test
0.14005107,0.859949,596,test
0.0030159974,0.99698395,597,test
0.0048939995,0.995106,598,test
0.9079412,0.09205872,599,test
0.9819456,0.018054448,600,test
0.9821929,0.017807057,601,test
0.0018580086,0.998142,602,test
0.9946668,0.0053332145,603,test
0.00069288566,0.99930716,604,test
0.45768592,0.54231405,605,test
0.0018612499,0.9981388,606,test
0.0027096039,0.9972904,607,test
0.116780885,0.8832192,608,test
0.23211443,0.76788557,609,test
0.9945991,0.005400926,610,test
0.0046418505,0.99535817,611,test
0.9627398,0.03726019,612,test
0.97548306,0.024516987,613,test
0.011503827,0.9884962,614,test
0.03730969,0.9626903,615,test
0.0016130767,0.998387,616,test
0.008965613,0.99103445,617,test
0.9744436,0.025556365,618,test
0.5708163,0.42918372,619,test
0.0037572875,0.99624276,620,test
0.9954407,0.004559248,621,test
0.010223625,0.9897764,622,test
0.9783292,0.021670902,623,test
0.00202095,0.9979791,624,test
0.00283776,0.99716216,625,test
0.65969884,0.3403012,626,test
0.00107732,0.99892265,627,test
0.12390321,0.87609684,628,test
0.0040210946,0.99597883,629,test
0.0035312136,0.9964688,630,test
0.98916364,0.010836359,631,test
0.9919886,0.008011391,632,test
0.9929087,0.007091256,633,test
0.90958625,0.090413764,634,test
0.3305744,0.6694256,635,test
0.4257549,0.5742451,636,test
0.8506039,0.14939608,637,test
0.9582388,0.041761205,638,test
0.07590226,0.9240977,639,test
0.21969709,0.78030294,640,test
0.008059063,0.9919409,641,test
0.6289564,0.37104362,642,test
0.9289384,0.07106166,643,test
0.24224707,0.7577529,644,test
0.995165,0.0048349937,645,test
0.9859154,0.014084609,646,test
0.0018386495,0.9981614,647,test
0.002853153,0.9971469,648,test
0.954834,0.045166053,649,test
0.004813806,0.99518627,650,test
0.693882,0.30611798,651,test
0.99100167,0.008998349,652,test
0.0032161234,0.99678385,653,test
0.0041092443,0.99589074,654,test
0.99242884,0.007571112,655,test
0.9214411,0.07855895,656,test
0.009014655,0.9909854,657,test
0.01457742,0.9854226,658,test
0.9418572,0.058142807,659,test
0.0020211933,0.99797887,660,test
0.005752455,0.99424756,661,test
0.13398185,0.8660181,662,test
0.84907347,0.1509265,663,test
0.0032005296,0.99679947,664,test
0.001604003,0.998396,665,test
0.98867935,0.011320679,666,test
0.9705274,0.029472573,667,test
0.99036205,0.00963803,668,test
0.0015086756,0.9984913,669,test
0.9915023,0.008497717,670,test
0.008332764,0.9916672,671,test
0.9873646,0.012635402,672,test
0.0021921864,0.9978078,673,test
0.0020735739,0.99792635,674,test
0.98993915,0.010060857,675,test
0.0008552021,0.9991448,676,test
0.6169848,0.38301525,677,test
0.9846022,0.015397803,678,test
0.001664635,0.9983354,679,test
0.0023349447,0.99766505,680,test
0.9596172,0.040382836,681,test
0.936268,0.063732,682,test
0.96011,0.03988996,683,test
0.0032081066,0.9967919,684,test
0.043401856,0.95659816,685,test
0.99262846,0.007371542,686,test
0.27123258,0.72876745,687,test
0.97616416,0.023835896,688,test
0.9915274,0.008472632,689,test
0.9937622,0.0062377704,690,test
0.97843325,0.02156675,691,test
0.9919274,0.0080726575,692,test
0.008662826,0.9913372,693,test
0.970289,0.029711092,694,test
0.9355202,0.06447987,695,test
0.9495553,0.050444692,696,test
0.0021918828,0.99780816,697,test
0.9846075,0.015392454,698,test
0.9845255,0.015474533,699,test
0.0040436042,0.99595636,700,test
0.0014591425,0.9985409,701,test
0.0017380575,0.998262,702,test
0.9466477,0.053352248,703,test
0.99217564,0.007824366,704,test
0.79757863,0.20242134,705,test
0.88903624,0.11096373,706,test
0.0072467914,0.9927532,707,test
0.8671037,0.1328963,708,test
0.002769165,0.9972308,709,test
0.0060280394,0.9939719,710,test
0.9941901,0.0058099693,711,test
0.0011457589,0.9988543,712,test
0.9920351,0.007964891,713,test
0.95655125,0.04344883,714,test
0.31913674,0.6808632,715,test
0.0009008637,0.99909914,716,test
0.003922146,0.99607784,717,test
0.9928028,0.007197215,718,test
0.001041316,0.9989587,719,test
0.0045818905,0.9954181,720,test
0.8971427,0.10285728,721,test
0.0017771223,0.9982229,722,test
0.0032258357,0.99677414,723,test
0.9743308,0.025669275,724,test
0.9687065,0.03129345,725,test
0.0024844573,0.99751556,726,test
0.0013302972,0.99866974,727,test
0.9006586,0.09934137,728,test
0.9948484,0.0051516453,729,test
0.0032611396,0.99673885,730,test
0.117762506,0.8822375,731,test
0.9742547,0.025745293,732,test
0.0100795375,0.9899205,733,test
0.9754994,0.02450065,734,test
0.0021303736,0.9978696,735,test
0.99002445,0.009975528,736,test
0.9767581,0.02324186,737,test
0.98536533,0.014634691,738,test
0.0027440824,0.997256,739,test
0.8877113,0.1122887,740,test
0.022144357,0.9778556,741,test
0.0013334741,0.9986665,742,test
0.0040868237,0.9959132,743,test
0.98508877,0.014911224,744,test
0.9083321,0.091667846,745,test
0.97782624,0.022173794,746,test
0.8538504,0.14614956,747,test
0.90640837,0.09359168,748,test
0.015400254,0.98459977,749,test
0.95351,0.046490066,750,test
0.97429097,0.025709018,751,test
0.2194949,0.78050506,752,test
0.0012615949,0.99873847,753,test
0.988478,0.011521929,754,test
0.88103694,0.11896304,755,test
0.08174225,0.9182578,756,test
0.027006017,0.97299397,757,test
0.9844416,0.015558384,758,test
0.9922829,0.0077171247,759,test
0.96452844,0.035471532,760,test
0.9157352,0.084264815,761,test
0.95459425,0.045405664,762,test
0.0058845677,0.99411535,763,test
0.21887475,0.78112525,764,test
0.0034377752,0.9965622,765,test
0.6584862,0.34151384,766,test
0.97921556,0.020784415,767,test
0.016157458,0.9838425,768,test
0.98736936,0.012630705,769,test
0.9926253,0.0073746582,770,test
0.9155466,0.08445341,771,test
0.9742012,0.025798805,772,test
0.9712479,0.028752098,773,test
0.43729535,0.5627047,774,test
0.98907757,0.010922478,775,test
0.21916401,0.7808359,776,test
0.97693324,0.023066761,777,test
0.9766435,0.02335652,778,test
0.012243473,0.9877565,779,test
0.0016682618,0.9983317,780,test
0.001213363,0.9987866,781,test
0.001552924,0.9984471,782,test
0.05123393,0.94876605,783,test
0.8886823,0.111317754,784,test
0.9919703,0.008029673,785,test
0.9646716,0.035328418,786,test
0.08982198,0.910178,787,test
0.81925464,0.18074533,788,test
0.0018518928,0.9981481,789,test
0.010043804,0.98995626,790,test
0.9721549,0.027845081,791,test
0.9717909,0.028209036,792,test
0.9626397,0.037360333,793,test
0.9926258,0.0073742466,794,test
0.10872508,0.89127487,795,test
0.92493826,0.07506181,796,test
0.041194547,0.95880544,797,test
0.61082256,0.3891774,798,test
0.9838833,0.016116714,799,test
0.0022606086,0.99773943,800,test
0.008645248,0.99135476,801,test
0.0016912363,0.9983088,802,test
0.96198475,0.038015243,803,test
0.9816414,0.018358605,804,test
0.0028515495,0.99714845,805,test
0.0032882139,0.99671173,806,test
0.0029657686,0.9970342,807,test
0.006519289,0.9934807,808,test
0.0047716,0.9952284,809,test
0.0041527203,0.9958473,810,test
0.5519856,0.44801435,811,test
0.989057,0.010942999,812,test
0.0037821035,0.9962179,813,test
0.0039833197,0.9960167,814,test
0.98769706,0.012302943,815,test
0.93966854,0.06033148,816,test
0.9918389,0.008161181,817,test
0.0027811658,0.99721885,818,test
0.9902672,0.009732786,819,test
0.9864515,0.013548511,820,test
0.9722715,0.027728459,821,test
0.93352365,0.06647641,822,test
0.926691,0.073309034,823,test
0.0025986012,0.9974015,824,test
0.99048984,0.009510199,825,test
0.046438307,0.95356166,826,test
0.75611335,0.24388665,827,test
0.0014126018,0.99858737,828,test
0.21187823,0.78812176,829,test
0.03189399,0.96810603,830,test
0.06814163,0.9318584,831,test
0.008840078,0.99116,832,test
0.9948218,0.005178234,833,test
0.987872,0.012128018,834,test
0.9952722,0.004727833,835,test
0.0166812,0.9833188,836,test
0.9892602,0.010739813,837,test
0.97949547,0.020504553,838,test
0.0027792833,0.99722075,839,test
0.0033736033,0.9966264,840,test
0.5834714,0.41652855,841,test
0.0029102848,0.9970898,842,test
0.0036720275,0.99632794,843,test
0.0021182883,0.9978817,844,test
0.041882105,0.9581179,845,test
0.9929725,0.00702747,846,test
0.0018281058,0.9981719,847,test
0.3957808,0.6042192,848,test
0.9683524,0.031647682,849,test
0.942999,0.057000972,850,test
0.73592937,0.26407063,851,test
0.010001747,0.9899983,852,test
0.16349003,0.83650994,853,test
0.06334172,0.9366582,854,test
0.12790406,0.87209594,855,test
0.0142610455,0.98573893,856,test
0.0025265717,0.9974734,857,test
0.15425853,0.8457414,858,test
0.0014156239,0.9985844,859,test
0.97512233,0.024877649,860,test
0.0019198587,0.99808013,861,test
0.97763467,0.022365304,862,test
0.1242027,0.8757973,863,test
0.8543962,0.14560379,864,test
0.0010225344,0.99897754,865,test
0.94418883,0.055811208,866,test
0.95360786,0.046392083,867,test
0.0021427923,0.99785715,868,test
0.94702464,0.052975338,869,test
0.9943222,0.0056778146,870,test
0.9883012,0.01169873,871,test
0.9920157,0.007984236,872,test
0.016581954,0.98341805,873,test
0.97239673,0.02760328,874,test
0.002982975,0.997017,875,test
0.0023486807,0.9976513,876,test
0.0058313347,0.99416864,877,test
0.9931318,0.006868203,878,test
0.9948382,0.0051618465,879,test
0.7316392,0.2683608,880,test
0.0029971958,0.9970028,881,test
0.053714782,0.9462852,882,test
0.08818066,0.9118193,883,test
0.98564494,0.014355033,884,test
0.08554176,0.9144582,885,test
0.0022813764,0.9977187,886,test
0.96702,0.032980092,887,test
0.96918285,0.03081715,888,test
0.80677706,0.19322297,889,test
0.0019028317,0.9980971,890,test
0.013641044,0.98635894,891,test
0.0047338163,0.9952662,892,test
0.9967989,0.003201042,893,test
0.61069965,0.3893004,894,test
0.9955004,0.0044995784,895,test
0.9585737,0.041426312,896,test
0.9329546,0.067045435,897,test
0.841191,0.15880902,898,test
0.0012600315,0.99874,899,test
0.0020528713,0.99794716,900,test
0.9872493,0.01275071,901,test
0.7887733,0.21122672,902,test
0.8948798,0.10512017,903,test
0.9624767,0.037523363,904,test
0.03551992,0.9644801,905,test
0.0014485429,0.9985514,906,test
0.96852654,0.03147341,907,test
0.04800859,0.95199144,908,test
0.0022447256,0.99775535,909,test
0.98282176,0.017178206,910,test
0.0025932994,0.99740666,911,test
0.021353107,0.97864693,912,test
0.30101845,0.6989816,913,test
0.9749619,0.025038172,914,test
0.9728874,0.027112536,915,test
0.0020410344,0.997959,916,test
0.9924474,0.0075526186,917,test
0.002881678,0.99711835,918,test
0.9953622,0.0046377853,919,test
0.029755633,0.9702444,920,test
0.9923537,0.007646239,921,test
0.9743532,0.02564681,922,test
0.005659238,0.9943408,923,test
0.059252,0.94074804,924,test
0.9874592,0.012540763,925,test
0.9923923,0.0076077087,926,test
0.44546083,0.5545392,927,test
0.9493809,0.05061911,928,test
0.0029161186,0.99708384,929,test
0.026624084,0.9733759,930,test
0.03351211,0.9664878,931,test
0.98172814,0.018271828,932,test
0.009343801,0.9906562,933,test
0.985776,0.0142239835,934,test
0.038783386,0.9612167,935,test
0.03440888,0.9655912,936,test
0.0015470396,0.9984529,937,test
0.0013756761,0.9986243,938,test
0.9883188,0.011681212,939,test
0.020727228,0.9792727,940,test
0.97921205,0.020787975,941,test
0.97760665,0.022393307,942,test
0.0027101403,0.9972899,943,test
0.0014116203,0.9985884,944,test
0.9910813,0.008918774,945,test
0.008118646,0.9918813,946,test
0.523122,0.47687793,947,test
0.0013896663,0.99861026,948,test
0.99235064,0.007649337,949,test
0.0077124187,0.99228764,950,test
0.99386215,0.0061377925,951,test
0.91403913,0.085960865,952,test
0.001674008,0.998326,953,test
0.2572133,0.7427867,954,test
0.024161013,0.975839,955,test
0.0018180143,0.99818206,956,test
0.988429,0.011571068,957,test
0.96903396,0.030966014,958,test
0.009081414,0.9909185,959,test
0.004106654,0.99589336,960,test
0.81133497,0.188665,961,test
0.0016142414,0.9983858,962,test
0.0012385476,0.9987614,963,test
0.03774938,0.9622506,964,test
0.0056857103,0.99431425,965,test
0.079336524,0.9206635,966,test
0.9881926,0.011807332,967,test
0.006418952,0.99358106,968,test
0.5341035,0.46589652,969,test
0.0022188008,0.9977812,970,test
0.015082796,0.9849172,971,test
0.0023999778,0.9976,972,test
0.00208547,0.9979145,973,test
0.9889262,0.011073832,974,test
0.99007434,0.009925607,975,test
0.0032656267,0.9967344,976,test
0.0021242856,0.9978757,977,test
0.027175821,0.97282416,978,test
0.0058038966,0.99419606,979,test
0.9927086,0.007291459,980,test
0.37836713,0.6216328,981,test
0.9946766,0.0053234366,982,test
0.97649914,0.023500865,983,test
0.03317694,0.96682304,984,test
0.9862933,0.013706647,985,test
0.13456237,0.8654376,986,test
0.005251987,0.99474806,987,test
0.8693391,0.13066088,988,test
0.98746294,0.012537044,989,test
0.9920907,0.007909297,990,test
0.9905785,0.009421522,991,test
0.36289024,0.6371098,992,test
0.9871066,0.012893306,993,test
0.9193519,0.08064812,994,test
0.03636092,0.963639,995,test
0.0022406434,0.99775934,996,test
0.35408664,0.6459134,997,test
0.003361273,0.9966388,998,test
0.983489,0.016511042,999,test
0.9677219,0.032278135,1000,test
0.9750963,0.02490373,1001,test
0.0032857612,0.99671423,1002,test
0.9870884,0.012911622,1003,test
0.3951011,0.6048989,1004,test
0.004214241,0.9957858,1005,test
0.013004053,0.98699594,1006,test
0.9756049,0.024395054,1007,test
0.99443454,0.005565519,1008,test
0.002029668,0.9979703,1009,test
0.005846445,0.99415356,1010,test
0.018247237,0.98175275,1011,test
0.959445,0.04055496,1012,test
0.043495137,0.9565049,1013,test
0.13790606,0.862094,1014,test
0.0027619638,0.99723804,1015,test
0.994863,0.0051369886,1016,test
0.9888732,0.011126855,1017,test
0.9837361,0.016263874,1018,test
0.98654556,0.013454459,1019,test
0.87586945,0.124130525,1020,test
0.438071,0.5619289,1021,test
0.9921193,0.007880657,1022,test
0.9903837,0.009616307,1023,test
0.0025923857,0.9974076,1024,test
0.0076757614,0.99232423,1025,test
0.002035306,0.99796474,1026,test
0.002627981,0.99737203,1027,test
0.012706953,0.987293,1028,test
0.9712053,0.028794747,1029,test
0.0076488703,0.9923511,1030,test
0.14323692,0.8567631,1031,test
0.98679,0.013209973,1032,test
0.011886947,0.9881131,1033,test
0.028994482,0.9710055,1034,test
0.0021700647,0.99783,1035,test
0.8995283,0.10047165,1036,test
0.009979569,0.9900204,1037,test
0.9221911,0.07780891,1038,test
0.98542976,0.014570174,1039,test
0.9874936,0.012506371,1040,test
0.11245568,0.8875443,1041,test
0.9820448,0.017955244,1042,test
0.012458076,0.987542,1043,test
0.09637889,0.90362114,1044,test
0.027834738,0.9721653,1045,test
0.99103874,0.008961264,1046,test
0.0061005163,0.99389946,1047,test
0.9951013,0.0048987204,1048,test
0.0025974002,0.9974026,1049,test
0.9527964,0.047203608,1050,test
0.013180134,0.9868198,1051,test
0.9939085,0.006091433,1052,test
0.0045809844,0.995419,1053,test
0.052056838,0.9479432,1054,test
0.0054398063,0.9945602,1055,test
0.9686553,0.03134468,1056,test
0.98997,0.010029968,1057,test
0.98915243,0.010847573,1058,test
0.9485192,0.05148078,1059,test
0.9942761,0.005723931,1060,test
0.991666,0.008334021,1061,test
0.09485196,0.905148,1062,test
0.024464969,0.97553504,1063,test
0.37270522,0.6272947,1064,test
0.17937508,0.82062495,1065,test
0.0038851574,0.99611485,1066,test
0.85511065,0.14488937,1067,test
0.002539126,0.99746084,1068,test
0.0024140668,0.9975859,1069,test
0.0013853573,0.99861467,1070,test
0.014997874,0.9850021,1071,test
0.96193844,0.038061623,1072,test
0.003052067,0.99694794,1073,test
0.01161365,0.98838633,1074,test
0.7763345,0.22366554,1075,test
0.9652276,0.034772336,1076,test
0.5421854,0.45781463,1077,test
0.118312314,0.8816877,1078,test
0.9920493,0.007950745,1079,test
0.99452776,0.0054721776,1080,test
0.05177909,0.9482209,1081,test
0.9950818,0.0049182666,1082,test
0.7045852,0.29541487,1083,test
0.97043455,0.029565463,1084,test
0.02326144,0.9767386,1085,test
0.9566971,0.043302957,1086,test
0.98870033,0.011299644,1087,test
0.013251835,0.9867482,1088,test
0.96559584,0.034404147,1089,test
0.98173,0.018269995,1090,test
0.47817662,0.52182335,1091,test
0.9780959,0.02190412,1092,test
0.14292273,0.8570773,1093,test
0.99146444,0.008535619,1094,test
0.30870426,0.6912957,1095,test
0.040740557,0.95925945,1096,test
0.0037695803,0.9962304,1097,test
0.9858586,0.014141395,1098,test
0.029984195,0.97001576,1099,test
0.008375641,0.9916244,1100,test
0.91627675,0.08372323,1101,test
0.94441205,0.05558797,1102,test
0.0031440717,0.99685585,1103,test
0.0018662873,0.9981337,1104,test
0.99248236,0.0075175716,1105,test
0.0023988478,0.9976012,1106,test
0.9837637,0.016236274,1107,test
0.001852802,0.99814725,1108,test
0.8948112,0.10518885,1109,test
0.9213017,0.07869825,1110,test
0.99366623,0.006333773,1111,test
0.030925967,0.969074,1112,test
0.22395323,0.7760468,1113,test
0.0035883714,0.9964116,1114,test
0.0081034675,0.99189657,1115,test
0.0048630405,0.99513704,1116,test
0.004424056,0.9955759,1117,test
0.0027248727,0.9972752,1118,test
0.9688298,0.031170173,1119,test
0.99604464,0.003955337,1120,test
0.6315182,0.36848179,1121,test
0.015947241,0.9840528,1122,test
0.9838164,0.016183624,1123,test
0.98942894,0.010571128,1124,test
0.8261978,0.17380221,1125,test
0.0060506444,0.9939494,1126,test
0.97983176,0.020168213,1127,test
0.003262513,0.9967374,1128,test
0.0027808193,0.9972192,1129,test
0.030097332,0.9699027,1130,test
0.0012950759,0.9987049,1131,test
0.9837632,0.016236784,1132,test
0.9909627,0.009037332,1133,test
0.9796822,0.020317776,1134,test
0.0052828924,0.9947172,1135,test
0.041856978,0.958143,1136,test
0.99532866,0.004671351,1137,test
0.003063583,0.99693644,1138,test
0.9482516,0.051748432,1139,test
0.004131778,0.9958682,1140,test
0.0050280443,0.994972,1141,test
0.29886687,0.70113313,1142,test
0.9904963,0.0095037585,1143,test
0.70945376,0.2905463,1144,test
0.99233997,0.007659993,1145,test
0.98460764,0.015392368,1146,test
0.98865205,0.011347898,1147,test
0.33414033,0.6658597,1148,test
0.002580897,0.9974191,1149,test
0.987015,0.012985034,1150,test
0.9741675,0.02583249,1151,test
0.9956546,0.0043454156,1152,test
0.5938057,0.40619433,1153,test
0.9758507,0.024149287,1154,test
0.0007741057,0.99922585,1155,test
0.5155945,0.48440546,1156,test
0.9798126,0.020187324,1157,test
0.96759707,0.032402884,1158,test
0.21689649,0.7831035,1159,test
0.9706673,0.0293327,1160,test
0.001616563,0.9983834,1161,test
0.9688844,0.031115623,1162,test
0.0010422668,0.99895775,1163,test
0.009697531,0.9903025,1164,test
0.99391407,0.0060858983,1165,test
0.004058258,0.9959417,1166,test
0.0006305622,0.99936944,1167,test
0.05843935,0.9415607,1168,test
0.0033948065,0.99660516,1169,test
0.9811349,0.018865144,1170,test
0.99110633,0.008893625,1171,test
0.07620267,0.9237973,1172,test
0.013310887,0.98668915,1173,test
0.98969954,0.01030049,1174,test
0.0014246587,0.9985753,1175,test
0.07439169,0.92560834,1176,test
0.043582983,0.95641696,1177,test
0.99374133,0.0062586465,1178,test
0.0024445576,0.99755543,1179,test
0.0109409345,0.9890591,1180,test
0.9670606,0.032939374,1181,test
0.9869624,0.013037536,1182,test
0.2655303,0.7344697,1183,test
0.9951827,0.0048173456,1184,test
0.0013411338,0.9986589,1185,test
0.0070922263,0.99290776,1186,test
0.9647137,0.03528636,1187,test
0.99052984,0.009470116,1188,test
0.9833347,0.01666525,1189,test
0.98371214,0.016287878,1190,test
0.003306345,0.9966936,1191,test
0.9913235,0.008676535,1192,test
0.012983287,0.98701674,1193,test
0.00044470644,0.9995553,1194,test
0.9724327,0.027567338,1195,test
0.95015997,0.04984002,1196,test
0.02135215,0.9786478,1197,test
0.0006102575,0.99938977,1198,test
0.001750885,0.9982492,1199,test
0.0012886284,0.99871135,1200,test
0.00092122256,0.99907875,1201,test
0.0044847727,0.9955153,1202,test
0.8727114,0.12728854,1203,test
0.9831238,0.016876198,1204,test
0.9857163,0.014283768,1205,test
0.9947923,0.005207646,1206,test
0.9782535,0.021746524,1207,test
0.95980376,0.040196273,1208,test
0.68211585,0.31788418,1209,test
0.8335353,0.16646466,1210,test
0.00416091,0.9958391,1211,test
0.9886156,0.011384356,1212,test
0.8701074,0.12989262,1213,test
0.050387777,0.94961214,1214,test
0.98679245,0.0132075865,1215,test
0.9780814,0.021918567,1216,test
0.9955189,0.0044810823,1217,test
0.06030278,0.93969727,1218,test
0.9778788,0.022121215,1219,test
0.9953525,0.0046475027,1220,test
0.99301165,0.0069883955,1221,test
0.79034203,0.20965795,1222,test
0.019357398,0.9806426,1223,test
0.0036235612,0.99637645,1224,test
0.0031778882,0.9968221,1225,test
0.5275343,0.4724657,1226,test
0.002785022,0.9972149,1227,test
0.0038063908,0.99619365,1228,test
0.022004085,0.9779959,1229,test
0.13539755,0.86460245,1230,test
0.0055230963,0.994477,1231,test
0.8629304,0.13706958,1232,test
0.98273385,0.017266145,1233,test
0.97625345,0.023746544,1234,test
0.0052123787,0.9947876,1235,test
0.7185271,0.28147295,1236,test
0.002861319,0.99713874,1237,test
0.87841266,0.121587396,1238,test
0.9940228,0.0059771556,1239,test
0.35738543,0.64261454,1240,test
0.011784004,0.98821604,1241,test
0.12293945,0.87706053,1242,test
0.03835666,0.96164334,1243,test
0.9912573,0.008742752,1244,test
0.92698437,0.073015615,1245,test
0.87783986,0.122160114,1246,test
0.97002083,0.029979162,1247,test
0.0017824731,0.9982175,1248,test
0.028219085,0.9717809,1249,test
0.9522127,0.047787312,1250,test
0.09162415,0.9083759,1251,test
0.028281543,0.97171843,1252,test
0.002731941,0.9972681,1253,test
0.99508744,0.0049125403,1254,test
0.06506414,0.9349358,1255,test
0.057205133,0.94279486,1256,test
0.93376267,0.06623734,1257,test
0.05272212,0.9472779,1258,test
0.9761914,0.023808587,1259,test
0.10156067,0.89843935,1260,test
0.0017730523,0.99822694,1261,test
0.0036679304,0.9963321,1262,test
0.99707794,0.0029220504,1263,test
0.85817206,0.14182796,1264,test
0.015668524,0.9843315,1265,test
0.91066146,0.08933857,1266,test
0.14087717,0.8591229,1267,test
0.0030473785,0.99695265,1268,test
0.98885894,0.011141066,1269,test
0.99639195,0.003608071,1270,test
0.002014481,0.9979855,1271,test
0.008952704,0.9910473,1272,test
0.0029633571,0.9970367,1273,test
0.009053895,0.9909462,1274,test
0.0036538544,0.9963462,1275,test
0.91083634,0.08916365,1276,test
0.99093103,0.009068918,1277,test
0.003466982,0.99653304,1278,test
0.9885168,0.011483142,1279,test
0.995741,0.004258993,1280,test
0.0077505517,0.9922495,1281,test
0.0070656985,0.99293435,1282,test
0.45931777,0.54068226,1283,test
0.0033608398,0.99663913,1284,test
0.57941765,0.42058232,1285,test
0.002801357,0.9971986,1286,test
0.007767318,0.9922327,1287,test
0.11467495,0.8853251,1288,test
0.9963529,0.003647054,1289,test
0.0037907227,0.99620926,1290,test
0.99274147,0.0072585153,1291,test
0.014006497,0.9859935,1292,test
0.99589866,0.004101263,1293,test
0.9348791,0.06512084,1294,test
0.05034589,0.9496541,1295,test
0.993361,0.006639018,1296,test
0.9847541,0.015245894,1297,test
0.9886751,0.011324833,1298,test
0.39083555,0.6091644,1299,test
0.98925614,0.010743926,1300,test
0.0025743074,0.9974256,1301,test
0.8025112,0.1974888,1302,test
0.96910256,0.03089739,1303,test
0.002416766,0.99758327,1304,test
0.006064341,0.99393564,1305,test
0.004357199,0.9956428,1306,test
0.0038013253,0.9961986,1307,test
0.0020109422,0.99798906,1308,test
0.9913455,0.008654469,1309,test
0.7591699,0.24083008,1310,test
0.9956801,0.0043199295,1311,test
0.92565453,0.074345514,1312,test
0.010576424,0.9894236,1313,test
0.9753661,0.02463384,1314,test
0.95852435,0.041475676,1315,test
0.9933564,0.0066435477,1316,test
0.97945845,0.02054159,1317,test
0.9723226,0.027677426,1318,test
0.021760006,0.97823995,1319,test
0.44376957,0.5562304,1320,test
0.06236778,0.9376322,1321,test
0.0037612463,0.9962387,1322,test
0.99588615,0.0041138777,1323,test
0.88520247,0.11479748,1324,test
0.008931739,0.99106824,1325,test
0.002250397,0.9977496,1326,test
0.008777714,0.99122226,1327,test
0.11506038,0.8849396,1328,test
0.9925504,0.0074496064,1329,test
0.19900945,0.8009906,1330,test
0.9065497,0.09345033,1331,test
0.030782191,0.9692178,1332,test
0.004480228,0.99551976,1333,test
0.113643266,0.8863568,1334,test
0.98924017,0.010759805,1335,test
0.9768301,0.023169832,1336,test
0.5689507,0.43104935,1337,test
0.0037736134,0.99622643,1338,test
0.0026144912,0.99738556,1339,test
0.93869865,0.061301358,1340,test
0.99290246,0.00709749,1341,test
0.009479515,0.9905205,1342,test
0.0024425911,0.9975574,1343,test
0.060624555,0.93937546,1344,test
0.0018043101,0.9981957,1345,test
0.9482189,0.051781166,1346,test
0.005232834,0.9947672,1347,test
0.6325568,0.36744317,1348,test
0.0137812225,0.98621875,1349,test
0.99232,0.0076800347,1350,test
0.006673895,0.99332607,1351,test
0.16570225,0.8342978,1352,test
0.070092924,0.9299071,1353,test
0.64642656,0.35357344,1354,test
0.9809682,0.01903182,1355,test
0.015111265,0.9848888,1356,test
0.005102829,0.9948972,1357,test
0.002816375,0.9971836,1358,test
0.98384005,0.016159961,1359,test
0.99461925,0.005380756,1360,test
0.0023280645,0.9976719,1361,test
0.0076746,0.9923254,1362,test
0.9910711,0.008928933,1363,test
0.9961778,0.003822175,1364,test
0.7852289,0.21477112,1365,test
0.010631746,0.98936826,1366,test
0.84004945,0.15995055,1367,test
0.019803058,0.98019695,1368,test
0.8995962,0.10040373,1369,test
0.64089686,0.3591031,1370,test
0.9453953,0.05460464,1371,test
0.9927659,0.0072340374,1372,test
0.99255425,0.0074457927,1373,test
0.016063254,0.9839368,1374,test
0.2903426,0.70965743,1375,test
0.003619912,0.99638015,1376,test
0.93812984,0.061870195,1377,test
0.77175635,0.22824366,1378,test
0.22806703,0.77193296,1379,test
0.0031635389,0.9968364,1380,test
0.91172236,0.08827762,1381,test
0.024108296,0.9758917,1382,test
0.030855905,0.9691441,1383,test
0.004734551,0.9952655,1384,test
0.8441676,0.15583241,1385,test
0.004440181,0.9955598,1386,test
0.0058684894,0.9941315,1387,test
0.9961217,0.0038782929,1388,test
0.9969805,0.003019498,1389,test
0.9703973,0.02960267,1390,test
0.9030453,0.09695471,1391,test
0.049386155,0.9506138,1392,test
0.0017895153,0.99821055,1393,test
0.9917389,0.008261063,1394,test
0.11923493,0.880765,1395,test
0.0071669137,0.99283314,1396,test
0.002075874,0.9979241,1397,test
0.8780196,0.12198038,1398,test
0.0017303309,0.9982697,1399,test
0.0024738817,0.9975261,1400,test
0.21739891,0.7826011,1401,test
0.9943845,0.005615431,1402,test
0.0038609933,0.996139,1403,test
0.9938232,0.006176823,1404,test
0.02387718,0.9761228,1405,test
0.16850841,0.83149165,1406,test
0.99438643,0.0056136395,1407,test
0.9634765,0.03652356,1408,test
0.00858799,0.99141204,1409,test
0.98266786,0.017332146,1410,test
0.002446076,0.997554,1411,test
0.99338865,0.006611282,1412,test
0.0017068986,0.9982931,1413,test
0.06831263,0.9316873,1414,test
0.05708594,0.9429141,1415,test
0.0017378342,0.9982622,1416,test
0.97951186,0.02048821,1417,test
0.0044377116,0.9955623,1418,test
0.008142293,0.9918577,1419,test
0.9886891,0.0113109015,1420,test
0.051550835,0.9484492,1421,test
0.98250914,0.017490808,1422,test
0.0018837535,0.99811625,1423,test
0.0028488473,0.9971512,1424,test
0.92217505,0.07782492,1425,test
0.99427503,0.005725017,1426,test
0.7842558,0.21574417,1427,test
0.9866832,0.013316845,1428,test
0.99435425,0.0056457943,1429,test
0.6865914,0.3134086,1430,test
0.003718409,0.99628156,1431,test
0.40814623,0.59185374,1432,test
0.9905813,0.0094186645,1433,test
0.99307245,0.006927568,1434,test
0.9890154,0.010984643,1435,test
0.08375933,0.91624063,1436,test
0.0061618187,0.99383813,1437,test
0.06685625,0.9331438,1438,test
0.0009840234,0.9990159,1439,test
0.98759884,0.0124012465,1440,test
0.9960444,0.003955667,1441,test
0.06843394,0.93156606,1442,test
0.981858,0.018141972,1443,test
0.0017315503,0.9982685,1444,test
0.95574725,0.044252705,1445,test
0.918216,0.081784025,1446,test
0.7650527,0.23494737,1447,test
0.009579539,0.99042046,1448,test
0.95798796,0.042012017,1449,test
0.11379336,0.8862066,1450,test
0.010870529,0.9891294,1451,test
0.88370496,0.1162951,1452,test
0.957666,0.042334076,1453,test
0.0012845162,0.9987155,1454,test
0.06517258,0.9348274,1455,test
0.546212,0.453788,1456,test
0.08880976,0.9111903,1457,test
0.9938671,0.006132961,1458,test
0.01492559,0.9850744,1459,test
0.9823391,0.017660953,1460,test
0.0007059601,0.99929404,1461,test
0.010226404,0.9897736,1462,test
0.94704777,0.052952256,1463,test
0.0022575841,0.9977424,1464,test
0.70191044,0.29808956,1465,test
0.9864151,0.01358491,1466,test
0.00100626,0.9989937,1467,test
0.9917864,0.0082136085,1468,test
0.1768722,0.8231278,1469,test
0.2597222,0.74027777,1470,test
0.0027863188,0.99721366,1471,test
0.0036275047,0.9963726,1472,test
0.988089,0.011910947,1473,test
0.98680174,0.013198269,1474,test
0.010539091,0.9894609,1475,test
0.88247555,0.11752446,1476,test
0.23154186,0.7684582,1477,test
0.07084152,0.92915845,1478,test
0.0041985917,0.9958014,1479,test
0.27670127,0.7232988,1480,test
0.99162805,0.008371938,1481,test
0.9950671,0.0049329153,1482,test
0.98679686,0.013203119,1483,test
0.99014574,0.009854205,1484,test
0.91870266,0.081297316,1485,test
0.2843324,0.7156676,1486,test
0.9930924,0.006907566,1487,test
0.1470314,0.85296863,1488,test
0.002323839,0.9976762,1489,test
0.9913589,0.008641118,1490,test
0.9026457,0.097354285,1491,test
0.0008117081,0.99918824,1492,test
0.42661023,0.5733897,1493,test
0.9944911,0.005508919,1494,test
0.9913119,0.008688084,1495,test
0.02547155,0.97452843,1496,test
0.6426161,0.3573839,1497,test
0.8768047,0.12319535,1498,test
0.00266548,0.9973346,1499,test
0.084851824,0.9151482,1500,test
0.9520728,0.047927175,1501,test
0.9964896,0.0035104258,1502,test
0.0021482736,0.9978517,1503,test
0.035391532,0.9646085,1504,test
0.9091269,0.090873115,1505,test
0.01805121,0.9819488,1506,test
0.15588136,0.84411865,1507,test
0.93378055,0.06621951,1508,test
0.0013374608,0.9986626,1509,test
0.046123944,0.953876,1510,test
0.0009147231,0.9990853,1511,test
0.95859015,0.04140983,1512,test
0.84956384,0.15043615,1513,test
0.9904919,0.009508033,1514,test
0.98705,0.012950013,1515,test
0.9880074,0.011992539,1516,test
0.005568248,0.9944318,1517,test
0.04271795,0.95728207,1518,test
0.9946596,0.005340378,1519,test
0.9895671,0.010432831,1520,test
0.19434907,0.8056509,1521,test
0.0027505544,0.9972494,1522,test
0.96067166,0.03932836,1523,test
0.0049277036,0.9950723,1524,test
0.4808818,0.51911825,1525,test
0.0033863187,0.9966137,1526,test
0.061489128,0.93851084,1527,test
0.064037584,0.9359624,1528,test
0.033521034,0.96647894,1529,test
0.64960307,0.35039687,1530,test
0.0020895,0.99791044,1531,test
0.99296945,0.007030542,1532,test
0.9907142,0.009285847,1533,test
0.0021062172,0.99789375,1534,test
0.0019528229,0.9980471,1535,test
0.0013431048,0.99865687,1536,test
0.9250548,0.074945174,1537,test
0.92573696,0.0742631,1538,test
0.88253146,0.11746858,1539,test
0.52401894,0.47598106,1540,test
0.0029337355,0.9970663,1541,test
0.97541815,0.024581822,1542,test
0.71589977,0.2841002,1543,test
0.0068998183,0.99310017,1544,test
0.99029106,0.009708948,1545,test
0.979292,0.020708017,1546,test
0.38405797,0.615942,1547,test
0.9818824,0.018117663,1548,test
0.8592117,0.14078836,1549,test
0.0010255215,0.99897444,1550,test
0.4242087,0.5757913,1551,test
0.038150147,0.96184987,1552,test
0.98909014,0.010909816,1553,test
0.0025185058,0.9974815,1554,test
0.97626585,0.023734167,1555,test
0.34057662,0.6594234,1556,test
0.9657847,0.03421528,1557,test
0.024372583,0.97562736,1558,test
0.0004901841,0.9995098,1559,test
0.9533158,0.046684194,1560,test
0.0014054017,0.9985946,1561,test
0.0011011106,0.99889886,1562,test
0.013262614,0.98673743,1563,test
0.0013265881,0.99867344,1564,test
0.0013323836,0.9986676,1565,test
0.9326824,0.067317575,1566,test
0.9788319,0.021168068,1567,test
0.85601664,0.14398336,1568,test
0.78268117,0.2173188,1569,test
0.0009321874,0.99906784,1570,test
0.9608587,0.03914131,1571,test
0.0023002285,0.9976998,1572,test
0.44016182,0.5598382,1573,test
0.92803085,0.07196921,1574,test
0.9855027,0.014497249,1575,test
0.9804639,0.019536108,1576,test
0.87721545,0.122784495,1577,test
0.9452856,0.05471445,1578,test
0.1662249,0.8337751,1579,test
0.006158418,0.9938415,1580,test
0.3672945,0.6327055,1581,test
0.003231036,0.99676895,1582,test
0.0006885825,0.99931145,1583,test
0.007219676,0.9927804,1584,test
0.0034439575,0.99655604,1585,test
0.030289127,0.9697109,1586,test
0.92716104,0.07283897,1587,test
0.88271433,0.11728571,1588,test
0.97800547,0.021994555,1589,test
0.9532881,0.046711918,1590,test
0.97659063,0.02340939,1591,test
0.9908708,0.009129274,1592,test
0.99147147,0.008528539,1593,test
0.8438914,0.15610856,1594,test
0.0033487517,0.99665123,1595,test
0.8473768,0.15262312,1596,test
0.98997504,0.010024912,1597,test
0.9213471,0.07865292,1598,test
0.972838,0.02716201,1599,test
0.9372561,0.0627439,1600,test
0.0018222384,0.99817777,1601,test
0.96130335,0.03869661,1602,test
0.8286581,0.17134185,1603,test
0.84479797,0.15520203,1604,test
0.01800844,0.9819916,1605,test
0.0013167327,0.9986833,1606,test
0.9427151,0.05728487,1607,test
0.9898559,0.010144159,1608,test
0.00625068,0.9937494,1609,test
0.99276817,0.007231822,1610,test
0.9460347,0.053965334,1611,test
0.9887139,0.011286095,1612,test
0.0005633909,0.99943656,1613,test
0.000843203,0.99915683,1614,test
0.88149077,0.1185093,1615,test
0.9908921,0.009107964,1616,test
0.18134543,0.81865454,1617,test
0.7241955,0.27580458,1618,test
0.137031,0.86296904,1619,test
0.9617011,0.038298927,1620,test
0.9909299,0.009070088,1621,test
0.7199237,0.28007635,1622,test
0.30929586,0.6907041,1623,test
0.99050015,0.009499926,1624,test
0.9866035,0.013396518,1625,test
0.9611389,0.038861047,1626,test
0.9811715,0.018828481,1627,test
0.042490922,0.9575091,1628,test
0.0004542657,0.99954575,1629,test
0.9871978,0.012802218,1630,test
0.21988861,0.7801114,1631,test
0.0008212583,0.9991787,1632,test
0.0009186478,0.9990814,1633,test
0.89390385,0.106096156,1634,test
0.990131,0.009868946,1635,test
0.84113127,0.1588687,1636,test
0.98628414,0.013715849,1637,test
0.29440728,0.7055927,1638,test
0.82195944,0.17804061,1639,test
0.004196477,0.99580353,1640,test
0.5039066,0.49609342,1641,test
0.1424786,0.8575214,1642,test
0.98439527,0.015604774,1643,test
0.9783589,0.02164103,1644,test
0.00083392375,0.99916613,1645,test
0.0010212823,0.99897873,1646,test
0.95523924,0.044760827,1647,test
0.007561745,0.99243826,1648,test
0.87881297,0.12118708,1649,test
0.030459864,0.9695402,1650,test
0.0028869882,0.997113,1651,test
0.94993585,0.050064165,1652,test
0.94261426,0.057385724,1653,test
0.0038033198,0.99619675,1654,test
0.96851873,0.031481218,1655,test
0.5249555,0.4750445,1656,test
0.0008123736,0.99918765,1657,test
0.0037355549,0.9962644,1658,test
0.007223569,0.9927764,1659,test
0.0011882856,0.9988117,1660,test
0.76076055,0.23923944,1661,test
0.041725557,0.9582744,1662,test
0.98964757,0.010352458,1663,test
0.9655362,0.034463894,1664,test
0.95706296,0.042937074,1665,test
0.9848141,0.015185875,1666,test
0.9140152,0.08598485,1667,test
0.035619505,0.9643805,1668,test
0.9708807,0.029119281,1669,test
0.99475265,0.0052472926,1670,test
0.04596615,0.95403385,1671,test
0.96174324,0.03825683,1672,test
0.0025105425,0.99748945,1673,test
0.00338084,0.9966191,1674,test
0.6889896,0.3110104,1675,test
0.25755665,0.7424434,1676,test
0.56864136,0.43135864,1677,test
0.9968964,0.0031036383,1678,test
0.9929743,0.0070257536,1679,test
0.97087234,0.029127698,1680,test
0.00635829,0.9936417,1681,test
0.03872659,0.9612734,1682,test
0.9209711,0.07902895,1683,test
0.9576615,0.04233855,1684,test
0.0073585147,0.9926415,1685,test
0.97899437,0.02100568,1686,test
0.012253135,0.98774683,1687,test
0.9900411,0.009958952,1688,test
0.04629403,0.95370597,1689,test
0.0023442819,0.99765575,1690,test
0.024260325,0.9757397,1691,test
0.42250207,0.57749796,1692,test
0.010009146,0.98999083,1693,test
0.6959102,0.3040898,1694,test
0.8669054,0.13309468,1695,test
0.8122295,0.18777046,1696,test
0.95602566,0.043974303,1697,test
0.0091784345,0.9908215,1698,test
0.98602146,0.01397859,1699,test
0.8842454,0.1157546,1700,test
0.0034209525,0.996579,1701,test
0.0027984455,0.99720156,1702,test
0.002172968,0.997827,1703,test
0.06834355,0.9316565,1704,test
0.9856582,0.014341802,1705,test
0.17168966,0.8283104,1706,test
0.00279711,0.9972029,1707,test
0.0070390953,0.9929609,1708,test
0.004097666,0.99590236,1709,test
0.9587916,0.041208412,1710,test
0.0014535894,0.9985464,1711,test
0.9746596,0.025340341,1712,test
0.07538802,0.924612,1713,test
0.017810361,0.98218966,1714,test
0.014875482,0.9851245,1715,test
0.008400577,0.99159944,1716,test
0.9899226,0.010077416,1717,test
0.99500656,0.0049933586,1718,test
0.9261504,0.073849596,1719,test
0.016877536,0.9831224,1720,test
0.0038985687,0.9961014,1721,test
0.9101857,0.0898143,1722,test
0.08228207,0.91771793,1723,test
0.95181215,0.04818788,1724,test
0.0012646068,0.99873537,1725,test
0.0026372946,0.9973627,1726,test
0.9966624,0.0033377048,1727,test
0.008197363,0.99180263,1728,test
0.82358545,0.17641461,1729,test
0.10167988,0.89832014,1730,test
0.9734552,0.026544753,1731,test
0.015343916,0.9846561,1732,test
0.0034258785,0.99657416,1733,test
0.9784283,0.021571692,1734,test
0.83648324,0.16351677,1735,test
0.990341,0.009659071,1736,test
0.98608065,0.013919307,1737,test
0.99352175,0.0064782877,1738,test
0.99781466,0.0021853207,1739,test
0.04538025,0.9546197,1740,test
0.99476373,0.005236275,1741,test
0.01768765,0.9823124,1742,test
0.9831646,0.016835392,1743,test
0.9948086,0.005191459,1744,test
0.99326926,0.006730776,1745,test
0.88133514,0.118664876,1746,test
0.98265934,0.017340617,1747,test
0.004059058,0.9959409,1748,test
0.9884595,0.011540458,1749,test
0.78507686,0.21492316,1750,test
0.0021510352,0.997849,1751,test
0.9879018,0.012098192,1752,test
0.041117433,0.95888263,1753,test
0.0018396965,0.9981603,1754,test
0.0056926613,0.99430734,1755,test
0.011420971,0.98857903,1756,test
0.0030654578,0.99693453,1757,test
0.011848872,0.9881512,1758,test
0.99426067,0.005739289,1759,test
0.0031005738,0.9968995,1760,test
0.0024465062,0.9975535,1761,test
0.0015815008,0.99841845,1762,test
0.040449478,0.95955056,1763,test
0.99188423,0.008115768,1764,test
0.13285828,0.8671418,1765,test
0.9945058,0.0054941573,1766,test
0.0031590073,0.99684095,1767,test
0.9523623,0.04763774,1768,test
0.9780528,0.021947252,1769,test
0.002344245,0.99765575,1770,test
0.99460405,0.0053959102,1771,test
0.060646772,0.93935317,1772,test
0.9664835,0.03351646,1773,test
0.0048404178,0.99515957,1774,test
0.9532701,0.046729885,1775,test
0.005256587,0.99474347,1776,test
0.98464614,0.015353831,1777,test
0.012268999,0.98773104,1778,test
0.010274171,0.98972577,1779,test
0.44974375,0.55025625,1780,test
0.0029215696,0.9970784,1781,test
0.9962107,0.003789311,1782,test
0.0025602742,0.99743974,1783,test
0.005462696,0.9945373,1784,test
0.00615536,0.9938446,1785,test
0.030622197,0.9693778,1786,test
0.7689395,0.2310605,1787,test
0.0019136274,0.99808645,1788,test
0.4800336,0.5199664,1789,test
0.002381946,0.997618,1790,test
0.9877335,0.012266568,1791,test
0.99081624,0.009183766,1792,test
0.0013734984,0.9986265,1793,test
0.01910092,0.9808991,1794,test
0.49768126,0.50231874,1795,test
0.97114545,0.028854575,1796,test
0.0070941476,0.99290586,1797,test
0.19294216,0.80705786,1798,test
0.90748197,0.09251809,1799,test
0.8364138,0.16358617,1800,test
0.010737213,0.98926276,1801,test
0.9934748,0.006525178,1802,test
0.0013795499,0.9986205,1803,test
0.9803256,0.019674428,1804,test
0.89446074,0.105539225,1805,test
0.001485803,0.99851424,1806,test
0.99576145,0.004238573,1807,test
0.012425003,0.987575,1808,test
0.9271923,0.07280776,1809,test
0.0011216347,0.9988783,1810,test
0.09538069,0.9046193,1811,test
0.23110752,0.7688925,1812,test
0.9889065,0.011093563,1813,test
0.8297557,0.1702443,1814,test
0.9157115,0.08428853,1815,test
0.7301718,0.26982823,1816,test
0.994352,0.005647946,1817,test
0.0022320165,0.99776804,1818,test
0.95788306,0.042116918,1819,test
0.16096765,0.8390323,1820,test
0.72797364,0.2720263,0,validation
0.028275896,0.97172403,1,validation
0.0036525787,0.9963475,2,validation
0.9859454,0.014054612,3,validation
0.8017904,0.19820958,4,validation
0.05190366,0.9480963,5,validation
0.9819577,0.018042387,6,validation
0.02286038,0.97713965,7,validation
0.9902626,0.00973737,8,validation
0.9665758,0.033424214,9,validation
0.005943227,0.9940568,10,validation
0.001541394,0.9984586,11,validation
0.99160916,0.008390807,12,validation
0.0037123566,0.9962876,13,validation
0.036004055,0.96399593,14,validation
0.0060034813,0.9939965,15,validation
0.070163235,0.92983675,16,validation
0.0040354803,0.9959645,17,validation
0.56885576,0.43114418,18,validation
0.0076303137,0.99236965,19,validation
0.0048579043,0.9951421,20,validation
0.9966725,0.0033274763,21,validation
0.9879218,0.012078222,22,validation
0.009201325,0.9907987,23,validation
0.0034789217,0.9965211,24,validation
0.9912696,0.008730379,25,validation
0.0032758866,0.9967242,26,validation
0.0024738244,0.9975262,27,validation
0.96023905,0.03976091,28,validation
0.9506347,0.04936529,29,validation
0.9904636,0.009536311,30,validation
0.22276713,0.7772328,31,validation
0.009786791,0.9902132,32,validation
0.8508737,0.14912629,33,validation
0.8976369,0.1023631,34,validation
0.01140346,0.9885965,35,validation
0.010928938,0.989071,36,validation
0.0032960968,0.9967039,37,validation
0.0043454096,0.9956546,38,validation
0.99390703,0.0060929367,39,validation
0.9775417,0.022458255,40,validation
0.8508459,0.14915414,41,validation
0.9824425,0.017557463,42,validation
0.0034661894,0.99653375,43,validation
0.9875444,0.012455552,44,validation
0.9902474,0.009752534,45,validation
0.3150319,0.6849681,46,validation
0.98728055,0.012719426,47,validation
0.9745058,0.025494289,48,validation
0.0017992039,0.9982008,49,validation
0.90602124,0.0939788,50,validation
0.26866627,0.73133373,51,validation
0.57081217,0.42918783,52,validation
0.015709976,0.98429006,53,validation
0.9969693,0.003030718,54,validation
0.0031919612,0.996808,55,validation
0.9924142,0.0075858664,56,validation
0.0019149256,0.99808514,57,validation
0.004079461,0.99592054,58,validation
0.01014109,0.9898589,59,validation
0.003170298,0.9968297,60,validation
0.9966827,0.003317327,61,validation
0.9716973,0.028302742,62,validation
0.019313762,0.98068625,63,validation
0.99427384,0.005726168,64,validation
0.73594195,0.26405802,65,validation
0.96047926,0.039520714,66,validation
0.9851118,0.014888198,67,validation
0.0021843298,0.9978156,68,validation
0.00082944054,0.99917054,69,validation
0.95626205,0.043737996,70,validation
0.001228109,0.99877185,71,validation
0.86175805,0.13824195,72,validation
0.9839543,0.016045703,73,validation
0.9564546,0.043545436,74,validation
0.021956958,0.9780431,75,validation
0.007028019,0.99297196,76,validation
0.010081136,0.9899188,77,validation
0.0012461168,0.9987539,78,validation
0.02418832,0.97581166,79,validation
0.98667216,0.013327839,80,validation
0.8054945,0.19450554,81,validation
0.9095043,0.090495765,82,validation
0.9762098,0.02379017,83,validation
0.968905,0.031095035,84,validation
0.99325657,0.0067433794,85,validation
0.00061519415,0.99938476,86,validation
0.0022510013,0.99774903,87,validation
0.9069716,0.09302843,88,validation
0.03324582,0.96675414,89,validation
0.99464947,0.0053505446,90,validation
0.0014662748,0.9985337,91,validation
0.0006975752,0.9993024,92,validation
0.9792454,0.02075461,93,validation
0.9808755,0.019124465,94,validation
0.972353,0.027646983,95,validation
0.05518223,0.9448178,96,validation
0.9867855,0.013214537,97,validation
0.7453707,0.2546293,98,validation
0.0014859326,0.9985141,99,validation
0.9885007,0.011499268,100,validation
0.9765376,0.023462467,101,validation
0.00048419624,0.9995158,102,validation
0.0007384085,0.99926156,103,validation
0.0003356876,0.9996643,104,validation
0.86728024,0.13271977,105,validation
0.9960544,0.0039456277,106,validation
0.0011314561,0.9988686,107,validation
0.84356934,0.15643062,108,validation
0.023015281,0.97698474,109,validation
0.9861821,0.013817849,110,validation
0.0011791623,0.99882084,111,validation
0.9598533,0.040146682,112,validation
0.7464747,0.25352532,113,validation
0.8579969,0.14200309,114,validation
0.9580248,0.0419752,115,validation
0.96806306,0.031936962,116,validation
0.8880908,0.11190923,117,validation
0.0019069422,0.99809307,118,validation
0.98875123,0.011248761,119,validation
0.0010660437,0.998934,120,validation
0.59466606,0.40533394,121,validation
0.047748007,0.95225203,122,validation
0.9520335,0.047966532,123,validation
0.9356884,0.06431165,124,validation
0.30002072,0.6999793,125,validation
0.98666984,0.01333019,126,validation
0.9874822,0.012517784,127,validation
0.9892264,0.0107736,128,validation
0.0029638868,0.9970361,129,validation
0.0041194786,0.9958805,130,validation
0.00548489,0.9945152,131,validation
0.027398342,0.9726017,132,validation
0.21143201,0.78856796,133,validation
0.9418478,0.05815224,134,validation
0.88705784,0.11294213,135,validation
0.9814404,0.018559597,136,validation
0.007690839,0.9923092,137,validation
0.9965636,0.0034364264,138,validation
0.007360159,0.9926399,139,validation
0.0027104355,0.99728954,140,validation
0.87216103,0.12783898,141,validation
0.6571509,0.3428491,142,validation
0.0030126753,0.9969873,143,validation
0.07131191,0.92868805,144,validation
0.9965339,0.0034660955,145,validation
0.0016019907,0.998398,146,validation
0.000898478,0.9991015,147,validation
0.8646558,0.13534415,148,validation
0.9904509,0.009549138,149,validation
0.9251148,0.074885204,150,validation
0.0024919843,0.9975079,151,validation
0.971031,0.028968915,152,validation
0.99159217,0.008407775,153,validation
0.9749604,0.02503959,154,validation
0.99253124,0.0074687474,155,validation
0.0016210937,0.9983789,156,validation
0.0014771404,0.99852294,157,validation
0.0036178587,0.9963821,158,validation
0.47017294,0.52982706,159,validation
0.39797562,0.6020244,160,validation
0.6750074,0.3249926,161,validation
0.007301945,0.992698,162,validation
0.06369113,0.9363088,163,validation
0.9299895,0.07001043,164,validation
0.0039994027,0.9960006,165,validation
0.22598056,0.7740195,166,validation
0.99507266,0.0049273577,167,validation
0.08804973,0.91195023,168,validation
0.003126963,0.9968731,169,validation
0.0038132714,0.9961868,170,validation
0.9886975,0.011302538,171,validation
0.002497343,0.9975026,172,validation
0.96342534,0.036574703,173,validation
0.9872551,0.012744907,174,validation
0.492451,0.50754905,175,validation
0.006470389,0.9935296,176,validation
0.9958507,0.0041493084,177,validation
0.0018711301,0.99812883,178,validation
0.93897,0.06102993,179,validation
0.7279457,0.2720543,180,validation
0.9898226,0.010177389,181,validation
0.010319811,0.9896801,182,validation
0.9900503,0.009949704,183,validation
0.03301549,0.9669845,184,validation
0.9876538,0.012346155,185,validation
0.99323034,0.0067696935,186,validation
0.67822415,0.32177582,187,validation
0.9942206,0.005779408,188,validation
0.022703322,0.97729665,189,validation
0.003404634,0.9965953,190,validation
0.9046139,0.095386125,191,validation
0.25200495,0.747995,192,validation
0.98191226,0.018087776,193,validation
0.0023552466,0.9976447,194,validation
0.6398394,0.36016062,195,validation
0.006507843,0.9934922,196,validation
0.008138955,0.991861,197,validation
0.00685342,0.9931466,198,validation
0.005549865,0.9944502,199,validation
0.005332453,0.99466753,200,validation
0.13013867,0.86986136,201,validation
0.004638657,0.9953614,202,validation
0.9956357,0.004364319,203,validation
0.992874,0.007126022,204,validation
0.9839028,0.01609711,205,validation
0.06363814,0.9363618,206,validation
0.098440945,0.9015591,207,validation
0.9794447,0.020555332,208,validation
0.9912212,0.008778772,209,validation
0.9916608,0.00833924,210,validation
0.9394622,0.060537793,211,validation
0.96087974,0.039120287,212,validation
0.0028863242,0.9971137,213,validation
0.94985336,0.050146695,214,validation
0.99429363,0.005706313,215,validation
0.02145919,0.97854084,216,validation
0.9863614,0.0136386445,217,validation
0.002130649,0.9978694,218,validation
0.0042892504,0.99571073,219,validation
0.96161133,0.03838866,220,validation
0.0043596635,0.9956403,221,validation
0.025985643,0.97401434,222,validation
0.14074177,0.85925823,223,validation
0.017920425,0.9820796,224,validation
0.061900772,0.9380992,225,validation
0.003963938,0.9960361,226,validation
0.0067025237,0.9932975,227,validation
0.0056398166,0.99436015,228,validation
0.012135131,0.9878649,229,validation
0.9278516,0.072148375,230,validation
0.0063621053,0.99363786,231,validation
0.33431846,0.66568154,232,validation
0.637939,0.362061,233,validation
0.968288,0.03171197,234,validation
0.94263965,0.057360273,235,validation
0.9781015,0.021898553,236,validation
0.0019246654,0.99807537,237,validation
0.992301,0.0076989606,238,validation
0.024596682,0.9754033,239,validation
0.99720746,0.0027924958,240,validation
0.01855139,0.9814486,241,validation
0.98434055,0.015659459,242,validation
0.11319363,0.88680637,243,validation
0.0064675976,0.9935324,244,validation
0.0049871746,0.9950128,245,validation
0.9336488,0.06635118,246,validation
0.0034922694,0.9965077,247,validation
0.9964194,0.003580544,248,validation
0.04138977,0.9586102,249,validation
0.031184249,0.9688157,250,validation
0.937566,0.062434036,251,validation
0.0039879503,0.9960121,252,validation
0.9972174,0.002782532,253,validation
0.9956457,0.004354327,254,validation
0.99680835,0.0031916152,255,validation
0.0036188131,0.9963812,256,validation
0.9841702,0.015829874,257,validation
0.9894321,0.010567875,258,validation
0.8846661,0.11533391,259,validation
0.009511698,0.9904883,260,validation
0.9898567,0.010143238,261,validation
0.0042207637,0.9957793,262,validation
0.9806892,0.019310735,263,validation
0.019448051,0.9805519,264,validation
0.009262935,0.990737,265,validation
0.9884099,0.011590161,266,validation
0.9930744,0.0069255144,267,validation
0.009689387,0.9903106,268,validation
0.008686257,0.99131376,269,validation
0.04059796,0.95940197,270,validation
0.7645779,0.23542204,271,validation
0.9906104,0.009389583,272,validation
0.013404625,0.9865954,273,validation
0.92230564,0.07769432,274,validation
0.99404895,0.005951109,275,validation
0.24061002,0.75939,276,validation
0.081110895,0.91888905,277,validation
0.009354286,0.99064577,278,validation
0.9950354,0.0049646264,279,validation
0.15080598,0.849194,280,validation
0.0019857327,0.9980142,281,validation
0.9914967,0.008503347,282,validation
0.010380631,0.98961943,283,validation
0.002939099,0.99706084,284,validation
0.0056868643,0.9943131,285,validation
0.004700172,0.9952998,286,validation
0.03622372,0.96377635,287,validation
0.9870575,0.012942532,288,validation
0.90406114,0.0959389,289,validation
0.024729112,0.97527087,290,validation
0.9671098,0.032890182,291,validation
0.9895084,0.0104916,292,validation
0.9723923,0.027607609,293,validation
0.21923076,0.7807692,294,validation
0.98052055,0.019479504,295,validation
0.0035212042,0.99647886,296,validation
0.9889788,0.011021214,297,validation
0.005237274,0.9947627,298,validation
0.00324359,0.9967564,299,validation
0.9792921,0.020707969,300,validation
0.926792,0.073207915,301,validation
0.005279896,0.9947201,302,validation
0.0047151144,0.99528486,303,validation
0.12350593,0.87649405,304,validation
0.9397999,0.060200043,305,validation
0.004180409,0.99581957,306,validation
0.98889226,0.011107721,307,validation
0.9885563,0.011443714,308,validation
0.9632965,0.036703542,309,validation
0.002087386,0.9979126,310,validation
0.0032553137,0.99674463,311,validation
0.9784199,0.021580074,312,validation
0.0030663803,0.9969336,313,validation
0.98629284,0.013707195,314,validation
0.0019006614,0.9980994,315,validation
0.1082774,0.89172256,316,validation
0.9924831,0.007516911,317,validation
0.9591679,0.04083216,318,validation
0.0015380197,0.99846196,319,validation
0.0018801517,0.9981198,320,validation
0.0012790468,0.99872094,321,validation
0.9956359,0.004364091,322,validation
0.99055636,0.009443593,323,validation
0.0012263961,0.99877363,324,validation
0.046409775,0.9535902,325,validation
0.96995777,0.030042214,326,validation
0.98575646,0.01424352,327,validation
0.0016603359,0.99833965,328,validation
0.9847194,0.015280575,329,validation
0.9956371,0.0043629496,330,validation
0.99093163,0.00906838,331,validation
0.0029858924,0.99701416,332,validation
0.9883089,0.011691065,333,validation
0.95691216,0.043087814,334,validation
0.011140137,0.9888599,335,validation
0.36243844,0.63756156,336,validation
0.92116636,0.078833625,337,validation
0.024942605,0.9750574,338,validation
0.0008610639,0.99913895,339,validation
0.91927993,0.08072008,340,validation
0.9953869,0.004613118,341,validation
0.013950029,0.98604995,342,validation
0.89248705,0.10751295,343,validation
0.22674248,0.77325755,344,validation
0.9907381,0.009261894,345,validation
0.0015770701,0.998423,346,validation
0.02379354,0.9762064,347,validation
0.003325222,0.9966748,348,validation
0.012100175,0.98789984,349,validation
0.9875564,0.012443587,350,validation
0.03997785,0.9600221,351,validation
0.01688609,0.9831139,352,validation
0.99073315,0.00926684,353,validation
0.99562293,0.0043770215,354,validation
0.98779386,0.012206167,355,validation
0.9963309,0.003669056,356,validation
0.9625984,0.03740158,357,validation
0.004795786,0.9952042,358,validation
0.3097367,0.69026333,359,validation
0.0020590757,0.99794096,360,validation
0.0020524627,0.9979475,361,validation
0.33365542,0.6663446,362,validation
0.0024757092,0.9975243,363,validation
0.95720786,0.042792108,364,validation
0.9808832,0.0191168,365,validation
0.9596919,0.040308125,366,validation
0.9480532,0.05194675,367,validation
0.16243076,0.8375693,368,validation
0.0028649182,0.99713504,369,validation
0.06348409,0.9365159,370,validation
0.8802738,0.11972624,371,validation
0.0008787953,0.99912125,372,validation
0.97809404,0.02190599,373,validation
0.9448383,0.05516167,374,validation
0.4484412,0.5515588,375,validation
0.38273233,0.61726767,376,validation
0.014584265,0.98541576,377,validation
0.013649714,0.98635024,378,validation
0.9478682,0.05213178,379,validation
0.00200684,0.99799323,380,validation
0.007229875,0.99277014,381,validation
0.98433775,0.015662253,382,validation
0.17894395,0.821056,383,validation
0.0017878552,0.9982122,384,validation
0.98841965,0.011580299,385,validation
0.35252118,0.6474789,386,validation
0.14210653,0.8578935,387,validation
0.75541604,0.24458396,388,validation
0.033050977,0.96694905,389,validation
0.971126,0.028873956,390,validation
0.029088985,0.970911,391,validation
0.9917704,0.008229651,392,validation
0.56121236,0.43878764,393,validation
0.0071882457,0.99281174,394,validation
0.007493851,0.9925061,395,validation
0.001820326,0.9981797,396,validation
0.0025058077,0.9974942,397,validation
0.98036,0.019639995,398,validation
0.78706884,0.21293119,399,validation
0.97284734,0.027152574,400,validation
0.23880352,0.76119643,401,validation
0.30286536,0.6971346,402,validation
0.763793,0.23620701,403,validation
0.8624261,0.1375739,404,validation
0.0054419013,0.9945581,405,validation
0.002513122,0.9974868,406,validation
0.88976836,0.11023163,407,validation
0.9910703,0.008929765,408,validation
0.99047124,0.009528752,409,validation
0.96747667,0.03252332,410,validation
0.0010806235,0.99891937,411,validation
0.84970325,0.15029669,412,validation
0.9842867,0.015713293,413,validation
0.9911488,0.008851111,414,validation
0.019586964,0.980413,415,validation
0.0083451765,0.99165475,416,validation
0.9942964,0.0057036136,417,validation
0.9922156,0.007784484,418,validation
0.9951891,0.004810903,419,validation
0.0022692853,0.9977308,420,validation
0.77796614,0.22203392,421,validation
0.00084525667,0.9991547,422,validation
0.002975689,0.99702436,423,validation
0.025884409,0.97411555,424,validation
0.9455312,0.054468773,425,validation
0.00083118444,0.9991689,426,validation
0.0071507846,0.99284923,427,validation
0.97652197,0.023478001,428,validation
0.5357126,0.4642874,429,validation
0.0016108603,0.9983891,430,validation
0.9899128,0.0100871725,431,validation
0.0011778319,0.99882215,432,validation
0.0008707535,0.99912924,433,validation
0.0019848042,0.99801517,434,validation
0.9907967,0.009203241,435,validation
0.9859081,0.014091908,436,validation
0.96648014,0.03351984,437,validation
0.18870805,0.811292,438,validation
0.9912811,0.0087188985,439,validation
0.9777639,0.022236068,440,validation
0.030901307,0.9690986,441,validation
0.9675098,0.032490205,442,validation
0.19342753,0.80657244,443,validation
0.007332421,0.9926676,444,validation
0.8062385,0.19376151,445,validation
0.83437634,0.1656237,446,validation
0.010953232,0.98904675,447,validation
0.9943832,0.005616765,448,validation
0.9465146,0.053485423,449,validation
0.0020830717,0.9979169,450,validation
0.9544648,0.045535207,451,validation
0.4010992,0.5989008,452,validation
0.97541535,0.024584714,453,validation
0.9652203,0.034779754,454,validation
0.98177415,0.018225826,455,validation
0.99148166,0.008518311,456,validation
0.010620256,0.9893798,457,validation
0.0032860003,0.996714,458,validation
0.005043588,0.99495643,459,validation
0.89562863,0.10437141,460,validation
0.00461284,0.99538714,461,validation
0.98657566,0.013424351,462,validation
0.00409543,0.9959046,463,validation
0.0054206005,0.99457943,464,validation
0.002273255,0.99772674,465,validation
0.0028313904,0.9971686,466,validation
0.99533516,0.0046648146,467,validation
0.32772386,0.67227614,468,validation
0.002660608,0.9973394,469,validation
0.9516378,0.0483622,470,validation
0.0654362,0.93456376,471,validation
0.0037894915,0.9962106,472,validation
0.019711986,0.980288,473,validation
0.9779523,0.02204773,474,validation
0.6271445,0.37285548,475,validation
0.011011084,0.98898894,476,validation
0.9603505,0.039649513,477,validation
0.863711,0.13628908,478,validation
0.9848679,0.01513215,479,validation
0.9948108,0.0051892065,480,validation
0.043364964,0.956635,481,validation
0.0027000988,0.99729997,482,validation
0.0042048423,0.99579513,483,validation
0.97716296,0.022837002,484,validation
0.008543943,0.9914561,485,validation
0.9936568,0.0063431277,486,validation
0.0026377584,0.9973622,487,validation
0.0081330445,0.991867,488,validation
0.9922511,0.007748839,489,validation
0.98401916,0.015980832,490,validation
0.26922053,0.73077947,491,validation
0.98834956,0.011650496,492,validation
0.00258316,0.99741685,493,validation
0.004356273,0.99564373,494,validation
0.93892986,0.061070126,495,validation
0.9876637,0.012336281,496,validation
0.0061586834,0.9938413,497,validation
0.99212074,0.007879241,498,validation
0.90105796,0.09894201,499,validation
0.995557,0.0044429726,500,validation
0.0019332377,0.9980667,501,validation
0.9919824,0.008017582,502,validation
0.0046086223,0.99539137,503,validation
0.9915524,0.00844758,504,validation
0.29446426,0.7055357,505,validation
0.003921546,0.99607843,506,validation
0.9849952,0.0150048435,507,validation
0.02662888,0.97337115,508,validation
0.024351131,0.97564894,509,validation
0.0029996363,0.9970004,510,validation
0.0035705448,0.9964295,511,validation
0.97468185,0.025318164,512,validation
0.99117506,0.008824907,513,validation
0.0063671386,0.99363285,514,validation
0.9848076,0.015192395,515,validation
0.03849986,0.96150017,516,validation
0.0044092443,0.9955908,517,validation
0.0012853917,0.99871457,518,validation
0.94575614,0.054243866,519,validation
0.96423554,0.035764523,520,validation
0.9887072,0.011292823,521,validation
0.964594,0.035405982,522,validation
0.0023537949,0.99764615,523,validation
0.0018697004,0.99813026,524,validation
0.98156047,0.018439509,525,validation
0.8895223,0.11047771,526,validation
0.0025048614,0.9974952,527,validation
0.40486252,0.5951375,528,validation
0.0077360463,0.9922639,529,validation
0.43577284,0.56422716,530,validation
0.9854595,0.014540443,531,validation
0.011405998,0.98859406,532,validation
0.2756699,0.72433007,533,validation
0.3114072,0.6885928,534,validation
0.0011201132,0.99887985,535,validation
0.0008144885,0.9991855,536,validation
0.94690704,0.053092968,537,validation
0.9952323,0.0047676503,538,validation
0.98389477,0.016105285,539,validation
0.89457095,0.105429135,540,validation
0.11134299,0.88865703,541,validation
0.98195124,0.01804877,542,validation
0.9102377,0.0897623,543,validation
0.0025975248,0.9974025,544,validation
0.9913714,0.008628632,545,validation
0.0013191979,0.9986808,546,validation
0.5367787,0.46322134,547,validation
0.010563733,0.98943627,548,validation
0.023993092,0.9760069,549,validation
0.83383477,0.16616522,550,validation
0.0014368171,0.99856323,551,validation
0.9819756,0.01802436,552,validation
0.9906204,0.009379627,553,validation
0.9973469,0.0026530696,554,validation
0.982262,0.017737953,555,validation
0.98688227,0.013117746,556,validation
0.03758079,0.9624193,557,validation
0.9529881,0.04701191,558,validation
0.029944794,0.9700552,559,validation
0.10417353,0.8958265,560,validation
0.62256384,0.37743616,561,validation
0.004407608,0.9955924,562,validation
0.5362184,0.46378165,563,validation
0.029998103,0.9700019,564,validation
0.0025119486,0.997488,565,validation
0.12298207,0.8770179,566,validation
0.99202114,0.007978867,567,validation
0.0017474373,0.9982526,568,validation
0.047887288,0.9521127,569,validation
0.98914075,0.01085925,570,validation
0.47211435,0.5278856,571,validation
0.99175125,0.008248718,572,validation
0.0012828363,0.9987172,573,validation
0.90815336,0.09184661,574,validation
0.9940519,0.005948142,575,validation
0.9965294,0.0034705766,576,validation
0.9801792,0.019820765,577,validation
0.825441,0.17455897,578,validation
0.992309,0.0076910527,579,validation
0.016565392,0.9834346,580,validation
0.963482,0.036518026,581,validation
0.0084273815,0.9915726,582,validation
0.9896774,0.010322608,583,validation
0.9919348,0.008065175,584,validation
0.9883245,0.011675466,585,validation
0.2073892,0.7926108,586,validation
0.0019164098,0.9980836,587,validation
0.9911498,0.008850249,588,validation
0.004819932,0.99518013,589,validation
0.029116916,0.970883,590,validation
0.0020450181,0.99795496,591,validation
0.977209,0.022791015,592,validation
0.005902954,0.994097,593,validation
0.0013359714,0.998664,594,validation
0.0032852883,0.9967147,595,validation
0.9408117,0.059188332,596,validation
0.0031398511,0.99686015,597,validation
0.0022797328,0.9977203,598,validation
0.9950852,0.0049148416,599,validation
0.99504435,0.00495561,600,validation
0.0019595642,0.9980405,601,validation
0.97097594,0.029024005,602,validation
0.010462316,0.9895377,603,validation
0.9807463,0.019253643,604,validation
0.9177593,0.08224076,605,validation
0.005208014,0.9947919,606,validation
0.94504946,0.054950487,607,validation
0.98930055,0.010699466,608,validation
0.9942655,0.0057344753,609,validation
0.99268496,0.007315043,610,validation
0.0012107469,0.99878925,611,validation
0.9881948,0.011805169,612,validation
0.037149794,0.9628502,613,validation
0.002143794,0.9978562,614,validation
0.30922353,0.69077647,615,validation
0.9333694,0.06663064,616,validation
0.8487977,0.1512023,617,validation
0.97327834,0.026721632,618,validation
0.98206776,0.017932236,619,validation
0.011666539,0.98833346,620,validation
0.0018270845,0.9981729,621,validation
0.82929873,0.1707013,622,validation
0.014369194,0.9856308,623,validation
0.98372054,0.016279502,624,validation
0.0023504528,0.9976496,625,validation
0.92153513,0.078464836,626,validation
0.0027132651,0.9972868,627,validation
0.010757644,0.9892424,628,validation
0.0014438193,0.9985562,629,validation
0.98459727,0.015402712,630,validation
0.9810111,0.018988933,631,validation
0.0013913488,0.99860865,632,validation
0.9781141,0.021885902,633,validation
0.0038433322,0.99615663,634,validation
0.9919614,0.008038551,635,validation
0.3704986,0.62950134,636,validation
0.0024054984,0.99759454,637,validation
0.0023509169,0.99764913,638,validation
0.8214249,0.17857513,639,validation
0.001246539,0.9987534,640,validation
0.0007927246,0.9992073,641,validation
0.00073179306,0.99926823,642,validation
0.0032958905,0.99670416,643,validation
0.001260023,0.99874,644,validation
0.98458254,0.0154174585,645,validation
0.027843403,0.9721566,646,validation
0.89408505,0.10591498,647,validation
0.007179553,0.99282044,648,validation
0.8305293,0.16947077,649,validation
0.9420552,0.057944734,650,validation
0.9814182,0.018581828,651,validation
0.0009274923,0.99907243,652,validation
0.9878144,0.012185549,653,validation
0.9876481,0.012351837,654,validation
0.96626365,0.03373632,655,validation
0.92623687,0.07376315,656,validation
0.2566725,0.74332756,657,validation
0.8878327,0.11216735,658,validation
0.95891976,0.04108029,659,validation
0.7148342,0.28516582,660,validation
0.97713405,0.02286595,661,validation
0.9942742,0.005725798,662,validation
0.0019770558,0.9980229,663,validation
0.95941514,0.04058482,664,validation
0.73381555,0.26618442,665,validation
0.9816273,0.018372726,666,validation
0.0008400553,0.99915993,667,validation
0.0016323344,0.9983677,668,validation
0.1496511,0.85034895,669,validation
0.985617,0.0143829705,670,validation
0.0014044913,0.99859554,671,validation
0.97289467,0.027105357,672,validation
0.9364194,0.06358061,673,validation
0.08319067,0.9168093,674,validation
0.0005426562,0.9994573,675,validation
0.9495812,0.050418798,676,validation
0.0022695076,0.99773055,677,validation
0.7298773,0.27012268,678,validation
0.0051449244,0.99485505,679,validation
0.00068894547,0.9993111,680,validation
0.9849726,0.0150273265,681,validation
0.8360691,0.16393092,682,validation
0.0021067515,0.9978933,683,validation
0.0016178903,0.9983821,684,validation
0.00095754204,0.99904245,685,validation
0.9237128,0.07628723,686,validation
0.9943309,0.00566905,687,validation
0.99479526,0.0052048014,688,validation
0.97361577,0.026384234,689,validation
0.0009430054,0.999057,690,validation
0.9694184,0.030581577,691,validation
0.9166485,0.08335147,692,validation
0.16868034,0.83131963,693,validation
0.9615041,0.038495913,694,validation
0.9901932,0.009806733,695,validation
0.9907857,0.009214243,696,validation
0.99282396,0.0071760765,697,validation
0.9715627,0.028437303,698,validation
0.008950229,0.99104977,699,validation
0.69016206,0.30983794,700,validation
0.9687714,0.031228652,701,validation
0.9897085,0.010291433,702,validation
0.006330968,0.9936691,703,validation
0.00069156324,0.99930847,704,validation
0.762059,0.23794106,705,validation
0.0009671112,0.99903286,706,validation
0.9916732,0.008326808,707,validation
0.9912875,0.008712538,708,validation
0.9023005,0.09769951,709,validation
0.011433243,0.98856676,710,validation
0.09084801,0.909152,711,validation
0.9650622,0.034937814,712,validation
0.9879381,0.012061926,713,validation
0.99082583,0.009174134,714,validation
0.52039516,0.47960484,715,validation
0.9183686,0.08163139,716,validation
0.085767105,0.9142329,717,validation
0.865024,0.13497601,718,validation
0.9787845,0.021215547,719,validation
0.9823033,0.017696735,720,validation
0.99175054,0.008249461,721,validation
0.98305535,0.016944682,722,validation
0.0058108065,0.99418926,723,validation
0.0012173362,0.9987827,724,validation
0.0025984715,0.9974016,725,validation
0.97238004,0.027619954,726,validation
0.08329574,0.9167042,727,validation
0.0034847155,0.9965153,728,validation
0.048922315,0.9510777,729,validation
0.96373373,0.03626633,730,validation
0.83118904,0.168811,731,validation
0.99206233,0.007937641,732,validation
0.9849044,0.015095617,733,validation
0.98954517,0.010454864,734,validation
0.0010078739,0.99899215,735,validation
0.98773986,0.012260145,736,validation
0.9386669,0.061333142,737,validation
0.92757624,0.07242375,738,validation
0.98991907,0.010080927,739,validation
0.002051212,0.9979488,740,validation
0.8841867,0.11581326,741,validation
0.06613097,0.933869,742,validation
0.00033565462,0.9996643,743,validation
0.0012867312,0.99871325,744,validation
0.9201276,0.07987241,745,validation
0.06605619,0.93394387,746,validation
0.96876806,0.031231947,747,validation
0.0047354996,0.99526453,748,validation
0.00574669,0.99425334,749,validation
0.0012180634,0.998782,750,validation
0.943037,0.056963027,751,validation
0.0010816576,0.9989184,752,validation
0.94382054,0.056179453,753,validation
0.9919087,0.008091239,754,validation
0.17820725,0.8217927,755,validation
0.32209054,0.67790943,756,validation
0.7999385,0.20006151,757,validation
0.97814673,0.021853304,758,validation
0.051276095,0.94872385,759,validation
0.9893272,0.010672864,760,validation
0.972111,0.027889067,761,validation
0.0025382228,0.9974618,762,validation
0.068165496,0.9318345,763,validation
0.0014496408,0.99855036,764,validation
0.000876008,0.999124,765,validation
0.9153662,0.08463381,766,validation
0.001497232,0.99850273,767,validation
0.0048651476,0.9951349,768,validation
0.49007347,0.5099265,769,validation
0.0028595538,0.9971405,770,validation
0.004308252,0.9956917,771,validation
0.005092142,0.9949078,772,validation
0.98138523,0.018614812,773,validation
0.9950282,0.0049717943,774,validation
0.97291595,0.027084082,775,validation
0.03328995,0.96671003,776,validation
0.9923608,0.007639263,777,validation
0.0032610872,0.996739,778,validation
0.9850427,0.014957312,779,validation
0.9887051,0.01129493,780,validation
0.05950664,0.94049335,781,validation
0.8310234,0.16897658,782,validation
0.0063791503,0.9936208,783,validation
0.03396907,0.96603096,784,validation
0.041361265,0.95863867,785,validation
0.87522554,0.124774426,786,validation
0.97212034,0.02787963,787,validation
0.0033844183,0.9966156,788,validation
0.9910226,0.008977373,789,validation
0.9476836,0.052316405,790,validation
0.9621906,0.037809312,791,validation
0.0036188904,0.9963811,792,validation
0.9895488,0.0104512535,793,validation
0.00370115,0.99629885,794,validation
0.06316088,0.9368391,795,validation
0.80591094,0.19408901,796,validation
0.9023881,0.09761185,797,validation
0.0032504282,0.99674964,798,validation
0.9699172,0.030082794,799,validation
0.0047528856,0.9952472,800,validation
0.9623185,0.037681516,801,validation
0.93263483,0.06736516,802,validation
0.0032717243,0.9967283,803,validation
0.9389614,0.061038554,804,validation
0.037125506,0.96287453,805,validation
0.0033320354,0.9966679,806,validation
0.0022071302,0.99779284,807,validation
0.9560347,0.043965306,808,validation
0.19605613,0.80394393,809,validation
0.9966478,0.0033522453,810,validation
0.0030121775,0.9969879,811,validation
0.00952658,0.99047345,812,validation
0.038755618,0.9612444,813,validation
0.9957676,0.004232395,814,validation
0.0024520003,0.99754804,815,validation
0.008079797,0.99192023,816,validation
0.009300259,0.9906997,817,validation
0.9955901,0.0044098743,818,validation
0.84950095,0.150499,819,validation
0.7940685,0.20593151,820,validation
0.97397614,0.026023831,821,validation
0.04276747,0.95723253,822,validation
0.64787954,0.3521205,823,validation
0.009098587,0.99090147,824,validation
0.98320997,0.01679004,825,validation
0.9585118,0.04148815,826,validation
0.9778927,0.022107268,827,validation
0.022180825,0.97781914,828,validation
0.009956508,0.9900435,829,validation
0.9920676,0.007932477,830,validation
0.9704367,0.029563358,831,validation
0.98681796,0.013181994,832,validation
0.9907476,0.009252422,833,validation
0.118070185,0.8819298,834,validation
0.9813851,0.01861491,835,validation
0.98993605,0.010063934,836,validation
0.98606515,0.01393482,837,validation
0.008798396,0.99120164,838,validation
0.0020691128,0.9979309,839,validation
0.010186851,0.98981315,840,validation
0.88460404,0.115395956,841,validation
0.0019427597,0.9980572,842,validation
0.0077472995,0.99225277,843,validation
0.011312539,0.9886875,844,validation
0.49447173,0.5055282,845,validation
0.5102205,0.48977944,846,validation
0.0018118902,0.9981881,847,validation
0.9925156,0.0074844095,848,validation
0.0043749153,0.9956251,849,validation
0.9890844,0.010915565,850,validation
0.87260133,0.12739871,851,validation
0.9849673,0.015032743,852,validation
0.0017735884,0.99822646,853,validation
0.9537151,0.046284955,854,validation
0.005920524,0.9940795,855,validation
0.015187758,0.98481226,856,validation
0.0994067,0.90059334,857,validation
0.9391352,0.060864776,858,validation
0.023372231,0.9766278,859,validation
0.049554437,0.9504456,860,validation
0.9985031,0.0014969842,861,validation
0.10203898,0.897961,862,validation
0.9894599,0.01054015,863,validation
0.47683215,0.52316785,864,validation
0.6658552,0.3341448,865,validation
0.002363809,0.9976362,866,validation
0.006190663,0.9938093,867,validation
0.0020373517,0.9979627,868,validation
0.9868832,0.013116826,869,validation
0.50174046,0.49825954,870,validation
0.0068941186,0.9931058,871,validation
