dataset,split,index,node_threshold,edge_threshold,document_length,unique_words,token_count,node_count,node_embedding_dimension,edge_count,edge_embedding_dimension
IMDb-1k,train,361,0.9,0.8,792,427,1019,206,768,2258,2
IMDb-1k,train,73,0.9,0.8,788,362,1052,180,768,2013,2
IMDb-1k,train,374,0.9,0.8,805,419,1042,200,768,2174,2
IMDb-1k,train,155,0.9,0.8,787,336,1017,199,768,2158,2
IMDb-1k,train,104,0.9,0.8,948,490,1352,247,768,2621,2
IMDb-1k,train,394,0.9,0.8,940,478,1368,231,768,2519,2
IMDb-1k,train,377,0.9,0.8,1141,567,1569,266,768,3083,2
IMDb-1k,train,124,0.9,0.8,973,428,1325,247,768,2741,2
IMDb-1k,train,68,0.9,0.8,934,428,1228,221,768,2593,2
IMDb-1k,train,450,0.9,0.8,1294,571,1713,308,768,3515,2
IMDb-1k,train,9,0.9,0.8,875,430,1141,204,768,2279,2
IMDb-1k,train,194,0.9,0.8,938,517,1320,209,768,2398,2
IMDb-1k,train,406,0.9,0.8,935,363,1204,200,768,2239,2
IMDb-1k,train,84,0.9,0.8,779,308,987,204,768,2091,2
IMDb-1k,train,371,0.9,0.8,768,399,1058,175,768,1888,2
IMDb-1k,train,388,0.9,0.8,1645,603,2166,366,768,4244,2
IMDb-1k,train,495,0.9,0.8,860,394,1141,194,768,2017,2
IMDb-1k,train,30,0.9,0.8,787,386,1003,188,768,1955,2
IMDb-1k,train,316,0.9,0.8,930,429,1309,243,768,2468,2
IMDb-1k,train,408,0.9,0.8,937,504,1293,227,768,2502,2
IMDb-1k,train,490,0.9,0.8,918,426,1251,234,768,2605,2
IMDb-1k,train,491,0.9,0.8,948,524,1223,212,768,2589,2
IMDb-1k,train,280,0.9,0.8,850,422,1121,191,768,2184,2
IMDb-1k,train,356,0.9,0.8,885,400,1112,196,768,2221,2
IMDb-1k,train,76,0.9,0.8,792,418,1034,188,768,2071,2
IMDb-1k,train,461,0.9,0.8,901,414,1189,192,768,2140,2
IMDb-1k,train,497,0.9,0.8,896,476,1290,199,768,2179,2
IMDb-1k,train,211,0.9,0.8,976,462,1311,249,768,2766,2
IMDb-1k,train,101,0.9,0.8,762,405,1067,196,768,2028,2
IMDb-1k,train,334,0.9,0.8,976,486,1402,244,768,2771,2
IMDb-1k,train,475,0.9,0.8,804,418,1064,193,768,2121,2
IMDb-1k,train,336,0.9,0.8,883,376,1109,210,768,2340,2
IMDb-1k,train,440,0.9,0.8,845,420,1147,188,768,2140,2
IMDb-1k,train,173,0.9,0.8,949,429,1203,222,768,2519,2
IMDb-1k,train,2,0.9,0.8,857,444,1105,195,768,2188,2
IMDb-1k,train,333,0.9,0.8,908,419,1268,202,768,2316,2
IMDb-1k,train,409,0.9,0.8,952,508,1251,205,768,2462,2
IMDb-1k,train,70,0.9,0.8,1541,649,2123,373,768,4014,2
IMDb-1k,train,209,0.9,0.8,892,430,1165,187,768,2124,2
IMDb-1k,train,63,0.9,0.8,953,507,1356,252,768,2772,2
IMDb-1k,train,384,0.9,0.8,827,382,1071,199,768,2145,2
IMDb-1k,train,93,0.9,0.8,960,445,1247,221,768,2505,2
IMDb-1k,train,485,0.9,0.8,790,401,986,173,768,2035,2
IMDb-1k,train,185,0.9,0.8,911,491,1143,211,768,2449,2
IMDb-1k,train,33,0.9,0.8,947,445,1263,215,768,2487,2
IMDb-1k,train,77,0.9,0.8,803,383,1089,197,768,2175,2
IMDb-1k,train,0,0.9,0.8,852,408,1050,178,768,1995,2
IMDb-1k,train,11,0.9,0.8,948,368,1293,242,768,2543,2
IMDb-1k,train,415,0.9,0.8,944,426,1195,213,768,2434,2
IMDb-1k,train,22,0.9,0.8,851,410,1147,199,768,2273,2
IMDb-1k,train,72,0.9,0.8,783,392,1072,196,768,2070,2
IMDb-1k,train,182,0.9,0.8,764,310,928,179,768,1987,2
IMDb-1k,train,131,0.9,0.8,1028,521,1360,237,768,2714,2
IMDb-1k,train,410,0.9,0.8,835,417,1145,195,768,2043,2
IMDb-1k,train,193,0.9,0.8,876,459,1176,198,768,2240,2
IMDb-1k,train,55,0.9,0.8,965,463,1415,237,768,2486,2
IMDb-1k,train,148,0.9,0.8,921,449,1303,222,768,2430,2
IMDb-1k,train,18,0.9,0.8,796,394,1118,186,768,2063,2
IMDb-1k,train,204,0.9,0.8,977,509,1288,237,768,2708,2
IMDb-1k,train,78,0.9,0.8,931,411,1226,202,768,2288,2
IMDb-1k,train,494,0.9,0.8,816,382,1091,184,768,2034,2
IMDb-1k,train,262,0.9,0.8,910,390,1090,187,768,2146,2
IMDb-1k,train,323,0.9,0.8,935,439,1241,213,768,2425,2
IMDb-1k,train,483,0.9,0.8,1161,426,1433,271,768,3000,2
IMDb-1k,train,79,0.9,0.8,884,427,1152,191,768,2222,2
IMDb-1k,train,39,0.9,0.8,753,472,1048,189,768,2045,2
IMDb-1k,train,451,0.9,0.8,891,375,1115,201,768,2268,2
IMDb-1k,train,46,0.9,0.8,806,432,1084,188,768,2133,2
IMDb-1k,train,238,0.9,0.8,1464,632,1974,324,768,3815,2
IMDb-1k,train,391,0.9,0.8,766,399,1083,175,768,1884,2
IMDb-1k,train,352,0.9,0.8,953,475,1279,239,768,2657,2
IMDb-1k,train,341,0.9,0.8,802,393,1081,165,768,1824,2
IMDb-1k,train,277,0.9,0.8,791,338,1033,197,768,2142,2
IMDb-1k,train,290,0.9,0.8,948,507,1303,239,768,2551,2
IMDb-1k,train,317,0.9,0.8,899,442,1244,205,768,2406,2
IMDb-1k,train,304,0.9,0.8,914,446,1193,223,768,2504,2
IMDb-1k,train,268,0.9,0.8,816,428,1082,157,768,1710,2
IMDb-1k,train,69,0.9,0.8,734,369,944,165,768,1801,2
IMDb-1k,train,455,0.9,0.8,950,459,1217,191,768,2234,2
IMDb-1k,train,465,0.9,0.8,764,453,1092,178,768,1838,2
IMDb-1k,train,154,0.9,0.8,977,431,1291,244,768,2706,2
IMDb-1k,train,82,0.9,0.8,877,450,1186,201,768,2259,2
IMDb-1k,train,477,0.9,0.8,788,354,1023,193,768,2032,2
IMDb-1k,train,172,0.9,0.8,766,353,953,147,768,1627,2
IMDb-1k,train,321,0.9,0.8,792,369,1140,200,768,2118,2
IMDb-1k,train,90,0.9,0.8,759,392,1048,186,768,1984,2
IMDb-1k,train,180,0.9,0.8,801,445,1071,174,768,2036,2
IMDb-1k,train,414,0.9,0.8,745,315,951,155,768,1717,2
IMDb-1k,train,312,0.9,0.8,773,392,1008,189,768,2058,2
IMDb-1k,train,278,0.9,0.8,946,428,1258,211,768,2370,2
IMDb-1k,train,381,0.9,0.8,808,447,1122,174,768,1924,2
IMDb-1k,train,472,0.9,0.8,786,363,1123,206,768,2072,2
IMDb-1k,train,362,0.9,0.8,812,373,1047,169,768,1812,2
IMDb-1k,train,324,0.9,0.8,980,459,1305,229,768,2491,2
IMDb-1k,train,431,0.9,0.8,770,385,989,159,768,1739,2
IMDb-1k,train,347,0.9,0.8,781,364,1021,178,768,1930,2
IMDb-1k,train,86,0.9,0.8,803,363,1062,183,768,2026,2
IMDb-1k,train,75,0.9,0.8,932,421,1177,213,768,2566,2
IMDb-1k,train,438,0.9,0.8,954,444,1257,219,768,2574,2
IMDb-1k,train,15,0.9,0.8,942,431,1184,224,768,2571,2
IMDb-1k,train,249,0.9,0.8,1435,622,1910,321,768,3695,2
IMDb-1k,train,433,0.9,0.8,804,369,996,198,768,2109,2
IMDb-1k,train,19,0.9,0.8,872,392,1063,208,768,2291,2
IMDb-1k,train,322,0.9,0.8,990,413,1209,196,768,2234,2
IMDb-1k,train,332,0.9,0.8,819,419,1130,205,768,2250,2
IMDb-1k,train,56,0.9,0.8,850,420,1116,198,768,2117,2
IMDb-1k,train,301,0.9,0.8,1447,531,1799,354,768,4071,2
IMDb-1k,train,229,0.9,0.8,969,421,1267,191,768,2226,2
IMDb-1k,train,331,0.9,0.8,794,364,1076,183,768,2024,2
IMDb-1k,train,132,0.9,0.8,869,421,1109,201,768,2199,2
IMDb-1k,train,137,0.9,0.8,970,447,1172,191,768,2349,2
IMDb-1k,train,423,0.9,0.8,1049,468,1284,250,768,2968,2
IMDb-1k,train,335,0.9,0.8,762,369,946,152,768,1709,2
IMDb-1k,train,25,0.9,0.8,970,461,1314,227,768,2529,2
IMDb-1k,train,464,0.9,0.8,787,383,1048,191,768,2014,2
IMDb-1k,train,281,0.9,0.8,916,389,1215,212,768,2398,2
IMDb-1k,train,247,0.9,0.8,887,400,1165,182,768,2079,2
IMDb-1k,train,237,0.9,0.8,793,353,1121,182,768,1972,2
IMDb-1k,train,117,0.9,0.8,946,393,1212,240,768,2675,2
IMDb-1k,train,42,0.9,0.8,949,459,1291,232,768,2611,2
IMDb-1k,train,220,0.9,0.8,1369,538,1644,296,768,3620,2
IMDb-1k,train,176,0.9,0.8,881,400,1134,182,768,2029,2
IMDb-1k,train,320,0.9,0.8,876,409,1095,162,768,1984,2
IMDb-1k,train,153,0.9,0.8,753,354,986,177,768,1890,2
IMDb-1k,train,231,0.9,0.8,863,408,1187,198,768,2209,2
IMDb-1k,train,227,0.9,0.8,838,433,1075,184,768,2063,2
IMDb-1k,train,417,0.9,0.8,961,460,1305,246,768,2667,2
IMDb-1k,train,203,0.9,0.8,765,431,1013,170,768,1860,2
IMDb-1k,train,126,0.9,0.8,958,464,1180,193,768,2273,2
IMDb-1k,train,329,0.9,0.8,827,428,1088,198,768,2151,2
IMDb-1k,train,31,0.9,0.8,799,420,1076,181,768,2022,2
IMDb-1k,train,113,0.9,0.8,770,399,1015,163,768,1806,2
IMDb-1k,train,470,0.9,0.8,799,398,1054,208,768,2201,2
IMDb-1k,train,271,0.9,0.8,877,379,1068,219,768,2464,2
IMDb-1k,train,140,0.9,0.8,779,421,1015,175,768,1937,2
IMDb-1k,train,57,0.9,0.8,844,392,1186,186,768,2037,2
IMDb-1k,train,192,0.9,0.8,904,400,1125,188,768,2131,2
IMDb-1k,train,24,0.9,0.8,866,425,1133,212,768,2244,2
IMDb-1k,train,17,0.9,0.8,765,391,996,184,768,1980,2
IMDb-1k,train,265,0.9,0.8,923,435,1140,212,768,2402,2
IMDb-1k,train,66,0.9,0.8,960,527,1421,252,768,2758,2
IMDb-1k,train,208,0.9,0.8,844,405,1078,193,768,2122,2
IMDb-1k,train,479,0.9,0.8,791,404,1004,210,768,2296,2
IMDb-1k,train,94,0.9,0.8,962,459,1326,243,768,2767,2
IMDb-1k,train,253,0.9,0.8,937,452,1239,203,768,2352,2
IMDb-1k,train,266,0.9,0.8,851,357,1071,170,768,1889,2
IMDb-1k,train,23,0.9,0.8,892,427,1140,203,768,2289,2
IMDb-1k,train,222,0.9,0.8,789,352,1026,164,768,1813,2
IMDb-1k,train,261,0.9,0.8,933,392,1152,215,768,2413,2
IMDb-1k,train,426,0.9,0.8,904,404,1255,206,768,2225,2
IMDb-1k,validation,135,0.9,0.8,897,444,1260,244,768,2783,2
IMDb-1k,validation,115,0.9,0.8,755,349,963,166,768,1802,2
IMDb-1k,validation,131,0.9,0.8,800,407,1022,198,768,2101,2
IMDb-1k,validation,55,0.9,0.8,956,487,1256,200,768,2408,2
IMDb-1k,validation,95,0.9,0.8,736,388,986,184,768,1849,2
IMDb-1k,validation,29,0.9,0.8,799,386,1071,204,768,2137,2
IMDb-1k,validation,158,0.9,0.8,832,442,1063,176,768,1955,2
IMDb-1k,validation,51,0.9,0.8,864,450,1161,206,768,2328,2
IMDb-1k,validation,101,0.9,0.8,828,357,1125,201,768,2114,2
IMDb-1k,validation,145,0.9,0.8,897,392,1153,214,768,2343,2
IMDb-1k,validation,19,0.9,0.8,939,420,1237,215,768,2484,2
IMDb-1k,validation,85,0.9,0.8,933,451,1179,217,768,2513,2
IMDb-1k,validation,15,0.9,0.8,763,391,1113,208,768,2204,2
IMDb-1k,validation,66,0.9,0.8,844,392,1106,189,768,2121,2
IMDb-1k,validation,24,0.9,0.8,936,464,1168,186,768,2224,2
IMDb-1k,validation,30,0.9,0.8,881,471,1224,212,768,2391,2
IMDb-1k,validation,132,0.9,0.8,876,423,1072,194,768,2235,2
IMDb-1k,validation,105,0.9,0.8,745,408,969,179,768,1912,2
IMDb-1k,validation,153,0.9,0.8,775,383,980,181,768,2110,2
IMDb-1k,validation,16,0.9,0.8,835,380,1084,189,768,2115,2
IMDb-1k,validation,75,0.9,0.8,968,506,1378,246,768,2698,2
IMDb-1k,validation,18,0.9,0.8,900,448,1179,208,768,2336,2
IMDb-1k,validation,12,0.9,0.8,941,414,1259,218,768,2532,2
IMDb-1k,validation,9,0.9,0.8,915,365,1138,208,768,2298,2
IMDb-1k,validation,31,0.9,0.8,826,406,1066,185,768,2017,2
IMDb-1k,validation,156,0.9,0.8,775,400,1020,173,768,1946,2
IMDb-1k,validation,98,0.9,0.8,854,432,1234,209,768,2354,2
IMDb-1k,validation,56,0.9,0.8,923,445,1197,203,768,2322,2
IMDb-1k,validation,134,0.9,0.8,806,378,1052,187,768,2075,2
IMDb-1k,validation,161,0.9,0.8,772,407,1028,182,768,1995,2
IMDb-1k,validation,139,0.9,0.8,757,350,968,143,768,1561,2
IMDb-1k,validation,78,0.9,0.8,938,406,1274,219,768,2602,2
IMDb-1k,validation,60,0.9,0.8,786,361,1035,208,768,2142,2
IMDb-1k,validation,84,0.9,0.8,961,494,1307,236,768,2669,2
IMDb-1k,validation,2,0.9,0.8,802,432,1187,211,768,2168,2
IMDb-1k,validation,94,0.9,0.8,756,389,1011,198,768,2180,2
IMDb-1k,validation,45,0.9,0.8,757,370,910,151,768,1744,2
IMDb-1k,validation,42,0.9,0.8,952,418,1218,204,768,2383,2
IMDb-1k,validation,69,0.9,0.8,937,470,1282,242,768,2662,2
IMDb-1k,validation,154,0.9,0.8,835,417,1137,196,768,2144,2
IMDb-1k,validation,26,0.9,0.8,777,334,1132,208,768,2158,2
IMDb-1k,validation,141,0.9,0.8,785,404,1042,190,768,2016,2
IMDb-1k,validation,117,0.9,0.8,779,435,1046,173,768,1945,2
IMDb-1k,validation,93,0.9,0.8,946,414,1240,197,768,2233,2
IMDb-1k,validation,133,0.9,0.8,948,442,1208,224,768,2563,2
IMDb-1k,validation,36,0.9,0.8,752,394,987,190,768,2045,2
IMDb-1k,validation,82,0.9,0.8,797,401,1102,195,768,1990,2
IMDb-1k,validation,22,0.9,0.8,775,374,1039,187,768,2005,2
IMDb-1k,validation,126,0.9,0.8,990,473,1276,247,768,2792,2
IMDb-1k,validation,67,0.9,0.8,983,422,1259,232,768,2698,2
IMDb-1k,validation,97,0.9,0.8,835,405,1059,176,768,1919,2
IMDb-1k,validation,11,0.9,0.8,760,423,1043,189,768,1983,2
IMDb-1k,validation,65,0.9,0.8,969,471,1256,198,768,2251,2
IMDb-1k,validation,86,0.9,0.8,753,378,1005,183,768,1952,2
IMDb-1k,validation,6,0.9,0.8,861,483,1100,220,768,2494,2
IMDb-1k,validation,27,0.9,0.8,838,358,1137,210,768,2267,2
IMDb-1k,validation,76,0.9,0.8,955,441,1241,227,768,2637,2
IMDb-1k,validation,142,0.9,0.8,798,412,1082,197,768,2106,2
IMDb-1k,validation,38,0.9,0.8,859,444,1138,201,768,2215,2
IMDb-1k,validation,41,0.9,0.8,882,364,1112,200,768,2272,2
IMDb-1k,validation,4,0.9,0.8,762,381,1022,180,768,1958,2
IMDb-1k,validation,138,0.9,0.8,751,433,1022,194,768,2081,2
IMDb-1k,validation,32,0.9,0.8,806,388,1099,203,768,2125,2
IMDb-1k,validation,144,0.9,0.8,890,407,1213,226,768,2554,2
IMDb-1k,validation,109,0.9,0.8,757,408,994,186,768,1934,2
IMDb-1k,validation,68,0.9,0.8,746,367,956,159,768,1747,2
IMDb-1k,validation,10,0.9,0.8,870,402,1145,204,768,2221,2
IMDb-1k,validation,96,0.9,0.8,899,455,1247,233,768,2671,2
IMDb-1k,validation,111,0.9,0.8,860,459,1176,200,768,2225,2
IMDb-1k,validation,0,0.9,0.8,941,477,1301,233,768,2533,2
IMDb-1k,validation,122,0.9,0.8,938,448,1270,222,768,2583,2
IMDb-1k,validation,123,0.9,0.8,789,393,970,177,768,2051,2
IMDb-1k,validation,64,0.9,0.8,801,335,1025,215,768,2231,2
IMDb-1k,validation,44,0.9,0.8,946,445,1244,204,768,2402,2
IMDb-1k,validation,146,0.9,0.8,772,346,939,162,768,1806,2
IMDb-1k,validation,28,0.9,0.8,815,406,1058,187,768,2079,2
IMDb-1k,validation,40,0.9,0.8,915,488,1234,225,768,2544,2
IMDb-1k,validation,114,0.9,0.8,799,411,1028,189,768,2090,2
IMDb-1k,validation,25,0.9,0.8,879,365,1126,197,768,2172,2
IMDb-1k,validation,23,0.9,0.8,888,403,1099,178,768,2149,2
IMDb-1k,validation,119,0.9,0.8,847,396,1099,208,768,2270,2
IMDb-1k,validation,81,0.9,0.8,923,416,1186,209,768,2368,2
IMDb-1k,validation,79,0.9,0.8,865,407,1159,190,768,2138,2
IMDb-1k,validation,39,0.9,0.8,951,435,1164,202,768,2342,2
IMDb-1k,validation,90,0.9,0.8,770,381,1036,178,768,1911,2
IMDb-1k,validation,108,0.9,0.8,754,375,970,185,768,2015,2
IMDb-1k,validation,160,0.9,0.8,752,324,1002,165,768,1768,2
IMDb-1k,validation,137,0.9,0.8,820,424,1044,185,768,2057,2
IMDb-1k,validation,47,0.9,0.8,840,336,1103,204,768,2180,2
IMDb-1k,validation,124,0.9,0.8,784,403,997,206,768,2159,2
IMDb-1k,validation,61,0.9,0.8,845,439,1207,205,768,2240,2
IMDb-1k,validation,73,0.9,0.8,809,418,1016,193,768,2154,2
IMDb-1k,validation,33,0.9,0.8,761,415,1008,167,768,1860,2
IMDb-1k,validation,112,0.9,0.8,913,401,1140,208,768,2354,2
IMDb-1k,validation,120,0.9,0.8,913,363,1175,193,768,2140,2
IMDb-1k,validation,128,0.9,0.8,752,371,969,171,768,1882,2
IMDb-1k,validation,62,0.9,0.8,777,423,1036,183,768,2007,2
IMDb-1k,validation,163,0.9,0.8,856,411,1122,200,768,2207,2
IMDb-1k,validation,100,0.9,0.8,824,316,1060,162,768,1787,2
IMDb-1k,validation,104,0.9,0.8,905,423,1349,262,768,2722,2
IMDb-1k,validation,53,0.9,0.8,896,450,1309,250,768,2667,2
IMDb-1k,validation,5,0.9,0.8,1033,408,1392,248,768,2736,2
IMDb-1k,validation,118,0.9,0.8,842,438,1070,196,768,2177,2
IMDb-1k,validation,127,0.9,0.8,866,364,1253,223,768,2374,2
IMDb-1k,validation,152,0.9,0.8,765,419,998,179,768,1918,2
IMDb-1k,validation,49,0.9,0.8,836,378,1095,208,768,2238,2
IMDb-1k,validation,35,0.9,0.8,933,500,1280,234,768,2616,2
IMDb-1k,validation,80,0.9,0.8,835,437,1099,208,768,2242,2
IMDb-1k,validation,77,0.9,0.8,923,498,1235,217,768,2526,2
IMDb-1k,validation,34,0.9,0.8,782,384,984,192,768,2096,2
IMDb-1k,validation,46,0.9,0.8,955,452,1250,234,768,2822,2
IMDb-1k,validation,7,0.9,0.8,825,448,1154,172,768,1921,2
IMDb-1k,validation,43,0.9,0.8,862,412,1105,170,768,1906,2
IMDb-1k,validation,70,0.9,0.8,878,368,1195,217,768,2405,2
IMDb-1k,validation,125,0.9,0.8,868,401,1176,195,768,2275,2
IMDb-1k,validation,110,0.9,0.8,958,384,1192,207,768,2367,2
IMDb-1k,validation,91,0.9,0.8,946,417,1255,218,768,2616,2
IMDb-1k,validation,83,0.9,0.8,967,549,1254,220,768,2656,2
IMDb-1k,validation,147,0.9,0.8,749,353,1023,192,768,2029,2
IMDb-1k,validation,148,0.9,0.8,963,519,1295,253,768,2716,2
IMDb-1k,validation,89,0.9,0.8,941,459,1254,209,768,2472,2
IMDb-1k,validation,8,0.9,0.8,905,373,1229,210,768,2375,2
IMDb-1k,validation,157,0.9,0.8,924,459,1219,221,768,2491,2
IMDb-1k,validation,113,0.9,0.8,946,514,1253,235,768,2739,2
IMDb-1k,validation,13,0.9,0.8,904,410,1198,217,768,2412,2
IMDb-1k,validation,59,0.9,0.8,962,454,1257,227,768,2703,2
IMDb-1k,validation,140,0.9,0.8,735,384,1014,200,768,2002,2
IMDb-1k,validation,3,0.9,0.8,957,445,1200,234,768,2604,2
IMDb-1k,validation,17,0.9,0.8,861,381,1088,204,768,2264,2
IMDb-1k,validation,72,0.9,0.8,976,486,1334,260,768,2909,2
IMDb-1k,validation,143,0.9,0.8,774,323,990,202,768,2195,2
IMDb-1k,validation,136,0.9,0.8,940,475,1284,251,768,2761,2
IMDb-1k,validation,150,0.9,0.8,768,384,967,165,768,1787,2
IMDb-1k,validation,63,0.9,0.8,949,447,1334,235,768,2576,2
IMDb-1k,validation,54,0.9,0.8,968,369,1240,208,768,2464,2
IMDb-1k,validation,107,0.9,0.8,798,414,1080,186,768,2044,2
IMDb-1k,validation,50,0.9,0.8,733,327,990,177,768,1779,2
IMDb-1k,validation,162,0.9,0.8,1023,290,1382,262,768,2829,2
IMDb-1k,validation,58,0.9,0.8,746,406,998,162,768,1835,2
IMDb-1k,validation,48,0.9,0.8,934,515,1223,216,768,2560,2
IMDb-1k,validation,88,0.9,0.8,918,411,1156,216,768,2408,2
IMDb-1k,validation,21,0.9,0.8,760,356,942,176,768,2014,2
IMDb-1k,validation,57,0.9,0.8,894,433,1160,201,768,2272,2
IMDb-1k,validation,159,0.9,0.8,884,404,1129,193,768,2184,2
IMDb-1k,validation,129,0.9,0.8,746,371,923,157,768,1780,2
IMDb-1k,validation,37,0.9,0.8,778,363,1037,158,768,1708,2
IMDb-1k,validation,155,0.9,0.8,747,418,1016,177,768,1793,2
IMDb-1k,validation,1,0.9,0.8,922,456,1260,219,768,2501,2
IMDb-1k,validation,52,0.9,0.8,948,446,1256,197,768,2392,2
IMDb-1k,validation,149,0.9,0.8,759,394,1023,163,768,1789,2
IMDb-1k,test,25,0.9,0.8,806,460,1055,195,768,2166,2
IMDb-1k,test,109,0.9,0.8,865,429,1039,203,768,2283,2
IMDb-1k,test,76,0.9,0.8,961,447,1307,210,768,2331,2
IMDb-1k,test,196,0.9,0.8,879,485,1200,209,768,2380,2
IMDb-1k,test,57,0.9,0.8,876,384,1123,183,768,2085,2
IMDb-1k,test,255,0.9,0.8,896,421,1152,174,768,2122,2
IMDb-1k,test,182,0.9,0.8,885,352,1090,210,768,2283,2
IMDb-1k,test,181,0.9,0.8,771,371,1012,177,768,1921,2
IMDb-1k,test,274,0.9,0.8,949,466,1324,246,768,2744,2
IMDb-1k,test,198,0.9,0.8,908,405,1223,207,768,2308,2
IMDb-1k,test,72,0.9,0.8,962,445,1224,197,768,2309,2
IMDb-1k,test,9,0.9,0.8,911,434,1197,223,768,2526,2
IMDb-1k,test,271,0.9,0.8,752,418,1067,193,768,2022,2
IMDb-1k,test,316,0.9,0.8,786,395,1120,198,768,2074,2
IMDb-1k,test,172,0.9,0.8,793,420,1060,200,768,2112,2
IMDb-1k,test,202,0.9,0.8,813,420,1098,182,768,1993,2
IMDb-1k,test,75,0.9,0.8,872,389,1138,218,768,2274,2
IMDb-1k,test,318,0.9,0.8,764,361,1059,203,768,2059,2
IMDb-1k,test,77,0.9,0.8,969,504,1305,260,768,2813,2
IMDb-1k,test,324,0.9,0.8,973,500,1328,236,768,2704,2
IMDb-1k,test,111,0.9,0.8,812,412,1078,185,768,1929,2
IMDb-1k,test,238,0.9,0.8,762,417,1004,158,768,1772,2
IMDb-1k,test,143,0.9,0.8,846,391,1054,200,768,2164,2
IMDb-1k,test,325,0.9,0.8,726,366,976,186,768,1954,2
IMDb-1k,test,5,0.9,0.8,903,456,1248,209,768,2408,2
IMDb-1k,test,147,0.9,0.8,968,462,1290,229,768,2574,2
IMDb-1k,test,63,0.9,0.8,891,465,1284,207,768,2289,2
IMDb-1k,test,114,0.9,0.8,756,352,915,169,768,1927,2
IMDb-1k,test,139,0.9,0.8,822,358,1070,212,768,2225,2
IMDb-1k,test,101,0.9,0.8,796,347,1035,171,768,1824,2
IMDb-1k,test,94,0.9,0.8,852,415,1114,207,768,2258,2
IMDb-1k,test,282,0.9,0.8,931,412,1212,224,768,2526,2
IMDb-1k,test,3,0.9,0.8,813,411,1199,215,768,2246,2
IMDb-1k,test,225,0.9,0.8,872,435,1140,180,768,2009,2
IMDb-1k,test,219,0.9,0.8,930,463,1240,221,768,2620,2
IMDb-1k,test,310,0.9,0.8,968,448,1272,216,768,2504,2
IMDb-1k,test,183,0.9,0.8,856,416,1191,201,768,2181,2
IMDb-1k,test,302,0.9,0.8,837,371,1055,168,768,1870,2
IMDb-1k,test,140,0.9,0.8,881,413,1153,194,768,2166,2
IMDb-1k,test,228,0.9,0.8,1011,482,1312,245,768,2576,2
IMDb-1k,test,33,0.9,0.8,850,451,1102,174,768,1945,2
IMDb-1k,test,42,0.9,0.8,942,427,1266,247,768,2763,2
IMDb-1k,test,173,0.9,0.8,752,388,996,179,768,1917,2
IMDb-1k,test,124,0.9,0.8,948,458,1269,235,768,2652,2
IMDb-1k,test,330,0.9,0.8,902,468,1182,222,768,2548,2
IMDb-1k,test,46,0.9,0.8,869,387,1120,218,768,2367,2
IMDb-1k,test,73,0.9,0.8,967,450,1241,217,768,2509,2
IMDb-1k,test,179,0.9,0.8,965,443,1186,215,768,2504,2
IMDb-1k,test,45,0.9,0.8,1054,498,1398,264,768,2902,2
IMDb-1k,test,185,0.9,0.8,969,447,1219,195,768,2334,2
IMDb-1k,test,314,0.9,0.8,874,428,1188,196,768,2224,2
IMDb-1k,test,165,0.9,0.8,817,351,1041,178,768,1964,2
IMDb-1k,test,90,0.9,0.8,885,394,1172,214,768,2330,2
IMDb-1k,test,157,0.9,0.8,807,387,1018,188,768,2075,2
IMDb-1k,test,260,0.9,0.8,907,425,1302,236,768,2487,2
IMDb-1k,test,16,0.9,0.8,961,527,1314,256,768,2762,2
IMDb-1k,test,82,0.9,0.8,787,366,997,195,768,2067,2
IMDb-1k,test,132,0.9,0.8,748,346,900,181,768,2112,2
IMDb-1k,test,7,0.9,0.8,882,406,1096,180,768,2123,2
IMDb-1k,test,55,0.9,0.8,786,434,1041,165,768,1790,2
IMDb-1k,test,110,0.9,0.8,934,423,1235,195,768,2283,2
IMDb-1k,test,84,0.9,0.8,966,436,1309,247,768,2751,2
IMDb-1k,test,298,0.9,0.8,741,371,992,182,768,1877,2
IMDb-1k,test,294,0.9,0.8,965,382,1202,216,768,2539,2
IMDb-1k,test,116,0.9,0.8,901,475,1254,206,768,2450,2
IMDb-1k,test,78,0.9,0.8,789,367,1137,180,768,1954,2
IMDb-1k,test,244,0.9,0.8,760,383,967,165,768,1898,2
IMDb-1k,test,60,0.9,0.8,775,421,1041,195,768,2073,2
IMDb-1k,test,226,0.9,0.8,894,483,1232,213,768,2422,2
IMDb-1k,test,180,0.9,0.8,845,431,1130,209,768,2237,2
IMDb-1k,test,280,0.9,0.8,852,403,1116,192,768,2176,2
IMDb-1k,test,17,0.9,0.8,869,425,1151,197,768,2150,2
IMDb-1k,test,24,0.9,0.8,933,431,1294,243,768,2548,2
IMDb-1k,test,167,0.9,0.8,1130,546,1436,259,768,2979,2
IMDb-1k,test,227,0.9,0.8,942,459,1209,223,768,2533,2
IMDb-1k,test,240,0.9,0.8,921,451,1245,222,768,2534,2
IMDb-1k,test,275,0.9,0.8,761,378,1019,168,768,1809,2
IMDb-1k,test,148,0.9,0.8,938,409,1215,208,768,2459,2
IMDb-1k,test,113,0.9,0.8,966,471,1303,256,768,2773,2
IMDb-1k,test,144,0.9,0.8,768,388,1022,178,768,1905,2
IMDb-1k,test,312,0.9,0.8,948,416,1134,204,768,2395,2
IMDb-1k,test,118,0.9,0.8,760,390,1016,175,768,1901,2
IMDb-1k,test,177,0.9,0.8,889,448,1207,232,768,2603,2
IMDb-1k,test,79,0.9,0.8,773,317,1087,161,768,1696,2
IMDb-1k,test,332,0.9,0.8,758,418,1009,183,768,2008,2
IMDb-1k,test,119,0.9,0.8,811,413,1155,218,768,2224,2
IMDb-1k,test,281,0.9,0.8,907,480,1304,229,768,2402,2
IMDb-1k,test,31,0.9,0.8,826,391,1118,196,768,2082,2
IMDb-1k,test,232,0.9,0.8,808,417,1194,212,768,2265,2
IMDb-1k,test,254,0.9,0.8,811,474,1148,200,768,2137,2
IMDb-1k,test,155,0.9,0.8,946,497,1234,211,768,2532,2
IMDb-1k,test,268,0.9,0.8,827,439,1047,175,768,1956,2
IMDb-1k,test,108,0.9,0.8,752,403,1025,197,768,2116,2
IMDb-1k,test,146,0.9,0.8,953,378,1191,185,768,2227,2
IMDb-1k,test,59,0.9,0.8,762,439,1121,190,768,2134,2
IMDb-1k,test,327,0.9,0.8,820,440,1164,187,768,2110,2
IMDb-1k,test,15,0.9,0.8,766,365,1091,154,768,1675,2
IMDb-1k,test,6,0.9,0.8,949,397,1228,199,768,2290,2
IMDb-1k,test,231,0.9,0.8,924,361,1185,223,768,2486,2
IMDb-1k,test,210,0.9,0.8,774,392,1073,187,768,1984,2
IMDb-1k,test,93,0.9,0.8,820,362,1049,206,768,2169,2
IMDb-1k,test,30,0.9,0.8,746,384,1011,187,768,1950,2
IMDb-1k,test,22,0.9,0.8,771,408,982,206,768,2168,2
IMDb-1k,test,285,0.9,0.8,831,374,1088,222,768,2357,2
IMDb-1k,test,295,0.9,0.8,820,473,1174,203,768,2124,2
IMDb-1k,test,56,0.9,0.8,878,447,1096,189,768,2110,2
IMDb-1k,test,176,0.9,0.8,951,464,1214,201,768,2346,2
IMDb-1k,test,10,0.9,0.8,831,397,1094,200,768,2245,2
IMDb-1k,test,220,0.9,0.8,880,434,1156,201,768,2314,2
IMDb-1k,test,229,0.9,0.8,876,449,1241,211,768,2430,2
IMDb-1k,test,81,0.9,0.8,780,399,997,186,768,2031,2
IMDb-1k,test,168,0.9,0.8,965,444,1261,223,768,2621,2
IMDb-1k,test,39,0.9,0.8,940,434,1201,189,768,2243,2
IMDb-1k,test,237,0.9,0.8,771,380,995,182,768,1970,2
IMDb-1k,test,104,0.9,0.8,979,485,1282,270,768,2965,2
IMDb-1k,test,262,0.9,0.8,820,421,1173,171,768,1893,2
IMDb-1k,test,194,0.9,0.8,782,424,1031,196,768,2205,2
IMDb-1k,test,315,0.9,0.8,941,410,1205,194,768,2262,2
IMDb-1k,test,126,0.9,0.8,742,434,1016,169,768,1877,2
IMDb-1k,test,137,0.9,0.8,876,374,1090,218,768,2344,2
IMDb-1k,test,66,0.9,0.8,761,374,960,197,768,2112,2
IMDb-1k,test,211,0.9,0.8,880,455,1134,218,768,2390,2
IMDb-1k,test,18,0.9,0.8,922,425,1149,212,768,2398,2
IMDb-1k,test,197,0.9,0.8,859,361,1122,194,768,2164,2
IMDb-1k,test,250,0.9,0.8,810,368,1089,192,768,1995,2
IMDb-1k,test,152,0.9,0.8,803,368,965,175,768,1987,2
IMDb-1k,test,19,0.9,0.8,886,437,1130,200,768,2322,2
IMDb-1k,test,199,0.9,0.8,958,447,1170,217,768,2515,2
IMDb-1k,test,92,0.9,0.8,987,495,1323,249,768,2814,2
IMDb-1k,test,69,0.9,0.8,820,419,1074,209,768,2292,2
IMDb-1k,test,209,0.9,0.8,755,345,1017,170,768,1790,2
IMDb-1k,test,96,0.9,0.8,942,472,1331,232,768,2486,2
IMDb-1k,test,97,0.9,0.8,919,370,1170,227,768,2599,2
IMDb-1k,test,245,0.9,0.8,849,434,1043,171,768,1955,2
IMDb-1k,test,68,0.9,0.8,820,369,1058,166,768,1870,2
IMDb-1k,test,23,0.9,0.8,810,353,998,179,768,2020,2
IMDb-1k,test,37,0.9,0.8,916,419,1183,204,768,2288,2
IMDb-1k,test,248,0.9,0.8,887,417,1083,214,768,2364,2
IMDb-1k,test,67,0.9,0.8,901,421,1164,203,768,2223,2
IMDb-1k,test,267,0.9,0.8,902,425,1090,213,768,2395,2
IMDb-1k,test,145,0.9,0.8,972,421,1356,251,768,2691,2
IMDb-1k,test,125,0.9,0.8,824,386,1051,200,768,2199,2
IMDb-1k,test,175,0.9,0.8,933,419,1189,206,768,2344,2
IMDb-1k,test,86,0.9,0.8,860,403,1084,217,768,2406,2
IMDb-1k,test,283,0.9,0.8,854,452,1137,214,768,2327,2
IMDb-1k,test,153,0.9,0.8,965,457,1315,207,768,2362,2
IMDb-1k,test,284,0.9,0.8,867,425,1089,188,768,2146,2
IMDb-1k,test,321,0.9,0.8,764,332,952,180,768,2050,2
IMDb-1k,test,253,0.9,0.8,961,480,1404,225,768,2341,2
IMDb-1k,test,163,0.9,0.8,789,405,987,193,768,2040,2
Ohsumed,train,655,0.9,0.8,306,155,480,87,768,1483,23
Ohsumed,train,862,0.9,0.8,175,83,276,42,768,363,23
Ohsumed,train,365,0.9,0.8,176,106,220,48,768,469,23
Ohsumed,train,2423,0.9,0.8,174,90,264,60,768,600,23
Ohsumed,train,1514,0.9,0.8,270,138,392,71,768,858,23
Ohsumed,train,175,0.9,0.8,178,96,233,44,768,457,23
Ohsumed,train,620,0.9,0.8,227,128,352,82,768,1150,23
Ohsumed,train,1410,0.9,0.8,70,56,102,21,768,108,23
Ohsumed,train,1411,0.9,0.8,219,135,305,72,768,758,23
Ohsumed,train,1861,0.9,0.8,226,122,454,70,768,873,23
Ohsumed,train,1748,0.9,0.8,166,92,359,68,768,839,23
Ohsumed,train,170,0.9,0.8,246,133,413,60,768,852,23
Ohsumed,train,282,0.9,0.8,223,128,343,60,768,733,23
Ohsumed,train,2175,0.9,0.8,159,91,281,48,768,535,23
Ohsumed,train,1505,0.9,0.8,138,85,210,45,768,325,23
Ohsumed,train,1865,0.9,0.8,169,108,285,48,768,454,23
Ohsumed,train,233,0.9,0.8,221,126,346,58,768,763,23
Ohsumed,train,926,0.9,0.8,198,110,323,76,768,809,23
Ohsumed,train,1513,0.9,0.8,242,130,417,79,768,1210,23
Ohsumed,train,969,0.9,0.8,215,97,329,64,768,693,23
Ohsumed,train,1772,0.9,0.8,299,146,517,131,768,1953,23
Ohsumed,train,2138,0.9,0.8,209,124,362,68,768,807,23
Ohsumed,train,605,0.9,0.8,168,96,204,50,768,453,23
Ohsumed,train,124,0.9,0.8,205,99,355,72,768,915,23
Ohsumed,train,450,0.9,0.8,227,125,400,86,768,1069,23
Ohsumed,train,1011,0.9,0.8,113,79,190,40,768,295,23
Ohsumed,train,324,0.9,0.8,214,117,300,55,768,601,23
Ohsumed,train,1717,0.9,0.8,152,92,206,38,768,299,23
Ohsumed,train,1361,0.9,0.8,119,56,168,34,768,295,23
Ohsumed,train,1477,0.9,0.8,147,79,298,45,768,413,23
Ohsumed,train,879,0.9,0.8,227,132,370,81,768,1152,23
Ohsumed,train,387,0.9,0.8,210,108,312,44,768,582,23
Ohsumed,train,2092,0.9,0.8,117,74,148,30,768,195,23
Ohsumed,train,1894,0.9,0.8,203,119,310,65,768,605,23
Ohsumed,train,1273,0.9,0.8,183,121,302,50,768,453,23
Ohsumed,train,436,0.9,0.8,408,170,723,185,768,2687,23
Ohsumed,train,719,0.9,0.8,214,119,358,75,768,1129,23
Ohsumed,train,1053,0.9,0.8,75,53,118,26,768,142,23
Ohsumed,train,2330,0.9,0.8,278,126,411,79,768,1125,23
Ohsumed,train,2126,0.9,0.8,82,55,142,31,768,179,23
Ohsumed,train,1087,0.9,0.8,165,96,242,39,768,333,23
Ohsumed,train,188,0.9,0.8,217,121,284,52,768,482,23
Ohsumed,train,1480,0.9,0.8,121,68,230,47,768,436,23
Ohsumed,train,2380,0.9,0.8,237,145,342,65,768,874,23
Ohsumed,train,1578,0.9,0.8,214,112,375,69,768,916,23
Ohsumed,train,289,0.9,0.8,242,131,355,80,768,1092,23
Ohsumed,train,1047,0.9,0.8,147,89,184,31,768,266,23
Ohsumed,train,506,0.9,0.8,215,143,354,63,768,955,23
Ohsumed,train,1831,0.9,0.8,177,81,229,45,768,440,23
Ohsumed,train,1360,0.9,0.8,182,100,274,51,768,543,23
Ohsumed,train,211,0.9,0.8,202,113,348,65,768,753,23
Ohsumed,train,1939,0.9,0.8,286,158,411,77,768,910,23
Ohsumed,train,422,0.9,0.8,307,132,410,78,768,1110,23
Ohsumed,train,1317,0.9,0.8,124,77,268,44,768,503,23
Ohsumed,train,748,0.9,0.8,221,120,341,70,768,904,23
Ohsumed,train,1228,0.9,0.8,49,36,90,29,768,132,23
Ohsumed,train,2349,0.9,0.8,253,107,382,75,768,914,23
Ohsumed,train,1044,0.9,0.8,109,66,169,33,768,241,23
Ohsumed,train,32,0.9,0.8,242,128,363,65,768,907,23
Ohsumed,train,2212,0.9,0.8,122,79,161,27,768,183,23
Ohsumed,train,2492,0.9,0.8,251,120,441,85,768,1217,23
Ohsumed,train,788,0.9,0.8,182,126,281,43,768,336,23
Ohsumed,train,270,0.9,0.8,263,101,338,77,768,847,23
Ohsumed,train,1058,0.9,0.8,131,82,213,40,768,347,23
Ohsumed,train,93,0.9,0.8,102,68,173,35,768,187,23
Ohsumed,train,611,0.9,0.8,190,101,287,55,768,562,23
Ohsumed,train,678,0.9,0.8,248,121,515,113,768,1446,23
Ohsumed,train,1829,0.9,0.8,259,136,432,84,768,1128,23
Ohsumed,train,1097,0.9,0.8,261,136,462,91,768,1166,23
Ohsumed,train,2484,0.9,0.8,116,73,166,36,768,230,23
Ohsumed,train,2025,0.9,0.8,232,140,370,62,768,763,23
Ohsumed,train,354,0.9,0.8,217,117,403,94,768,1255,23
Ohsumed,train,693,0.9,0.8,194,98,330,64,768,679,23
Ohsumed,train,1391,0.9,0.8,94,69,143,33,768,215,23
Ohsumed,train,802,0.9,0.8,173,93,514,83,768,988,23
Ohsumed,train,1114,0.9,0.8,143,88,225,42,768,328,23
Ohsumed,train,1269,0.9,0.8,356,158,664,113,768,1618,23
Ohsumed,train,2261,0.9,0.8,209,109,289,75,768,762,23
Ohsumed,train,402,0.9,0.8,257,131,354,66,768,817,23
Ohsumed,train,1501,0.9,0.8,245,144,430,77,768,1079,23
Ohsumed,train,1293,0.9,0.8,217,117,364,73,768,940,23
Ohsumed,train,937,0.9,0.8,169,84,259,53,768,568,23
Ohsumed,train,498,0.9,0.8,170,88,244,56,768,511,23
Ohsumed,train,1509,0.9,0.8,99,72,125,23,768,108,23
Ohsumed,train,2672,0.9,0.8,80,52,100,22,768,117,23
Ohsumed,train,1980,0.9,0.8,142,95,206,46,768,341,23
Ohsumed,train,1908,0.9,0.8,254,140,525,95,768,1103,23
Ohsumed,train,1211,0.9,0.8,169,80,259,39,768,401,23
Ohsumed,train,2339,0.9,0.8,411,162,602,141,768,2239,23
Ohsumed,train,881,0.9,0.8,248,136,397,84,768,988,23
Ohsumed,train,70,0.9,0.8,184,103,282,44,768,516,23
Ohsumed,train,557,0.9,0.8,226,115,339,63,768,743,23
Ohsumed,train,1834,0.9,0.8,245,105,314,58,768,699,23
Ohsumed,train,44,0.9,0.8,352,175,570,145,768,2118,23
Ohsumed,train,56,0.9,0.8,190,101,233,45,768,372,23
Ohsumed,train,298,0.9,0.8,51,38,71,15,768,70,23
Ohsumed,train,1271,0.9,0.8,158,87,319,65,768,788,23
Ohsumed,train,471,0.9,0.8,325,173,482,88,768,1210,23
Ohsumed,train,407,0.9,0.8,253,115,384,61,768,859,23
Ohsumed,train,73,0.9,0.8,143,74,201,41,768,324,23
Ohsumed,train,1186,0.9,0.8,79,60,114,24,768,133,23
Ohsumed,train,1286,0.9,0.8,156,82,249,45,768,491,23
Ohsumed,train,1983,0.9,0.8,217,119,352,79,768,1074,23
Ohsumed,train,1951,0.9,0.8,192,106,363,63,768,668,23
Ohsumed,train,1116,0.9,0.8,225,126,359,64,768,654,23
Ohsumed,train,1508,0.9,0.8,211,116,369,76,768,1045,23
Ohsumed,train,2587,0.9,0.8,75,50,87,16,768,73,23
Ohsumed,train,890,0.9,0.8,79,56,115,23,768,125,23
Ohsumed,train,1530,0.9,0.8,234,139,389,65,768,804,23
Ohsumed,train,1488,0.9,0.8,180,105,276,55,768,564,23
Ohsumed,train,1313,0.9,0.8,87,64,136,31,768,181,23
Ohsumed,train,2674,0.9,0.8,256,138,375,76,768,960,23
Ohsumed,train,1423,0.9,0.8,124,70,155,35,768,219,23
Ohsumed,train,1207,0.9,0.8,124,75,190,40,768,286,23
Ohsumed,train,432,0.9,0.8,212,106,279,50,768,555,23
Ohsumed,train,2603,0.9,0.8,71,51,91,22,768,99,23
Ohsumed,train,420,0.9,0.8,382,179,574,128,768,1834,23
Ohsumed,train,929,0.9,0.8,260,130,452,61,768,922,23
Ohsumed,train,196,0.9,0.8,175,83,274,47,768,498,23
Ohsumed,train,2641,0.9,0.8,111,64,201,39,768,299,23
Ohsumed,train,1230,0.9,0.8,194,129,310,51,768,587,23
Ohsumed,train,1272,0.9,0.8,211,104,341,51,768,537,23
Ohsumed,train,2189,0.9,0.8,194,97,314,64,768,774,23
Ohsumed,train,1037,0.9,0.8,94,59,119,18,768,120,23
Ohsumed,train,2665,0.9,0.8,158,89,259,41,768,444,23
Ohsumed,train,2275,0.9,0.8,169,91,288,45,768,520,23
Ohsumed,train,840,0.9,0.8,136,68,218,41,768,388,23
Ohsumed,train,509,0.9,0.8,130,75,181,30,768,243,23
Ohsumed,train,2083,0.9,0.8,84,63,146,32,768,187,23
Ohsumed,train,1192,0.9,0.8,241,123,444,82,768,1212,23
Ohsumed,train,2201,0.9,0.8,228,111,358,61,768,821,23
Ohsumed,train,544,0.9,0.8,200,112,304,66,768,769,23
Ohsumed,train,2367,0.9,0.8,203,117,340,72,768,1033,23
Ohsumed,train,1889,0.9,0.8,117,70,186,52,768,432,23
Ohsumed,train,2234,0.9,0.8,182,113,341,61,768,517,23
Ohsumed,train,1868,0.9,0.8,223,118,418,97,768,1437,23
Ohsumed,train,528,0.9,0.8,256,133,389,80,768,990,23
Ohsumed,train,1229,0.9,0.8,186,91,283,51,768,599,23
Ohsumed,train,1850,0.9,0.8,131,84,183,32,768,216,23
Ohsumed,train,2426,0.9,0.8,168,109,216,37,768,337,23
Ohsumed,train,1370,0.9,0.8,177,126,298,47,768,534,23
Ohsumed,train,1336,0.9,0.8,170,94,315,60,768,624,23
Ohsumed,train,63,0.9,0.8,236,108,291,65,768,557,23
Ohsumed,train,1405,0.9,0.8,180,102,266,58,768,667,23
Ohsumed,train,1738,0.9,0.8,168,55,224,45,768,373,23
Ohsumed,train,790,0.9,0.8,366,168,592,126,768,1700,23
Ohsumed,train,2592,0.9,0.8,44,36,68,13,768,45,23
Ohsumed,train,2681,0.9,0.8,216,118,378,74,768,912,23
Ohsumed,train,819,0.9,0.8,80,58,128,28,768,129,23
Ohsumed,train,1091,0.9,0.8,360,121,478,75,768,1466,23
Ohsumed,validation,361,0.9,0.8,160,90,253,53,768,535,23
Ohsumed,validation,158,0.9,0.8,68,54,105,26,768,120,23
Ohsumed,validation,481,0.9,0.8,185,95,293,49,768,407,23
Ohsumed,validation,639,0.9,0.8,202,105,283,66,768,591,23
Ohsumed,validation,275,0.9,0.8,160,98,290,65,768,650,23
Ohsumed,validation,362,0.9,0.8,91,69,147,30,768,170,23
Ohsumed,validation,310,0.9,0.8,111,71,176,35,768,250,23
Ohsumed,validation,199,0.9,0.8,129,83,191,38,768,232,23
Ohsumed,validation,544,0.9,0.8,243,121,382,72,768,839,23
Ohsumed,validation,90,0.9,0.8,120,72,164,30,768,191,23
Ohsumed,validation,81,0.9,0.8,78,61,120,26,768,112,23
Ohsumed,validation,264,0.9,0.8,241,134,394,73,768,1092,23
Ohsumed,validation,354,0.9,0.8,100,75,150,32,768,225,23
Ohsumed,validation,221,0.9,0.8,330,157,436,87,768,1053,23
Ohsumed,validation,211,0.9,0.8,179,115,297,71,768,855,23
Ohsumed,validation,63,0.9,0.8,157,89,246,58,768,609,23
Ohsumed,validation,54,0.9,0.8,222,102,293,57,768,575,23
Ohsumed,validation,602,0.9,0.8,104,70,156,33,768,215,23
Ohsumed,validation,299,0.9,0.8,292,89,576,138,768,1888,23
Ohsumed,validation,155,0.9,0.8,191,91,289,35,768,460,23
Ohsumed,validation,109,0.9,0.8,324,154,446,85,768,1035,23
Ohsumed,validation,611,0.9,0.8,119,78,151,25,768,174,23
Ohsumed,validation,360,0.9,0.8,64,47,101,18,768,85,23
Ohsumed,validation,334,0.9,0.8,85,61,150,30,768,196,23
Ohsumed,validation,635,0.9,0.8,132,88,176,32,768,272,23
Ohsumed,validation,479,0.9,0.8,205,112,296,58,768,659,23
Ohsumed,validation,256,0.9,0.8,148,93,202,49,768,394,23
Ohsumed,validation,652,0.9,0.8,125,76,187,49,768,377,23
Ohsumed,validation,443,0.9,0.8,301,157,496,65,768,917,23
Ohsumed,validation,76,0.9,0.8,180,106,222,39,768,319,23
Ohsumed,validation,436,0.9,0.8,144,93,196,38,768,255,23
Ohsumed,validation,604,0.9,0.8,251,123,456,82,768,1170,23
Ohsumed,validation,642,0.9,0.8,161,87,275,56,768,516,23
Ohsumed,validation,135,0.9,0.8,264,129,323,68,768,643,23
Ohsumed,validation,136,0.9,0.8,183,109,280,63,768,722,23
Ohsumed,validation,101,0.9,0.8,193,119,362,72,768,761,23
Ohsumed,validation,72,0.9,0.8,115,78,215,51,768,500,23
Ohsumed,validation,289,0.9,0.8,222,118,316,55,768,587,23
Ohsumed,validation,10,0.9,0.8,223,97,285,45,768,473,23
Ohsumed,validation,659,0.9,0.8,196,101,353,63,768,737,23
Ohsumed,validation,580,0.9,0.8,127,74,167,31,768,204,23
Ohsumed,validation,319,0.9,0.8,178,110,304,49,768,539,23
Ohsumed,validation,31,0.9,0.8,236,120,330,69,768,783,23
Ohsumed,validation,393,0.9,0.8,235,128,363,61,768,831,23
Ohsumed,validation,558,0.9,0.8,224,125,350,64,768,743,23
Ohsumed,validation,467,0.9,0.8,209,100,343,66,768,749,23
Ohsumed,validation,626,0.9,0.8,202,99,285,56,768,493,23
Ohsumed,validation,118,0.9,0.8,218,128,305,45,768,434,23
Ohsumed,validation,55,0.9,0.8,146,78,248,52,768,502,23
Ohsumed,validation,257,0.9,0.8,105,83,165,31,768,222,23
Ohsumed,validation,596,0.9,0.8,142,90,217,40,768,314,23
Ohsumed,validation,346,0.9,0.8,99,62,138,32,768,201,23
Ohsumed,validation,77,0.9,0.8,298,152,472,102,768,1585,23
Ohsumed,validation,572,0.9,0.8,130,86,154,30,768,228,23
Ohsumed,validation,78,0.9,0.8,161,100,227,40,768,321,23
Ohsumed,validation,641,0.9,0.8,145,81,221,59,768,483,23
Ohsumed,validation,557,0.9,0.8,273,130,429,77,768,1309,23
Ohsumed,validation,336,0.9,0.8,136,81,204,58,768,499,23
Ohsumed,validation,352,0.9,0.8,247,127,410,86,768,1232,23
Ohsumed,validation,181,0.9,0.8,156,92,263,59,768,625,23
Ohsumed,validation,164,0.9,0.8,201,117,423,75,768,959,23
Ohsumed,validation,120,0.9,0.8,154,85,217,47,768,375,23
Ohsumed,validation,2,0.9,0.8,44,35,75,19,768,92,23
Ohsumed,validation,165,0.9,0.8,176,103,274,48,768,509,23
Ohsumed,validation,482,0.9,0.8,126,58,191,41,768,348,23
Ohsumed,validation,667,0.9,0.8,158,89,246,61,768,686,23
Ohsumed,validation,629,0.9,0.8,306,129,487,87,768,1375,23
Ohsumed,validation,300,0.9,0.8,299,141,495,118,768,1788,23
Ohsumed,validation,60,0.9,0.8,260,133,429,79,768,1141,23
Ohsumed,validation,133,0.9,0.8,281,106,566,135,768,1760,23
Ohsumed,validation,30,0.9,0.8,208,121,249,40,768,310,23
Ohsumed,validation,69,0.9,0.8,227,85,290,53,768,698,23
Ohsumed,validation,292,0.9,0.8,200,119,306,49,768,540,23
Ohsumed,validation,395,0.9,0.8,244,124,364,68,768,766,23
Ohsumed,validation,44,0.9,0.8,134,85,216,38,768,380,23
Ohsumed,validation,70,0.9,0.8,298,133,545,125,768,1569,23
Ohsumed,validation,338,0.9,0.8,62,52,111,32,768,176,23
Ohsumed,validation,182,0.9,0.8,59,51,108,21,768,129,23
Ohsumed,validation,500,0.9,0.8,167,59,277,48,768,493,23
Ohsumed,validation,658,0.9,0.8,58,40,97,24,768,135,23
Ohsumed,validation,452,0.9,0.8,331,155,453,82,768,1222,23
Ohsumed,validation,176,0.9,0.8,174,106,278,50,768,521,23
Ohsumed,validation,538,0.9,0.8,81,51,129,30,768,198,23
Ohsumed,validation,65,0.9,0.8,262,131,475,72,768,1136,23
Ohsumed,validation,619,0.9,0.8,241,124,417,89,768,1517,23
Ohsumed,validation,49,0.9,0.8,172,118,269,56,768,594,23
Ohsumed,validation,148,0.9,0.8,174,107,226,46,768,393,23
Ohsumed,validation,367,0.9,0.8,181,120,254,50,768,451,23
Ohsumed,validation,39,0.9,0.8,168,98,249,42,768,405,23
Ohsumed,validation,512,0.9,0.8,172,103,243,48,768,443,23
Ohsumed,validation,306,0.9,0.8,59,39,83,24,768,130,23
Ohsumed,validation,6,0.9,0.8,196,109,309,50,768,581,23
Ohsumed,validation,624,0.9,0.8,151,87,225,60,768,513,23
Ohsumed,validation,668,0.9,0.8,62,44,107,26,768,153,23
Ohsumed,validation,210,0.9,0.8,213,115,313,58,768,604,23
Ohsumed,validation,437,0.9,0.8,156,91,209,45,768,428,23
Ohsumed,validation,131,0.9,0.8,176,83,255,42,768,417,23
Ohsumed,validation,331,0.9,0.8,312,169,444,55,768,830,23
Ohsumed,validation,318,0.9,0.8,147,85,207,41,768,386,23
Ohsumed,validation,630,0.9,0.8,139,86,204,34,768,237,23
Ohsumed,validation,86,0.9,0.8,197,88,292,61,768,658,23
Ohsumed,validation,465,0.9,0.8,136,75,243,54,768,530,23
Ohsumed,validation,281,0.9,0.8,123,87,217,59,768,581,23
Ohsumed,validation,464,0.9,0.8,185,95,317,60,768,734,23
Ohsumed,validation,625,0.9,0.8,230,136,335,62,768,636,23
Ohsumed,validation,478,0.9,0.8,161,74,217,47,768,397,23
Ohsumed,validation,473,0.9,0.8,249,130,382,73,768,937,23
Ohsumed,validation,41,0.9,0.8,174,105,269,60,768,516,23
Ohsumed,validation,192,0.9,0.8,52,40,74,17,768,60,23
Ohsumed,validation,108,0.9,0.8,143,77,164,26,768,171,23
Ohsumed,validation,456,0.9,0.8,215,117,412,96,768,1239,23
Ohsumed,validation,56,0.9,0.8,240,126,364,83,768,1238,23
Ohsumed,validation,311,0.9,0.8,224,119,472,86,768,1201,23
Ohsumed,validation,497,0.9,0.8,79,58,110,26,768,152,23
Ohsumed,validation,284,0.9,0.8,238,103,449,76,768,1145,23
Ohsumed,validation,132,0.9,0.8,64,48,97,15,768,79,23
Ohsumed,validation,220,0.9,0.8,223,143,385,81,768,1145,23
Ohsumed,validation,250,0.9,0.8,92,73,134,28,768,144,23
Ohsumed,validation,24,0.9,0.8,225,112,401,80,768,1083,23
Ohsumed,validation,208,0.9,0.8,210,102,341,61,768,674,23
Ohsumed,validation,302,0.9,0.8,126,76,154,33,768,181,23
Ohsumed,validation,204,0.9,0.8,133,82,166,29,768,199,23
Ohsumed,validation,616,0.9,0.8,300,111,412,82,768,1187,23
Ohsumed,validation,483,0.9,0.8,243,110,391,80,768,1005,23
Ohsumed,validation,110,0.9,0.8,293,128,450,84,768,1038,23
Ohsumed,validation,278,0.9,0.8,154,73,304,62,768,846,23
Ohsumed,validation,82,0.9,0.8,176,102,278,54,768,565,23
Ohsumed,validation,51,0.9,0.8,238,113,377,70,768,953,23
Ohsumed,validation,618,0.9,0.8,155,94,193,40,768,292,23
Ohsumed,validation,563,0.9,0.8,68,52,111,25,768,137,23
Ohsumed,validation,420,0.9,0.8,100,68,145,36,768,215,23
Ohsumed,validation,552,0.9,0.8,61,43,80,13,768,61,23
Ohsumed,validation,212,0.9,0.8,128,72,228,52,768,429,23
Ohsumed,validation,18,0.9,0.8,240,105,413,70,768,927,23
Ohsumed,validation,235,0.9,0.8,268,113,354,63,768,718,23
Ohsumed,validation,480,0.9,0.8,214,115,313,56,768,626,23
Ohsumed,validation,605,0.9,0.8,232,124,388,95,768,1525,23
Ohsumed,validation,61,0.9,0.8,261,129,422,86,768,1334,23
Ohsumed,validation,145,0.9,0.8,104,69,163,30,768,258,23
Ohsumed,validation,353,0.9,0.8,260,135,429,95,768,1382,23
Ohsumed,validation,29,0.9,0.8,91,57,146,34,768,200,23
Ohsumed,validation,163,0.9,0.8,197,95,298,53,768,526,23
Ohsumed,validation,321,0.9,0.8,88,60,116,27,768,148,23
Ohsumed,validation,215,0.9,0.8,213,101,333,60,768,611,23
Ohsumed,validation,655,0.9,0.8,169,89,204,28,768,239,23
Ohsumed,validation,405,0.9,0.8,358,148,578,143,768,1883,23
Ohsumed,validation,174,0.9,0.8,234,127,346,76,768,944,23
Ohsumed,validation,431,0.9,0.8,214,116,344,75,768,734,23
Ohsumed,validation,556,0.9,0.8,158,96,216,41,768,348,23
Ohsumed,validation,449,0.9,0.8,241,129,420,59,768,817,23
Ohsumed,test,4004,0.9,0.8,237,126,354,76,768,896,23
Ohsumed,test,149,0.9,0.8,198,103,334,73,768,916,23
Ohsumed,test,2025,0.9,0.8,136,80,188,32,768,297,23
Ohsumed,test,2505,0.9,0.8,161,89,282,51,768,488,23
Ohsumed,test,3203,0.9,0.8,208,109,310,60,768,695,23
Ohsumed,test,1811,0.9,0.8,241,111,482,84,768,1012,23
Ohsumed,test,2024,0.9,0.8,92,66,131,23,768,142,23
Ohsumed,test,2020,0.9,0.8,197,107,285,51,768,546,23
Ohsumed,test,952,0.9,0.8,272,143,457,85,768,1108,23
Ohsumed,test,1041,0.9,0.8,294,142,400,77,768,997,23
Ohsumed,test,1042,0.9,0.8,132,78,217,51,768,493,23
Ohsumed,test,2812,0.9,0.8,168,95,252,53,768,542,23
Ohsumed,test,790,0.9,0.8,116,85,176,42,768,291,23
Ohsumed,test,3086,0.9,0.8,182,101,269,56,768,557,23
Ohsumed,test,1556,0.9,0.8,273,161,426,70,768,888,23
Ohsumed,test,3973,0.9,0.8,407,193,546,137,768,2200,23
Ohsumed,test,1487,0.9,0.8,259,129,466,80,768,1077,23
Ohsumed,test,2477,0.9,0.8,105,60,185,41,768,262,23
Ohsumed,test,670,0.9,0.8,215,124,269,44,768,350,23
Ohsumed,test,990,0.9,0.8,125,75,192,34,768,258,23
Ohsumed,test,3825,0.9,0.8,146,82,258,48,768,445,23
Ohsumed,test,2763,0.9,0.8,262,124,514,118,768,1764,23
Ohsumed,test,2829,0.9,0.8,178,85,273,52,768,535,23
Ohsumed,test,1837,0.9,0.8,105,76,149,31,768,186,23
Ohsumed,test,3276,0.9,0.8,194,116,247,51,768,440,23
Ohsumed,test,1511,0.9,0.8,264,124,405,71,768,1150,23
Ohsumed,test,2174,0.9,0.8,225,113,268,45,768,386,23
Ohsumed,test,3946,0.9,0.8,44,34,54,11,768,35,23
Ohsumed,test,733,0.9,0.8,183,103,225,47,768,393,23
Ohsumed,test,838,0.9,0.8,215,102,405,68,768,886,23
Ohsumed,test,4005,0.9,0.8,197,127,328,58,768,602,23
Ohsumed,test,2484,0.9,0.8,204,111,333,63,768,693,23
Ohsumed,test,2650,0.9,0.8,217,108,441,71,768,974,23
Ohsumed,test,3532,0.9,0.8,135,86,236,57,768,532,23
Ohsumed,test,1017,0.9,0.8,225,133,322,69,768,826,23
Ohsumed,test,1991,0.9,0.8,182,109,349,81,768,1021,23
Ohsumed,test,1754,0.9,0.8,88,54,111,23,768,125,23
Ohsumed,test,839,0.9,0.8,132,95,189,45,768,333,23
Ohsumed,test,2241,0.9,0.8,140,77,243,36,768,295,23
Ohsumed,test,1200,0.9,0.8,257,139,349,68,768,852,23
Ohsumed,test,3257,0.9,0.8,206,117,301,65,768,644,23
Ohsumed,test,1537,0.9,0.8,222,104,368,83,768,1098,23
Ohsumed,test,2903,0.9,0.8,186,91,292,73,768,743,23
Ohsumed,test,3651,0.9,0.8,174,98,274,57,768,643,23
Ohsumed,test,1322,0.9,0.8,106,55,161,31,768,190,23
Ohsumed,test,1417,0.9,0.8,268,108,431,90,768,1148,23
Ohsumed,test,2159,0.9,0.8,143,94,230,42,768,400,23
Ohsumed,test,33,0.9,0.8,193,117,358,60,768,665,23
Ohsumed,test,864,0.9,0.8,71,50,120,24,768,144,23
Ohsumed,test,3447,0.9,0.8,138,96,195,34,768,233,23
Ohsumed,test,2097,0.9,0.8,221,132,390,78,768,888,23
Ohsumed,test,2285,0.9,0.8,217,108,342,44,768,559,23
Ohsumed,test,2053,0.9,0.8,244,103,325,65,768,841,23
Ohsumed,test,1953,0.9,0.8,135,72,206,35,768,323,23
Ohsumed,test,3829,0.9,0.8,177,101,242,43,768,300,23
Ohsumed,test,2784,0.9,0.8,101,68,191,45,768,343,23
Ohsumed,test,3089,0.9,0.8,185,112,288,58,768,541,23
Ohsumed,test,3873,0.9,0.8,186,82,297,45,768,518,23
Ohsumed,test,764,0.9,0.8,231,133,417,74,768,1094,23
Ohsumed,test,2002,0.9,0.8,184,108,271,42,768,371,23
Ohsumed,test,3936,0.9,0.8,215,121,338,73,768,1030,23
Ohsumed,test,166,0.9,0.8,125,71,166,31,768,196,23
Ohsumed,test,3930,0.9,0.8,144,93,200,44,768,303,23
Ohsumed,test,3514,0.9,0.8,142,80,215,35,768,318,23
Ohsumed,test,2522,0.9,0.8,78,61,140,39,768,293,23
Ohsumed,test,1467,0.9,0.8,209,113,383,80,768,1031,23
Ohsumed,test,3783,0.9,0.8,209,107,370,85,768,1233,23
Ohsumed,test,1987,0.9,0.8,376,181,571,148,768,2561,23
Ohsumed,test,457,0.9,0.8,268,153,416,74,768,962,23
Ohsumed,test,3707,0.9,0.8,130,76,196,36,768,307,23
Ohsumed,test,3271,0.9,0.8,136,91,187,36,768,327,23
Ohsumed,test,1288,0.9,0.8,41,32,62,14,768,56,23
Ohsumed,test,511,0.9,0.8,154,79,217,44,768,323,23
Ohsumed,test,3390,0.9,0.8,252,144,383,75,768,1087,23
Ohsumed,test,3389,0.9,0.8,220,116,327,58,768,735,23
Ohsumed,test,1747,0.9,0.8,183,103,275,67,768,684,23
Ohsumed,test,2656,0.9,0.8,272,112,401,90,768,1238,23
Ohsumed,test,1068,0.9,0.8,127,71,204,53,768,393,23
Ohsumed,test,305,0.9,0.8,293,152,369,65,768,721,23
Ohsumed,test,3596,0.9,0.8,127,85,165,35,768,227,23
Ohsumed,test,1258,0.9,0.8,193,115,271,54,768,540,23
Ohsumed,test,1910,0.9,0.8,214,131,334,62,768,868,23
Ohsumed,test,70,0.9,0.8,119,69,220,53,768,381,23
Ohsumed,test,2487,0.9,0.8,254,122,447,73,768,948,23
Ohsumed,test,2310,0.9,0.8,373,207,624,135,768,2086,23
Ohsumed,test,3887,0.9,0.8,183,110,296,63,768,618,23
Ohsumed,test,1263,0.9,0.8,268,137,440,92,768,1270,23
Ohsumed,test,1602,0.9,0.8,200,115,299,66,768,684,23
Ohsumed,test,14,0.9,0.8,62,39,109,29,768,178,23
Ohsumed,test,2667,0.9,0.8,155,89,259,50,768,429,23
Ohsumed,test,3462,0.9,0.8,190,112,353,53,768,586,23
Ohsumed,test,3138,0.9,0.8,238,126,409,75,768,944,23
Ohsumed,test,2697,0.9,0.8,181,101,340,57,768,587,23
Ohsumed,test,2369,0.9,0.8,133,78,218,46,768,475,23
Ohsumed,test,8,0.9,0.8,352,137,738,209,768,3857,23
Ohsumed,test,109,0.9,0.8,242,140,467,81,768,1117,23
Ohsumed,test,471,0.9,0.8,186,104,267,46,768,555,23
Ohsumed,test,907,0.9,0.8,103,68,148,22,768,138,23
Ohsumed,test,2114,0.9,0.8,321,159,465,110,768,2222,23
Ohsumed,test,2668,0.9,0.8,101,69,155,36,768,239,23
Ohsumed,test,1084,0.9,0.8,255,125,412,88,768,1302,23
Ohsumed,test,1666,0.9,0.8,344,183,563,132,768,1718,23
Ohsumed,test,1749,0.9,0.8,136,88,212,46,768,364,23
Ohsumed,test,829,0.9,0.8,76,59,111,22,768,129,23
Ohsumed,test,3028,0.9,0.8,178,78,260,48,768,502,23
Ohsumed,test,2113,0.9,0.8,128,85,188,41,768,316,23
Ohsumed,test,1057,0.9,0.8,268,141,542,152,768,2083,23
Ohsumed,test,184,0.9,0.8,236,121,281,47,768,506,23
Ohsumed,test,810,0.9,0.8,158,84,240,38,768,361,23
Ohsumed,test,1192,0.9,0.8,220,114,348,60,768,622,23
Ohsumed,test,2886,0.9,0.8,202,108,252,54,768,524,23
Ohsumed,test,2400,0.9,0.8,153,94,234,52,768,503,23
Ohsumed,test,2753,0.9,0.8,126,81,158,29,768,247,23
Ohsumed,test,888,0.9,0.8,58,41,97,27,768,165,23
Ohsumed,test,3077,0.9,0.8,103,72,160,34,768,188,23
Ohsumed,test,2091,0.9,0.8,236,112,334,66,768,847,23
Ohsumed,test,196,0.9,0.8,64,48,107,26,768,155,23
Ohsumed,test,96,0.9,0.8,76,54,145,26,768,164,23
Ohsumed,test,3996,0.9,0.8,181,102,255,50,768,419,23
Ohsumed,test,2694,0.9,0.8,209,118,345,74,768,966,23
Ohsumed,test,3282,0.9,0.8,167,94,205,39,768,272,23
Ohsumed,test,1027,0.9,0.8,165,97,253,52,768,439,23
Ohsumed,test,1839,0.9,0.8,236,149,344,57,768,628,23
Ohsumed,test,555,0.9,0.8,73,57,111,24,768,125,23
Ohsumed,test,976,0.9,0.8,142,104,189,30,768,248,23
Ohsumed,test,318,0.9,0.8,194,97,324,65,768,718,23
Ohsumed,test,3540,0.9,0.8,222,129,290,44,768,542,23
Ohsumed,test,3319,0.9,0.8,93,61,174,46,768,358,23
Ohsumed,test,1174,0.9,0.8,195,111,297,47,768,445,23
Ohsumed,test,1074,0.9,0.8,252,128,325,69,768,971,23
Ohsumed,test,3911,0.9,0.8,171,97,335,54,768,436,23
Ohsumed,test,1717,0.9,0.8,200,103,318,63,768,777,23
Ohsumed,test,807,0.9,0.8,216,130,349,86,768,1150,23
Ohsumed,test,2775,0.9,0.8,121,80,186,43,768,324,23
Ohsumed,test,1233,0.9,0.8,248,129,316,60,768,614,23
Ohsumed,test,2691,0.9,0.8,280,133,357,69,768,816,23
Ohsumed,test,32,0.9,0.8,111,76,190,43,768,383,23
Ohsumed,test,1545,0.9,0.8,151,100,220,40,768,347,23
Ohsumed,test,2366,0.9,0.8,261,132,349,70,768,775,23
Ohsumed,test,1022,0.9,0.8,74,54,103,16,768,86,23
Ohsumed,test,1055,0.9,0.8,209,124,329,73,768,906,23
Ohsumed,test,3181,0.9,0.8,204,107,309,53,768,505,23
Ohsumed,test,414,0.9,0.8,134,75,227,59,768,529,23
Ohsumed,test,642,0.9,0.8,81,53,107,23,768,131,23
Ohsumed,test,229,0.9,0.8,122,79,169,27,768,210,23
Ohsumed,test,3580,0.9,0.8,112,79,185,29,768,211,23
Ohsumed,test,2955,0.9,0.8,227,126,350,65,768,703,23
Ohsumed,test,3567,0.9,0.8,116,77,170,33,768,239,23
Ohsumed,test,3438,0.9,0.8,118,68,207,38,768,300,23
Ohsumed,test,999,0.9,0.8,228,138,352,69,768,999,23
R8,train,3809,0.9,0.8,18,13,37,6,768,18,8
R8,train,149,0.9,0.8,38,32,51,12,768,36,8
R8,train,3123,0.9,0.8,37,21,74,14,768,47,8
R8,train,3367,0.9,0.8,102,39,136,27,768,143,8
R8,train,3196,0.9,0.8,95,66,135,21,768,113,8
R8,train,3210,0.9,0.8,73,53,99,16,768,73,8
R8,train,1295,0.9,0.8,28,20,54,10,768,28,8
R8,train,2383,0.9,0.8,97,63,124,23,768,130,8
R8,train,4015,0.9,0.8,56,42,80,15,768,59,8
R8,train,2951,0.9,0.8,272,144,362,58,768,614,8
R8,train,3534,0.9,0.8,72,57,94,21,768,89,8
R8,train,3656,0.9,0.8,95,66,119,20,768,106,8
R8,train,705,0.9,0.8,100,70,162,27,768,184,8
R8,train,1829,0.9,0.8,339,195,450,73,768,924,8
R8,train,3280,0.9,0.8,701,325,967,204,768,2791,8
R8,train,2453,0.9,0.8,52,26,111,16,768,83,8
R8,train,3927,0.9,0.8,82,41,115,15,768,65,8
R8,train,196,0.9,0.8,71,53,108,15,768,71,8
R8,train,733,0.9,0.8,110,47,197,28,768,201,8
R8,train,1783,0.9,0.8,14,12,20,5,768,13,8
R8,train,2411,0.9,0.8,84,62,114,23,768,119,8
R8,train,755,0.9,0.8,202,87,279,45,768,415,8
R8,train,1421,0.9,0.8,82,49,124,22,768,105,8
R8,train,1833,0.9,0.8,136,92,199,30,768,201,8
R8,train,2686,0.9,0.8,292,164,365,60,768,665,8
R8,train,1756,0.9,0.8,435,222,571,93,768,1164,8
R8,train,3208,0.9,0.8,107,79,131,17,768,102,8
R8,train,3130,0.9,0.8,225,136,298,54,768,533,8
R8,train,731,0.9,0.8,391,184,470,87,768,1191,8
R8,train,2456,0.9,0.8,88,69,125,24,768,117,8
R8,train,1777,0.9,0.8,82,47,146,23,768,129,8
R8,train,2396,0.9,0.8,97,54,174,27,768,156,8
R8,train,4033,0.9,0.8,479,253,618,112,768,1403,8
R8,train,790,0.9,0.8,18,13,35,7,768,23,8
R8,train,888,0.9,0.8,75,49,129,22,768,94,8
R8,train,3560,0.9,0.8,14,11,19,6,768,16,8
R8,train,229,0.9,0.8,18,13,35,6,768,17,8
R8,train,3083,0.9,0.8,176,87,278,35,768,361,8
R8,train,2223,0.9,0.8,14,12,20,6,768,16,8
R8,train,2754,0.9,0.8,49,33,83,15,768,65,8
R8,train,871,0.9,0.8,14,12,20,6,768,16,8
R8,train,3361,0.9,0.8,625,308,832,146,768,2203,8
R8,train,2884,0.9,0.8,158,95,195,34,768,244,8
R8,train,2475,0.9,0.8,13,11,20,6,768,15,8
R8,train,2685,0.9,0.8,14,11,20,6,768,16,8
R8,train,810,0.9,0.8,52,27,110,15,768,73,8
R8,train,1947,0.9,0.8,109,77,139,20,768,93,8
R8,train,33,0.9,0.8,53,30,105,16,768,79,8
R8,train,555,0.9,0.8,18,15,38,8,768,23,8
R8,train,2611,0.9,0.8,95,66,130,23,768,107,8
R8,train,1034,0.9,0.8,70,49,90,17,768,74,8
R8,train,576,0.9,0.8,302,153,381,69,768,866,8
R8,train,2573,0.9,0.8,274,134,396,72,768,927,8
R8,train,3131,0.9,0.8,61,47,76,16,768,62,8
R8,train,1729,0.9,0.8,61,45,81,18,768,75,8
R8,train,1272,0.9,0.8,12,9,27,7,768,22,8
R8,train,1590,0.9,0.8,128,60,200,44,768,341,8
R8,train,1313,0.9,0.8,221,111,291,42,768,405,8
R8,train,1467,0.9,0.8,89,60,122,22,768,101,8
R8,train,2592,0.9,0.8,192,100,234,38,768,301,8
R8,train,3973,0.9,0.8,60,45,76,15,768,60,8
R8,train,166,0.9,0.8,44,25,76,17,768,72,8
R8,train,1413,0.9,0.8,243,142,321,54,768,525,8
R8,train,1552,0.9,0.8,46,20,106,14,768,68,8
R8,train,1941,0.9,0.8,80,48,134,23,768,108,8
R8,train,2447,0.9,0.8,51,35,90,16,768,61,8
R8,train,1811,0.9,0.8,117,77,144,24,768,122,8
R8,train,1818,0.9,0.8,139,69,265,38,768,297,8
R8,train,3878,0.9,0.8,24,16,54,7,768,24,8
R8,train,903,0.9,0.8,43,31,61,11,768,38,8
R8,train,3441,0.9,0.8,151,95,200,36,768,272,8
R8,train,1718,0.9,0.8,73,38,118,20,768,99,8
R8,train,2384,0.9,0.8,70,42,116,25,768,130,8
R8,train,2067,0.9,0.8,18,15,38,7,768,22,8
R8,train,2663,0.9,0.8,38,31,78,14,768,54,8
R8,train,680,0.9,0.8,60,46,82,13,768,50,8
R8,train,3815,0.9,0.8,14,11,22,5,768,13,8
R8,train,1211,0.9,0.8,216,101,357,49,768,542,8
R8,train,3576,0.9,0.8,84,62,122,19,768,85,8
R8,train,1839,0.9,0.8,18,13,35,6,768,19,8
R8,train,3841,0.9,0.8,36,31,56,12,768,35,8
R8,train,3663,0.9,0.8,140,75,156,34,768,227,8
R8,train,70,0.9,0.8,12,10,28,7,768,20,8
R8,train,2409,0.9,0.8,61,43,99,16,768,67,8
R8,train,3169,0.9,0.8,69,51,99,19,768,83,8
R8,train,3077,0.9,0.8,63,33,118,18,768,82,8
R8,train,3794,0.9,0.8,55,36,71,13,768,42,8
R8,train,270,0.9,0.8,22,17,46,9,768,29,8
R8,train,14,0.9,0.8,21,17,40,9,768,30,8
R8,train,1592,0.9,0.8,83,65,107,17,768,85,8
R8,train,1835,0.9,0.8,37,20,70,13,768,48,8
R8,train,511,0.9,0.8,80,52,113,23,768,105,8
R8,train,729,0.9,0.8,39,32,70,12,768,37,8
R8,train,465,0.9,0.8,60,38,80,15,768,68,8
R8,train,8,0.9,0.8,20,20,33,8,768,21,8
R8,train,109,0.9,0.8,47,34,63,15,768,53,8
R8,train,2318,0.9,0.8,35,17,61,13,768,47,8
R8,train,4025,0.9,0.8,52,24,98,14,768,62,8
R8,train,1377,0.9,0.8,25,18,54,9,768,30,8
R8,train,3597,0.9,0.8,92,72,132,21,768,105,8
R8,train,817,0.9,0.8,13,11,20,6,768,14,8
R8,train,3709,0.9,0.8,36,30,51,13,768,38,8
R8,train,1662,0.9,0.8,59,34,108,16,768,75,8
R8,train,315,0.9,0.8,45,27,81,16,768,68,8
R8,train,3577,0.9,0.8,84,59,102,23,768,107,8
R8,train,2530,0.9,0.8,95,72,127,23,768,118,8
R8,train,211,0.9,0.8,63,31,102,19,768,86,8
R8,train,3279,0.9,0.8,295,157,366,71,768,859,8
R8,train,1171,0.9,0.8,57,46,74,15,768,50,8
R8,train,1189,0.9,0.8,297,151,415,71,768,881,8
R8,train,2880,0.9,0.8,399,201,507,84,768,1131,8
R8,train,3468,0.9,0.8,25,24,35,7,768,18,8
R8,train,2784,0.9,0.8,18,13,37,6,768,19,8
R8,train,670,0.9,0.8,302,171,399,67,768,815,8
R8,train,402,0.9,0.8,84,70,111,19,768,94,8
R8,train,1537,0.9,0.8,93,58,112,23,768,106,8
R8,train,3580,0.9,0.8,60,37,103,18,768,94,8
R8,train,96,0.9,0.8,87,64,117,23,768,119,8
R8,train,802,0.9,0.8,95,61,128,23,768,122,8
R8,train,1411,0.9,0.8,102,72,152,27,768,157,8
R8,train,1511,0.9,0.8,38,28,51,10,768,31,8
R8,train,976,0.9,0.8,80,59,97,19,768,83,8
R8,train,2822,0.9,0.8,34,23,64,11,768,39,8
R8,train,1001,0.9,0.8,34,28,45,10,768,29,8
R8,train,551,0.9,0.8,83,64,112,24,768,117,8
R8,train,2924,0.9,0.8,39,26,52,14,768,47,8
R8,train,1192,0.9,0.8,55,37,95,14,768,66,8
R8,train,2164,0.9,0.8,47,39,67,15,768,55,8
R8,train,785,0.9,0.8,18,15,37,6,768,17,8
R8,train,1071,0.9,0.8,72,55,108,15,768,66,8
R8,train,864,0.9,0.8,99,62,145,25,768,153,8
R8,train,2921,0.9,0.8,93,48,196,27,768,207,8
R8,train,3277,0.9,0.8,73,55,112,18,768,91,8
R8,train,761,0.9,0.8,41,23,73,14,768,50,8
R8,train,318,0.9,0.8,195,85,285,51,768,551,8
R8,train,2118,0.9,0.8,69,43,110,23,768,112,8
R8,train,32,0.9,0.8,73,51,101,17,768,78,8
R8,train,599,0.9,0.8,52,41,76,17,768,71,8
R8,train,1593,0.9,0.8,78,46,144,23,768,134,8
R8,train,969,0.9,0.8,78,49,150,22,768,131,8
R8,train,2221,0.9,0.8,152,86,188,38,768,301,8
R8,train,354,0.9,0.8,279,138,413,79,768,1055,8
R8,train,2503,0.9,0.8,299,164,397,65,768,776,8
R8,train,3861,0.9,0.8,234,115,300,56,768,533,8
R8,train,1610,0.9,0.8,196,109,253,40,768,374,8
R8,train,3572,0.9,0.8,170,120,215,37,768,289,8
R8,train,1770,0.9,0.8,112,68,148,23,768,111,8
R8,train,1164,0.9,0.8,362,199,476,73,768,994,8
R8,train,1393,0.9,0.8,82,56,122,20,768,106,8
R8,train,1840,0.9,0.8,38,21,76,12,768,50,8
R8,validation,628,0.9,0.8,57,41,82,16,768,65,8
R8,validation,631,0.9,0.8,39,35,58,12,768,42,8
R8,validation,741,0.9,0.8,47,31,64,12,768,40,8
R8,validation,514,0.9,0.8,187,119,255,40,768,287,8
R8,validation,365,0.9,0.8,88,51,170,25,768,173,8
R8,validation,656,0.9,0.8,70,53,100,19,768,85,8
R8,validation,657,0.9,0.8,97,61,151,24,768,144,8
R8,validation,530,0.9,0.8,45,23,82,11,768,41,8
R8,validation,321,0.9,0.8,49,33,65,13,768,47,8
R8,validation,70,0.9,0.8,51,47,67,13,768,45,8
R8,validation,793,0.9,0.8,65,47,84,16,768,70,8
R8,validation,371,0.9,0.8,70,53,115,16,768,64,8
R8,validation,986,0.9,0.8,45,27,79,17,768,79,8
R8,validation,456,0.9,0.8,775,333,925,169,768,2215,8
R8,validation,247,0.9,0.8,39,34,50,11,768,33,8
R8,validation,757,0.9,0.8,78,56,129,22,768,107,8
R8,validation,751,0.9,0.8,187,105,257,45,768,374,8
R8,validation,983,0.9,0.8,256,156,355,57,768,586,8
R8,validation,298,0.9,0.8,96,66,134,27,768,138,8
R8,validation,101,0.9,0.8,364,176,511,84,768,1377,8
R8,validation,1002,0.9,0.8,166,103,239,41,768,319,8
R8,validation,1000,0.9,0.8,13,10,21,5,768,13,8
R8,validation,213,0.9,0.8,80,41,142,20,768,110,8
R8,validation,237,0.9,0.8,59,47,87,15,768,61,8
R8,validation,594,0.9,0.8,93,68,119,25,768,121,8
R8,validation,281,0.9,0.8,218,119,288,61,768,540,8
R8,validation,377,0.9,0.8,35,32,46,12,768,34,8
R8,validation,286,0.9,0.8,63,44,85,16,768,67,8
R8,validation,388,0.9,0.8,45,25,79,11,768,50,8
R8,validation,886,0.9,0.8,109,69,143,28,768,178,8
R8,validation,898,0.9,0.8,135,104,185,28,768,194,8
R8,validation,851,0.9,0.8,14,12,20,5,768,13,8
R8,validation,96,0.9,0.8,18,17,34,7,768,17,8
R8,validation,244,0.9,0.8,20,20,30,9,768,23,8
R8,validation,737,0.9,0.8,24,22,35,7,768,22,8
R8,validation,76,0.9,0.8,75,48,98,24,768,104,8
R8,validation,900,0.9,0.8,199,119,252,58,768,482,8
R8,validation,209,0.9,0.8,23,17,45,8,768,24,8
R8,validation,259,0.9,0.8,93,57,116,24,768,126,8
R8,validation,158,0.9,0.8,659,340,915,186,768,2636,8
R8,validation,495,0.9,0.8,27,23,50,10,768,27,8
R8,validation,527,0.9,0.8,84,46,169,22,768,154,8
R8,validation,331,0.9,0.8,264,154,357,47,768,526,8
R8,validation,979,0.9,0.8,42,20,82,15,768,61,8
R8,validation,314,0.9,0.8,105,72,121,21,768,104,8
R8,validation,294,0.9,0.8,42,33,74,15,768,56,8
R8,validation,381,0.9,0.8,95,71,122,27,768,130,8
R8,validation,923,0.9,0.8,43,33,58,14,768,45,8
R8,validation,809,0.9,0.8,53,38,71,13,768,51,8
R8,validation,895,0.9,0.8,87,56,122,21,768,106,8
R8,validation,622,0.9,0.8,76,58,108,19,768,82,8
R8,validation,720,0.9,0.8,135,83,171,32,768,199,8
R8,validation,59,0.9,0.8,29,20,63,13,768,46,8
R8,validation,626,0.9,0.8,55,30,118,16,768,82,8
R8,validation,559,0.9,0.8,110,73,131,21,768,109,8
R8,validation,746,0.9,0.8,277,151,385,60,768,794,8
R8,validation,380,0.9,0.8,93,67,119,21,768,98,8
R8,validation,54,0.9,0.8,55,44,79,16,768,58,8
R8,validation,23,0.9,0.8,244,109,313,59,768,687,8
R8,validation,30,0.9,0.8,26,23,51,14,768,43,8
R8,validation,879,0.9,0.8,53,42,89,17,768,68,8
R8,validation,429,0.9,0.8,20,18,39,10,768,27,8
R8,validation,10,0.9,0.8,22,16,44,10,768,35,8
R8,validation,655,0.9,0.8,94,60,182,28,768,196,8
R8,validation,884,0.9,0.8,29,26,40,10,768,31,8
R8,validation,482,0.9,0.8,14,13,20,6,768,15,8
R8,validation,445,0.9,0.8,152,92,198,34,768,260,8
R8,validation,199,0.9,0.8,166,88,238,41,768,343,8
R8,validation,500,0.9,0.8,37,19,65,12,768,45,8
R8,validation,929,0.9,0.8,844,400,1147,201,768,2584,8
R8,validation,107,0.9,0.8,59,35,95,15,768,67,8
R8,validation,218,0.9,0.8,51,39,64,11,768,35,8
R8,validation,420,0.9,0.8,97,65,139,28,768,150,8
R8,validation,174,0.9,0.8,20,18,26,8,768,21,8
R8,validation,722,0.9,0.8,65,46,94,18,768,70,8
R8,validation,519,0.9,0.8,54,24,100,17,768,70,8
R8,validation,453,0.9,0.8,203,117,240,44,768,307,8
R8,validation,932,0.9,0.8,14,12,20,6,768,15,8
R8,validation,39,0.9,0.8,80,57,102,20,768,89,8
R8,validation,552,0.9,0.8,35,28,44,9,768,25,8
R8,validation,822,0.9,0.8,20,13,37,10,768,34,8
R8,validation,351,0.9,0.8,45,27,79,15,768,57,8
R8,validation,66,0.9,0.8,109,62,179,27,768,190,8
R8,validation,277,0.9,0.8,68,49,100,22,768,102,8
R8,validation,67,0.9,0.8,82,57,103,19,768,87,8
R8,validation,909,0.9,0.8,95,63,145,30,768,162,8
R8,validation,820,0.9,0.8,52,23,104,15,768,75,8
R8,validation,643,0.9,0.8,89,41,150,22,768,128,8
R8,validation,296,0.9,0.8,85,45,139,25,768,138,8
R8,validation,802,0.9,0.8,87,61,120,24,768,115,8
R8,validation,599,0.9,0.8,664,309,906,192,768,2725,8
R8,validation,950,0.9,0.8,84,56,112,22,768,100,8
R8,validation,557,0.9,0.8,44,32,77,13,768,50,8
R8,validation,423,0.9,0.8,45,27,72,17,768,72,8
R8,validation,759,0.9,0.8,339,202,419,58,768,773,8
R8,validation,312,0.9,0.8,393,201,539,89,768,1130,8
R8,validation,184,0.9,0.8,27,18,54,9,768,30,8
R8,validation,332,0.9,0.8,227,139,300,47,768,426,8
R8,validation,88,0.9,0.8,138,76,249,37,768,319,8
R8,validation,63,0.9,0.8,14,13,28,6,768,17,8
R8,validation,833,0.9,0.8,73,59,106,21,768,87,8
R8,validation,575,0.9,0.8,89,48,171,25,768,171,8
R8,validation,215,0.9,0.8,23,21,35,7,768,17,8
R8,validation,605,0.9,0.8,157,88,211,32,768,279,8
R8,validation,549,0.9,0.8,101,62,155,20,768,109,8
R8,validation,290,0.9,0.8,110,63,141,25,768,139,8
R8,validation,789,0.9,0.8,96,63,145,28,768,160,8
R8,validation,890,0.9,0.8,93,58,110,18,768,94,8
R8,validation,968,0.9,0.8,129,82,186,30,768,207,8
R8,validation,945,0.9,0.8,86,58,108,19,768,89,8
R8,validation,743,0.9,0.8,278,147,373,62,768,750,8
R8,validation,682,0.9,0.8,244,131,344,59,768,726,8
R8,validation,695,0.9,0.8,14,11,20,6,768,16,8
R8,validation,994,0.9,0.8,18,15,34,6,768,18,8
R8,validation,309,0.9,0.8,36,32,56,10,768,31,8
R8,validation,86,0.9,0.8,24,22,34,7,768,21,8
R8,validation,730,0.9,0.8,111,68,148,25,768,130,8
R8,validation,516,0.9,0.8,159,103,195,40,768,281,8
R8,validation,310,0.9,0.8,74,48,127,21,768,106,8
R8,validation,591,0.9,0.8,491,245,670,130,768,1747,8
R8,validation,136,0.9,0.8,49,42,66,13,768,51,8
R8,validation,874,0.9,0.8,40,28,53,13,768,45,8
R8,validation,465,0.9,0.8,43,35,76,12,768,43,8
R8,validation,852,0.9,0.8,28,21,51,8,768,26,8
R8,validation,261,0.9,0.8,235,151,319,52,768,477,8
R8,validation,486,0.9,0.8,309,165,407,54,768,697,8
R8,validation,168,0.9,0.8,84,54,121,17,768,78,8
R8,validation,954,0.9,0.8,76,45,136,21,768,118,8
R8,validation,447,0.9,0.8,79,52,104,24,768,115,8
R8,validation,139,0.9,0.8,88,59,116,21,768,101,8
R8,validation,684,0.9,0.8,106,71,175,26,768,175,8
R8,validation,665,0.9,0.8,54,38,70,17,768,67,8
R8,validation,882,0.9,0.8,90,54,140,25,768,133,8
R8,validation,440,0.9,0.8,549,252,712,136,768,1850,8
R8,validation,1004,0.9,0.8,38,34,55,13,768,41,8
R8,validation,532,0.9,0.8,45,38,68,17,768,60,8
R8,validation,55,0.9,0.8,40,32,75,13,768,44,8
R8,validation,120,0.9,0.8,44,36,70,13,768,42,8
R8,validation,529,0.9,0.8,70,42,101,17,768,77,8
R8,validation,25,0.9,0.8,79,43,136,24,768,123,8
R8,validation,72,0.9,0.8,280,163,359,52,768,543,8
R8,validation,44,0.9,0.8,104,56,182,24,768,144,8
R8,validation,249,0.9,0.8,108,46,174,23,768,165,8
R8,validation,394,0.9,0.8,91,65,137,28,768,151,8
R8,validation,703,0.9,0.8,80,58,124,21,768,105,8
R8,validation,915,0.9,0.8,36,31,48,11,768,33,8
R8,validation,972,0.9,0.8,56,40,72,16,768,64,8
R8,validation,198,0.9,0.8,47,36,70,13,768,50,8
R8,validation,541,0.9,0.8,397,193,514,120,768,1697,8
R8,validation,355,0.9,0.8,217,122,274,39,768,370,8
R8,test,1593,0.9,0.8,86,56,116,19,768,82,8
R8,test,526,0.9,0.8,38,21,84,15,768,55,8
R8,test,393,0.9,0.8,329,168,412,68,768,872,8
R8,test,1403,0.9,0.8,79,55,116,26,768,127,8
R8,test,433,0.9,0.8,76,57,89,16,768,58,8
R8,test,576,0.9,0.8,30,19,53,12,768,36,8
R8,test,1087,0.9,0.8,173,99,235,40,768,329,8
R8,test,429,0.9,0.8,257,157,341,57,768,546,8
R8,test,611,0.9,0.8,71,45,102,20,768,91,8
R8,test,530,0.9,0.8,52,26,112,16,768,75,8
R8,test,812,0.9,0.8,64,33,113,20,768,90,8
R8,test,1449,0.9,0.8,34,30,60,13,768,43,8
R8,test,651,0.9,0.8,95,53,149,25,768,145,8
R8,test,561,0.9,0.8,23,16,49,8,768,27,8
R8,test,1018,0.9,0.8,53,42,76,16,768,57,8
R8,test,710,0.9,0.8,13,9,22,5,768,13,8
R8,test,1125,0.9,0.8,314,184,448,79,768,1035,8
R8,test,124,0.9,0.8,96,66,113,28,768,150,8
R8,test,1769,0.9,0.8,14,11,21,5,768,12,8
R8,test,462,0.9,0.8,173,111,228,41,768,332,8
R8,test,879,0.9,0.8,59,41,72,13,768,51,8
R8,test,1027,0.9,0.8,57,39,82,18,768,68,8
R8,test,1375,0.9,0.8,42,26,81,11,768,45,8
R8,test,792,0.9,0.8,34,28,63,12,768,40,8
R8,test,1699,0.9,0.8,78,42,133,22,768,115,8
R8,test,1467,0.9,0.8,105,73,128,21,768,93,8
R8,test,1655,0.9,0.8,71,49,90,22,768,102,8
R8,test,538,0.9,0.8,44,27,88,15,768,64,8
R8,test,543,0.9,0.8,95,47,161,24,768,132,8
R8,test,1433,0.9,0.8,178,114,238,35,768,271,8
R8,test,1395,0.9,0.8,332,174,467,69,768,953,8
R8,test,1704,0.9,0.8,146,100,191,41,768,292,8
R8,test,29,0.9,0.8,38,19,75,13,768,51,8
R8,test,1920,0.9,0.8,29,26,43,9,768,24,8
R8,test,1446,0.9,0.8,39,21,86,14,768,52,8
R8,test,807,0.9,0.8,41,29,55,11,768,30,8
R8,test,1444,0.9,0.8,95,62,121,19,768,94,8
R8,test,56,0.9,0.8,58,44,82,16,768,66,8
R8,test,519,0.9,0.8,91,59,104,21,768,96,8
R8,test,936,0.9,0.8,27,24,58,11,768,37,8
R8,test,1790,0.9,0.8,221,120,303,51,768,462,8
R8,test,251,0.9,0.8,120,75,160,30,768,177,8
R8,test,99,0.9,0.8,101,68,144,25,768,144,8
R8,test,1548,0.9,0.8,99,67,166,28,768,165,8
R8,test,824,0.9,0.8,45,33,72,10,768,39,8
R8,test,298,0.9,0.8,18,15,37,7,768,21,8
R8,test,1551,0.9,0.8,24,20,40,7,768,19,8
R8,test,422,0.9,0.8,20,18,35,10,768,26,8
R8,test,1569,0.9,0.8,73,53,96,18,768,80,8
R8,test,1755,0.9,0.8,137,83,181,36,768,247,8
R8,test,1856,0.9,0.8,51,32,106,14,768,70,8
R8,test,764,0.9,0.8,26,16,53,10,768,31,8
R8,test,1599,0.9,0.8,33,23,55,13,768,44,8
R8,test,495,0.9,0.8,14,12,20,6,768,15,8
R8,test,1285,0.9,0.8,63,36,119,21,768,107,8
R8,test,985,0.9,0.8,79,49,146,21,768,106,8
R8,test,70,0.9,0.8,86,62,120,22,768,115,8
R8,test,275,0.9,0.8,65,51,84,19,768,76,8
R8,test,1050,0.9,0.8,30,28,43,9,768,26,8
R8,test,1946,0.9,0.8,37,20,65,13,768,48,8
R8,test,65,0.9,0.8,40,32,63,11,768,40,8
R8,test,585,0.9,0.8,70,44,109,19,768,88,8
R8,test,1106,0.9,0.8,82,29,161,22,768,140,8
R8,test,1987,0.9,0.8,60,40,75,16,768,69,8
R8,test,1228,0.9,0.8,71,39,125,16,768,80,8
R8,test,394,0.9,0.8,59,37,99,15,768,75,8
R8,test,990,0.9,0.8,29,20,53,12,768,35,8
R8,test,1491,0.9,0.8,14,11,20,5,768,12,8
R8,test,111,0.9,0.8,52,38,70,15,768,63,8
R8,test,352,0.9,0.8,101,77,120,25,768,128,8
R8,test,1132,0.9,0.8,251,132,307,53,768,541,8
R8,test,1971,0.9,0.8,100,60,162,21,768,121,8
R8,test,674,0.9,0.8,68,47,83,15,768,69,8
R8,test,570,0.9,0.8,52,40,73,14,768,51,8
R8,test,921,0.9,0.8,258,131,362,69,768,791,8
R8,test,1401,0.9,0.8,87,58,107,23,768,99,8
R8,test,1169,0.9,0.8,120,78,204,28,768,203,8
R8,test,1058,0.9,0.8,129,55,193,37,768,263,8
R8,test,1656,0.9,0.8,40,28,91,13,768,51,8
R8,test,411,0.9,0.8,71,38,118,17,768,88,8
R8,test,1440,0.9,0.8,30,19,56,9,768,28,8
R8,test,535,0.9,0.8,41,25,60,12,768,41,8
R8,test,1333,0.9,0.8,84,64,122,19,768,96,8
R8,test,1187,0.9,0.8,11,11,21,5,768,11,8
R8,test,998,0.9,0.8,269,141,334,48,768,498,8
R8,test,69,0.9,0.8,19,15,42,7,768,20,8
R8,test,1185,0.9,0.8,60,45,78,14,768,56,8
R8,test,1447,0.9,0.8,217,134,275,47,768,407,8
R8,test,744,0.9,0.8,25,21,49,7,768,23,8
R8,test,1366,0.9,0.8,87,64,124,24,768,118,8
R8,test,1736,0.9,0.8,44,24,81,13,768,53,8
R8,test,1511,0.9,0.8,19,12,42,7,768,21,8
R8,test,1007,0.9,0.8,22,16,36,9,768,26,8
R8,test,862,0.9,0.8,61,41,107,14,768,59,8
R8,test,588,0.9,0.8,246,136,357,56,768,562,8
R8,test,720,0.9,0.8,226,132,294,46,768,487,8
R8,test,1242,0.9,0.8,105,71,135,19,768,102,8
R8,test,1739,0.9,0.8,75,51,85,16,768,70,8
R8,test,1259,0.9,0.8,42,25,76,15,768,64,8
R8,test,1871,0.9,0.8,52,24,106,14,768,68,8
R8,test,1912,0.9,0.8,78,59,113,22,768,98,8
R8,test,1544,0.9,0.8,35,24,63,11,768,41,8
R8,test,1498,0.9,0.8,48,34,59,13,768,44,8
R8,test,926,0.9,0.8,75,56,131,19,768,95,8
R8,test,1940,0.9,0.8,171,126,239,44,768,357,8
R8,test,1009,0.9,0.8,48,21,86,13,768,61,8
R8,test,486,0.9,0.8,125,55,215,32,768,264,8
R8,test,128,0.9,0.8,12,10,26,5,768,12,8
R8,test,1198,0.9,0.8,46,27,83,14,768,55,8
R8,test,1681,0.9,0.8,33,30,52,11,768,35,8
R8,test,1488,0.9,0.8,29,18,56,10,768,32,8
R8,test,1330,0.9,0.8,159,104,213,39,768,305,8
R8,test,1318,0.9,0.8,90,55,116,19,768,91,8
R8,test,361,0.9,0.8,51,38,71,14,768,51,8
R8,test,1840,0.9,0.8,53,39,75,16,768,70,8
R8,test,1882,0.9,0.8,84,61,120,19,768,91,8
R8,test,256,0.9,0.8,52,29,105,15,768,73,8
R8,test,1251,0.9,0.8,14,11,20,5,768,12,8
R8,test,1619,0.9,0.8,77,59,118,19,768,100,8
R8,test,544,0.9,0.8,25,15,53,9,768,28,8
R8,test,342,0.9,0.8,259,134,341,57,768,626,8
R8,test,1943,0.9,0.8,75,42,123,16,768,75,8
R8,test,670,0.9,0.8,56,35,95,14,768,61,8
R8,test,1037,0.9,0.8,217,95,276,58,768,539,8
R8,test,1573,0.9,0.8,62,36,118,17,768,83,8
R8,test,1827,0.9,0.8,82,58,108,20,768,94,8
R8,test,307,0.9,0.8,38,20,77,13,768,54,8
R8,test,1244,0.9,0.8,417,222,560,103,768,1154,8
R8,test,765,0.9,0.8,116,75,165,31,768,184,8
R8,test,1283,0.9,0.8,21,16,38,8,768,25,8
R8,test,1299,0.9,0.8,66,38,126,18,768,89,8
R8,test,233,0.9,0.8,133,94,182,34,768,222,8
R8,test,231,0.9,0.8,25,17,50,7,768,25,8
R8,test,1807,0.9,0.8,95,65,133,26,768,135,8
R8,test,555,0.9,0.8,35,29,52,12,768,33,8
R8,test,1001,0.9,0.8,50,39,78,14,768,55,8
R8,test,887,0.9,0.8,45,26,89,12,768,55,8
R8,test,1360,0.9,0.8,59,34,131,22,768,115,8
R8,test,1600,0.9,0.8,40,32,78,15,768,54,8
R8,test,806,0.9,0.8,18,14,39,6,768,19,8
R8,test,715,0.9,0.8,64,39,93,20,768,88,8
R8,test,354,0.9,0.8,103,70,126,30,768,149,8
R8,test,1859,0.9,0.8,32,25,51,11,768,38,8
R8,test,1874,0.9,0.8,245,129,379,61,768,787,8
R8,test,654,0.9,0.8,173,112,241,41,768,386,8
R8,test,305,0.9,0.8,25,16,50,9,768,28,8
R8,test,1041,0.9,0.8,57,44,82,19,768,78,8
R8,test,1674,0.9,0.8,111,50,193,32,768,239,8
R8,test,1963,0.9,0.8,75,55,95,19,768,80,8
R8,test,780,0.9,0.8,50,39,69,14,768,55,8
SST-2,train,468,0.9,0.8,20,18,34,7,768,17,2
SST-2,train,1956,0.9,0.8,10,10,18,5,768,11,2
SST-2,train,800,0.9,0.8,23,22,38,8,768,20,2
SST-2,train,6474,0.9,0.8,6,6,12,4,768,7,2
SST-2,train,2389,0.9,0.8,25,24,34,8,768,19,2
SST-2,train,2647,0.9,0.8,22,19,28,7,768,17,2
SST-2,train,5782,0.9,0.8,7,7,13,4,768,7,2
SST-2,train,1729,0.9,0.8,19,16,23,6,768,13,2
SST-2,train,5933,0.9,0.8,6,6,10,3,768,5,2
SST-2,train,6558,0.9,0.8,7,7,26,5,768,11,2
SST-2,train,592,0.9,0.8,21,20,28,7,768,17,2
SST-2,train,1867,0.9,0.8,21,20,28,6,768,15,2
SST-2,train,3550,0.9,0.8,25,23,40,8,768,21,2
SST-2,train,1732,0.9,0.8,22,20,26,6,768,15,2
SST-2,train,3543,0.9,0.8,27,23,36,6,768,15,2
SST-2,train,3185,0.9,0.8,10,10,19,5,768,11,2
SST-2,train,2115,0.9,0.8,5,5,10,3,768,5,2
SST-2,train,3796,0.9,0.8,11,11,26,7,768,17,2
SST-2,train,3410,0.9,0.8,20,19,34,6,768,14,2
SST-2,train,4231,0.9,0.8,16,14,25,5,768,11,2
SST-2,train,2057,0.9,0.8,12,12,19,4,768,9,2
SST-2,train,6819,0.9,0.8,15,15,20,5,768,11,2
SST-2,train,3832,0.9,0.8,13,12,18,5,768,11,2
SST-2,train,4803,0.9,0.8,4,4,7,3,768,5,2
SST-2,train,3168,0.9,0.8,16,16,28,6,768,15,2
SST-2,train,2114,0.9,0.8,38,35,52,10,768,27,2
SST-2,train,3312,0.9,0.8,4,4,9,4,768,7,2
SST-2,train,6501,0.9,0.8,26,23,37,7,768,17,2
SST-2,train,4656,0.9,0.8,12,12,28,5,768,12,2
SST-2,train,1488,0.9,0.8,5,5,18,5,768,11,2
SST-2,train,4958,0.9,0.8,20,19,28,7,768,17,2
SST-2,train,4570,0.9,0.8,22,21,30,8,768,19,2
SST-2,train,6814,0.9,0.8,7,7,10,4,768,7,2
SST-2,train,3589,0.9,0.8,15,15,21,5,768,11,2
SST-2,train,5604,0.9,0.8,11,11,18,5,768,11,2
SST-2,train,3176,0.9,0.8,17,17,27,6,768,14,2
SST-2,train,5272,0.9,0.8,14,13,19,5,768,11,2
SST-2,train,3433,0.9,0.8,25,24,37,7,768,17,2
SST-2,train,3362,0.9,0.8,4,4,9,3,768,5,2
SST-2,train,585,0.9,0.8,20,19,29,7,768,17,2
SST-2,train,6174,0.9,0.8,15,14,20,5,768,11,2
SST-2,train,4819,0.9,0.8,12,12,22,4,768,9,2
SST-2,train,5890,0.9,0.8,14,12,18,4,768,8,2
SST-2,train,132,0.9,0.8,24,22,32,7,768,17,2
SST-2,train,3353,0.9,0.8,42,36,52,12,768,31,2
SST-2,train,4517,0.9,0.8,11,11,19,4,768,9,2
SST-2,train,1420,0.9,0.8,14,13,22,5,768,11,2
SST-2,train,733,0.9,0.8,23,21,33,7,768,17,2
SST-2,train,2638,0.9,0.8,23,22,32,8,768,19,2
SST-2,train,4866,0.9,0.8,5,5,11,3,768,5,2
SST-2,train,5609,0.9,0.8,11,11,22,5,768,11,2
SST-2,train,734,0.9,0.8,22,21,32,7,768,17,2
SST-2,train,3001,0.9,0.8,35,34,47,9,768,23,2
SST-2,train,6522,0.9,0.8,20,17,24,4,768,8,2
SST-2,train,2404,0.9,0.8,17,15,26,6,768,15,2
SST-2,train,1362,0.9,0.8,16,16,27,7,768,17,2
SST-2,train,6424,0.9,0.8,12,12,16,6,768,13,2
SST-2,train,6748,0.9,0.8,3,3,7,4,768,7,2
SST-2,train,2453,0.9,0.8,24,22,37,8,768,19,2
SST-2,train,2197,0.9,0.8,18,15,23,6,768,13,2
SST-2,train,3698,0.9,0.8,12,12,15,5,768,11,2
SST-2,train,5500,0.9,0.8,11,11,18,5,768,11,2
SST-2,train,965,0.9,0.8,7,7,10,4,768,7,2
SST-2,train,2263,0.9,0.8,22,21,33,8,768,19,2
SST-2,train,6721,0.9,0.8,9,9,16,4,768,9,2
SST-2,train,4370,0.9,0.8,1,1,4,3,768,5,2
SST-2,train,503,0.9,0.8,28,27,48,7,768,18,2
SST-2,train,2759,0.9,0.8,27,25,39,7,768,19,2
SST-2,train,1544,0.9,0.8,21,21,32,7,768,17,2
SST-2,train,3313,0.9,0.8,26,21,38,8,768,20,2
SST-2,train,1370,0.9,0.8,18,18,23,6,768,13,2
SST-2,train,437,0.9,0.8,17,15,22,4,768,8,2
SST-2,train,3487,0.9,0.8,12,12,19,5,768,11,2
SST-2,train,4655,0.9,0.8,23,21,38,7,768,17,2
SST-2,train,1287,0.9,0.8,19,19,25,7,768,17,2
SST-2,train,3066,0.9,0.8,20,20,27,7,768,17,2
SST-2,train,6576,0.9,0.8,8,8,13,4,768,7,2
SST-2,train,4246,0.9,0.8,18,18,29,6,768,14,2
SST-2,train,4996,0.9,0.8,18,17,28,8,768,19,2
SST-2,train,5533,0.9,0.8,6,6,15,4,768,7,2
SST-2,train,842,0.9,0.8,6,6,12,4,768,7,2
SST-2,train,4914,0.9,0.8,3,3,6,3,768,5,2
SST-2,train,2818,0.9,0.8,14,13,24,5,768,11,2
SST-2,train,2874,0.9,0.8,19,16,30,8,768,19,2
SST-2,train,1737,0.9,0.8,22,22,31,8,768,19,2
SST-2,train,5453,0.9,0.8,25,22,36,8,768,19,2
SST-2,train,2943,0.9,0.8,9,9,13,4,768,7,2
SST-2,train,457,0.9,0.8,22,21,39,10,768,25,2
SST-2,train,712,0.9,0.8,9,9,16,5,768,11,2
SST-2,train,3721,0.9,0.8,21,19,27,6,768,14,2
SST-2,train,239,0.9,0.8,5,5,8,4,768,7,2
SST-2,train,3753,0.9,0.8,13,13,19,5,768,11,2
SST-2,train,544,0.9,0.8,30,26,39,10,768,25,2
SST-2,train,230,0.9,0.8,19,17,26,6,768,15,2
SST-2,train,1747,0.9,0.8,4,4,8,3,768,5,2
SST-2,train,101,0.9,0.8,23,20,31,7,768,17,2
SST-2,train,5198,0.9,0.8,27,25,42,7,768,18,2
SST-2,train,5557,0.9,0.8,16,15,30,5,768,12,2
SST-2,train,4839,0.9,0.8,11,10,18,5,768,11,2
SST-2,train,5574,0.9,0.8,24,23,42,10,768,25,2
SST-2,train,6003,0.9,0.8,18,18,27,6,768,15,2
SST-2,train,3869,0.9,0.8,11,11,19,5,768,11,2
SST-2,train,79,0.9,0.8,21,18,34,5,768,12,2
SST-2,train,1181,0.9,0.8,4,4,11,4,768,7,2
SST-2,train,4467,0.9,0.8,26,25,35,8,768,19,2
SST-2,train,534,0.9,0.8,21,21,29,8,768,19,2
SST-2,train,3340,0.9,0.8,14,14,23,5,768,11,2
SST-2,train,476,0.9,0.8,25,22,36,10,768,25,2
SST-2,train,5011,0.9,0.8,10,10,15,6,768,13,2
SST-2,train,4332,0.9,0.8,34,31,44,10,768,25,2
SST-2,train,4147,0.9,0.8,34,31,48,11,768,29,2
SST-2,train,1954,0.9,0.8,10,9,20,6,768,13,2
SST-2,train,4951,0.9,0.8,8,7,12,3,768,5,2
SST-2,train,3910,0.9,0.8,13,12,22,5,768,11,2
SST-2,train,5812,0.9,0.8,13,13,21,6,768,13,2
SST-2,train,3379,0.9,0.8,24,24,32,7,768,17,2
SST-2,train,4373,0.9,0.8,22,22,36,7,768,17,2
SST-2,train,5853,0.9,0.8,10,10,14,3,768,5,2
SST-2,train,3824,0.9,0.8,14,13,24,6,768,13,2
SST-2,train,1801,0.9,0.8,28,27,48,10,768,25,2
SST-2,train,4952,0.9,0.8,9,9,17,5,768,11,2
SST-2,train,1438,0.9,0.8,20,18,27,5,768,12,2
SST-2,train,5711,0.9,0.8,1,1,4,3,768,5,2
SST-2,train,5958,0.9,0.8,10,10,22,4,768,8,2
SST-2,train,2333,0.9,0.8,7,7,13,4,768,7,2
SST-2,train,2509,0.9,0.8,8,8,16,6,768,13,2
SST-2,train,5577,0.9,0.8,16,16,21,5,768,11,2
SST-2,train,3656,0.9,0.8,21,21,29,6,768,14,2
SST-2,train,2572,0.9,0.8,27,24,35,7,768,17,2
SST-2,train,3861,0.9,0.8,34,30,45,7,768,18,2
SST-2,train,3980,0.9,0.8,17,16,26,5,768,13,2
SST-2,train,3545,0.9,0.8,13,12,25,5,768,11,2
SST-2,train,2166,0.9,0.8,9,8,15,5,768,11,2
SST-2,train,3684,0.9,0.8,17,16,26,5,768,11,2
SST-2,train,6153,0.9,0.8,16,16,21,5,768,11,2
SST-2,train,1046,0.9,0.8,18,18,25,6,768,14,2
SST-2,train,3075,0.9,0.8,16,16,23,6,768,13,2
SST-2,train,5974,0.9,0.8,18,16,24,5,768,11,2
SST-2,train,1872,0.9,0.8,1,1,6,3,768,5,2
SST-2,train,1039,0.9,0.8,17,16,25,7,768,17,2
SST-2,train,4970,0.9,0.8,27,24,44,8,768,21,2
SST-2,train,4818,0.9,0.8,17,17,32,7,768,17,2
SST-2,train,1905,0.9,0.8,15,15,20,5,768,11,2
SST-2,train,6082,0.9,0.8,18,15,33,7,768,17,2
SST-2,train,4587,0.9,0.8,26,25,35,8,768,19,2
SST-2,train,233,0.9,0.8,7,7,13,3,768,5,2
SST-2,train,3295,0.9,0.8,32,28,54,10,768,29,2
SST-2,train,1926,0.9,0.8,14,14,19,5,768,11,2
SST-2,train,6371,0.9,0.8,18,17,24,5,768,12,2
SST-2,train,5632,0.9,0.8,9,9,13,4,768,7,2
SST-2,validation,794,0.9,0.8,5,5,11,4,768,7,2
SST-2,validation,319,0.9,0.8,18,17,26,6,768,14,2
SST-2,validation,382,0.9,0.8,33,33,43,8,768,21,2
SST-2,validation,779,0.9,0.8,8,8,18,4,768,8,2
SST-2,validation,422,0.9,0.8,22,20,40,6,768,15,2
SST-2,validation,327,0.9,0.8,10,10,16,5,768,11,2
SST-2,validation,803,0.9,0.8,11,10,20,5,768,11,2
SST-2,validation,136,0.9,0.8,18,18,23,6,768,13,2
SST-2,validation,670,0.9,0.8,15,15,19,5,768,11,2
SST-2,validation,810,0.9,0.8,20,20,30,6,768,15,2
SST-2,validation,323,0.9,0.8,12,11,20,4,768,9,2
SST-2,validation,344,0.9,0.8,8,8,11,4,768,7,2
SST-2,validation,497,0.9,0.8,10,10,19,5,768,11,2
SST-2,validation,227,0.9,0.8,12,12,24,5,768,11,2
SST-2,validation,44,0.9,0.8,23,19,32,6,768,14,2
SST-2,validation,404,0.9,0.8,23,21,28,6,768,14,2
SST-2,validation,210,0.9,0.8,14,13,22,5,768,11,2
SST-2,validation,428,0.9,0.8,36,33,54,10,768,27,2
SST-2,validation,444,0.9,0.8,25,25,41,9,768,23,2
SST-2,validation,174,0.9,0.8,15,13,27,5,768,11,2
SST-2,validation,70,0.9,0.8,13,13,20,6,768,13,2
SST-2,validation,462,0.9,0.8,25,23,39,10,768,25,2
SST-2,validation,465,0.9,0.8,14,13,23,6,768,13,2
SST-2,validation,309,0.9,0.8,10,10,16,5,768,11,2
SST-2,validation,66,0.9,0.8,26,24,34,8,768,19,2
SST-2,validation,598,0.9,0.8,14,14,21,5,768,11,2
SST-2,validation,23,0.9,0.8,3,3,9,3,768,5,2
SST-2,validation,30,0.9,0.8,12,11,18,6,768,13,2
SST-2,validation,542,0.9,0.8,11,11,18,5,768,11,2
SST-2,validation,67,0.9,0.8,3,3,9,3,768,5,2
SST-2,validation,722,0.9,0.8,18,18,25,6,768,14,2
SST-2,validation,328,0.9,0.8,8,8,15,5,768,11,2
SST-2,validation,333,0.9,0.8,12,11,20,5,768,11,2
SST-2,validation,797,0.9,0.8,16,16,23,6,768,13,2
SST-2,validation,753,0.9,0.8,28,24,35,7,768,17,2
SST-2,validation,244,0.9,0.8,5,5,12,4,768,7,2
SST-2,validation,300,0.9,0.8,6,6,14,4,768,7,2
SST-2,validation,76,0.9,0.8,27,24,34,7,768,17,2
SST-2,validation,250,0.9,0.8,15,14,20,5,768,11,2
SST-2,validation,713,0.9,0.8,20,19,32,6,768,15,2
SST-2,validation,611,0.9,0.8,20,19,31,6,768,15,2
SST-2,validation,585,0.9,0.8,8,8,14,3,768,5,2
SST-2,validation,768,0.9,0.8,12,12,17,5,768,11,2
SST-2,validation,72,0.9,0.8,13,13,18,6,768,13,2
SST-2,validation,527,0.9,0.8,5,5,10,3,768,5,2
SST-2,validation,567,0.9,0.8,10,10,14,5,768,11,2
SST-2,validation,294,0.9,0.8,18,17,29,7,768,17,2
SST-2,validation,640,0.9,0.8,22,21,37,6,768,15,2
SST-2,validation,526,0.9,0.8,15,15,30,6,768,13,2
SST-2,validation,139,0.9,0.8,8,8,17,4,768,7,2
SST-2,validation,820,0.9,0.8,17,16,31,7,768,17,2
SST-2,validation,680,0.9,0.8,7,7,13,3,768,5,2
SST-2,validation,678,0.9,0.8,17,15,28,7,768,17,2
SST-2,validation,96,0.9,0.8,34,30,52,12,768,31,2
SST-2,validation,644,0.9,0.8,21,20,32,7,768,17,2
SST-2,validation,332,0.9,0.8,17,16,25,6,768,15,2
SST-2,validation,449,0.9,0.8,4,4,10,4,768,7,2
SST-2,validation,316,0.9,0.8,11,10,17,5,768,11,2
SST-2,validation,265,0.9,0.8,7,7,10,4,768,7,2
SST-2,validation,120,0.9,0.8,20,17,29,6,768,15,2
SST-2,validation,302,0.9,0.8,7,7,13,3,768,5,2
SST-2,validation,86,0.9,0.8,10,10,16,4,768,8,2
SST-2,validation,696,0.9,0.8,25,23,32,5,768,12,2
SST-2,validation,39,0.9,0.8,20,18,33,7,768,17,2
SST-2,validation,450,0.9,0.8,25,23,41,7,768,17,2
SST-2,validation,192,0.9,0.8,21,21,34,8,768,19,2
SST-2,validation,634,0.9,0.8,14,14,22,5,768,11,2
SST-2,validation,568,0.9,0.8,14,14,21,5,768,11,2
SST-2,validation,231,0.9,0.8,11,11,14,5,768,11,2
SST-2,validation,362,0.9,0.8,26,26,43,10,768,25,2
SST-2,validation,761,0.9,0.8,17,16,28,6,768,14,2
SST-2,validation,314,0.9,0.8,18,16,24,5,768,11,2
SST-2,validation,215,0.9,0.8,8,8,12,4,768,7,2
SST-2,validation,456,0.9,0.8,18,16,27,6,768,13,2
SST-2,validation,483,0.9,0.8,18,17,25,4,768,8,2
SST-2,validation,137,0.9,0.8,33,30,44,7,768,18,2
SST-2,validation,198,0.9,0.8,30,27,42,7,768,19,2
SST-2,validation,110,0.9,0.8,23,22,35,7,768,17,2
SST-2,validation,275,0.9,0.8,5,5,10,3,768,5,2
SST-2,validation,168,0.9,0.8,7,7,16,4,768,7,2
SST-2,validation,591,0.9,0.8,14,12,20,5,768,11,2
SST-2,validation,479,0.9,0.8,18,14,23,5,768,11,2
SST-2,validation,548,0.9,0.8,4,4,12,4,768,7,2
SST-2,validation,656,0.9,0.8,18,17,24,5,768,11,2
SST-2,validation,819,0.9,0.8,12,11,19,6,768,13,2
SST-2,validation,578,0.9,0.8,22,20,30,8,768,19,2
SST-2,validation,388,0.9,0.8,5,5,8,3,768,5,2
SST-2,validation,857,0.9,0.8,9,9,18,6,768,13,2
SST-2,validation,487,0.9,0.8,24,23,34,7,768,17,2
SST-2,validation,306,0.9,0.8,10,10,20,5,768,11,2
SST-2,validation,529,0.9,0.8,12,11,20,6,768,13,2
SST-2,validation,259,0.9,0.8,21,18,26,7,768,17,2
SST-2,validation,260,0.9,0.8,31,27,38,10,768,25,2
SST-2,validation,533,0.9,0.8,26,23,41,7,768,18,2
SST-2,validation,704,0.9,0.8,13,13,20,5,768,11,2
SST-2,validation,650,0.9,0.8,26,23,35,8,768,19,2
SST-2,validation,451,0.9,0.8,24,21,34,7,768,17,2
SST-2,validation,867,0.9,0.8,14,14,20,5,768,11,2
SST-2,validation,445,0.9,0.8,25,23,41,8,768,21,2
SST-2,validation,63,0.9,0.8,15,15,22,6,768,13,2
SST-2,validation,825,0.9,0.8,8,6,12,4,768,7,2
SST-2,validation,718,0.9,0.8,15,15,23,6,768,13,2
SST-2,validation,342,0.9,0.8,19,19,28,6,768,15,2
SST-2,validation,65,0.9,0.8,19,18,27,7,768,17,2
SST-2,validation,209,0.9,0.8,2,2,5,3,768,5,2
SST-2,validation,755,0.9,0.8,25,24,41,9,768,23,2
SST-2,validation,865,0.9,0.8,25,23,44,9,768,23,2
SST-2,validation,78,0.9,0.8,13,12,19,4,768,8,2
SST-2,validation,513,0.9,0.8,11,10,16,6,768,13,2
SST-2,validation,710,0.9,0.8,6,6,11,4,768,7,2
SST-2,validation,549,0.9,0.8,31,25,40,10,768,25,2
SST-2,validation,298,0.9,0.8,14,14,18,6,768,13,2
SST-2,validation,760,0.9,0.8,17,17,20,4,768,8,2
SST-2,validation,514,0.9,0.8,20,19,30,8,768,19,2
SST-2,validation,783,0.9,0.8,38,31,49,9,768,23,2
SST-2,validation,584,0.9,0.8,23,20,31,7,768,17,2
SST-2,validation,692,0.9,0.8,11,11,17,5,768,11,2
SST-2,validation,457,0.9,0.8,7,7,12,4,768,7,2
SST-2,validation,377,0.9,0.8,21,21,31,7,768,17,2
SST-2,validation,49,0.9,0.8,10,9,14,5,768,11,2
SST-2,validation,208,0.9,0.8,38,33,53,10,768,27,2
SST-2,validation,785,0.9,0.8,23,23,32,6,768,15,2
SST-2,validation,239,0.9,0.8,15,15,21,6,768,13,2
SST-2,validation,717,0.9,0.8,26,23,32,7,768,17,2
SST-2,validation,581,0.9,0.8,2,2,8,3,768,5,2
SST-2,validation,630,0.9,0.8,9,8,14,3,768,5,2
SST-2,validation,684,0.9,0.8,22,22,35,8,768,19,2
SST-2,validation,866,0.9,0.8,11,11,16,5,768,11,2
SST-2,validation,559,0.9,0.8,13,13,18,5,768,11,2
SST-2,validation,426,0.9,0.8,19,19,33,7,768,17,2
SST-2,validation,33,0.9,0.8,33,30,39,10,768,25,2
SST-2,validation,31,0.9,0.8,32,31,49,10,768,25,2
SST-2,validation,235,0.9,0.8,19,18,25,7,768,17,2
SST-2,validation,381,0.9,0.8,21,20,26,7,768,17,2
SST-2,validation,507,0.9,0.8,19,19,30,6,768,14,2
SST-2,validation,723,0.9,0.8,7,7,13,4,768,7,2
SST-2,validation,109,0.9,0.8,15,15,21,4,768,9,2
SST-2,validation,77,0.9,0.8,19,18,29,7,768,17,2
SST-2,validation,804,0.9,0.8,6,6,11,3,768,5,2
SST-2,validation,82,0.9,0.8,11,11,25,6,768,13,2
SST-2,validation,357,0.9,0.8,32,29,39,9,768,23,2
SST-2,validation,495,0.9,0.8,13,12,19,5,768,11,2
SST-2,validation,596,0.9,0.8,7,7,11,4,768,7,2
SST-2,validation,196,0.9,0.8,8,8,13,3,768,5,2
SST-2,validation,290,0.9,0.8,12,12,26,6,768,13,2
SST-2,validation,679,0.9,0.8,12,12,16,5,768,11,2
SST-2,validation,5,0.9,0.8,17,15,26,7,768,17,2
SST-2,validation,54,0.9,0.8,15,14,23,5,768,11,2
SST-2,validation,664,0.9,0.8,21,20,35,7,768,17,2
SST-2,validation,606,0.9,0.8,10,10,16,5,768,11,2
SST-2,test,1511,0.9,0.8,22,19,31,6,768,15,2
SST-2,test,1799,0.9,0.8,10,10,16,5,768,11,2
SST-2,test,135,0.9,0.8,22,22,27,7,768,17,2
SST-2,test,408,0.9,0.8,16,16,28,8,768,19,2
SST-2,test,1693,0.9,0.8,27,24,43,9,768,23,2
SST-2,test,1740,0.9,0.8,35,30,48,12,768,31,2
SST-2,test,289,0.9,0.8,16,14,22,5,768,11,2
SST-2,test,1666,0.9,0.8,17,15,21,5,768,11,2
SST-2,test,757,0.9,0.8,26,24,38,6,768,15,2
SST-2,test,879,0.9,0.8,15,15,29,7,768,17,2
SST-2,test,551,0.9,0.8,5,5,10,3,768,5,2
SST-2,test,339,0.9,0.8,27,27,48,9,768,23,2
SST-2,test,453,0.9,0.8,29,27,45,8,768,21,2
SST-2,test,1704,0.9,0.8,17,17,26,7,768,17,2
SST-2,test,669,0.9,0.8,13,13,19,5,768,11,2
SST-2,test,1379,0.9,0.8,23,23,30,8,768,19,2
SST-2,test,497,0.9,0.8,13,13,18,4,768,8,2
SST-2,test,1394,0.9,0.8,23,22,34,6,768,13,2
SST-2,test,561,0.9,0.8,11,11,16,4,768,8,2
SST-2,test,1085,0.9,0.8,1,1,5,3,768,5,2
SST-2,test,1202,0.9,0.8,11,11,19,6,768,13,2
SST-2,test,270,0.9,0.8,18,17,24,5,768,11,2
SST-2,test,602,0.9,0.8,6,6,11,4,768,7,2
SST-2,test,220,0.9,0.8,13,13,21,4,768,9,2
SST-2,test,1456,0.9,0.8,20,18,33,6,768,14,2
SST-2,test,331,0.9,0.8,15,13,20,5,768,11,2
SST-2,test,307,0.9,0.8,16,15,29,5,768,12,2
SST-2,test,462,0.9,0.8,21,21,27,7,768,17,2
SST-2,test,1736,0.9,0.8,8,8,15,3,768,5,2
SST-2,test,1599,0.9,0.8,23,23,32,5,768,11,2
SST-2,test,109,0.9,0.8,15,15,22,5,768,11,2
SST-2,test,1395,0.9,0.8,11,11,16,6,768,13,2
SST-2,test,530,0.9,0.8,27,21,33,6,768,15,2
SST-2,test,677,0.9,0.8,12,12,17,5,768,11,2
SST-2,test,888,0.9,0.8,18,18,22,5,768,11,2
SST-2,test,526,0.9,0.8,19,18,30,7,768,17,2
SST-2,test,620,0.9,0.8,11,11,16,5,768,11,2
SST-2,test,1541,0.9,0.8,14,13,28,7,768,17,2
SST-2,test,1107,0.9,0.8,22,21,36,6,768,15,2
SST-2,test,535,0.9,0.8,13,13,24,4,768,8,2
SST-2,test,1292,0.9,0.8,18,18,28,7,768,17,2
SST-2,test,628,0.9,0.8,18,18,25,8,768,19,2
SST-2,test,552,0.9,0.8,4,4,14,4,768,7,2
SST-2,test,720,0.9,0.8,13,13,24,5,768,11,2
SST-2,test,1608,0.9,0.8,9,9,15,6,768,13,2
SST-2,test,1657,0.9,0.8,4,4,7,4,768,7,2
SST-2,test,1057,0.9,0.8,3,3,8,4,768,7,2
SST-2,test,1381,0.9,0.8,15,14,25,6,768,13,2
SST-2,test,1343,0.9,0.8,20,18,28,7,768,17,2
SST-2,test,203,0.9,0.8,11,10,14,6,768,13,2
SST-2,test,111,0.9,0.8,23,21,43,9,768,23,2
SST-2,test,583,0.9,0.8,22,22,33,6,768,15,2
SST-2,test,1040,0.9,0.8,15,15,22,5,768,11,2
SST-2,test,1683,0.9,0.8,24,22,36,7,768,17,2
SST-2,test,1422,0.9,0.8,11,10,14,5,768,11,2
SST-2,test,29,0.9,0.8,11,11,16,4,768,9,2
SST-2,test,782,0.9,0.8,9,9,19,5,768,11,2
SST-2,test,973,0.9,0.8,16,15,25,5,768,11,2
SST-2,test,65,0.9,0.8,22,20,40,6,768,15,2
SST-2,test,1328,0.9,0.8,16,14,20,6,768,13,2
SST-2,test,1373,0.9,0.8,14,12,25,4,768,9,2
SST-2,test,1161,0.9,0.8,18,18,21,5,768,11,2
SST-2,test,1758,0.9,0.8,11,9,18,6,768,13,2
SST-2,test,1461,0.9,0.8,9,9,14,4,768,7,2
SST-2,test,188,0.9,0.8,11,11,14,5,768,11,2
SST-2,test,427,0.9,0.8,7,5,10,3,768,5,2
SST-2,test,965,0.9,0.8,9,9,14,3,768,5,2
SST-2,test,298,0.9,0.8,33,30,41,8,768,21,2
SST-2,test,382,0.9,0.8,14,14,20,5,768,11,2
SST-2,test,1641,0.9,0.8,6,6,11,4,768,7,2
SST-2,test,1470,0.9,0.8,13,12,17,6,768,13,2
SST-2,test,932,0.9,0.8,12,11,20,5,768,11,2
SST-2,test,1494,0.9,0.8,18,17,31,8,768,19,2
SST-2,test,1536,0.9,0.8,13,13,19,5,768,11,2
SST-2,test,1117,0.9,0.8,20,18,24,7,768,17,2
SST-2,test,843,0.9,0.8,31,29,43,8,768,21,2
SST-2,test,1083,0.9,0.8,5,5,13,4,768,7,2
SST-2,test,1313,0.9,0.8,10,9,15,6,768,13,2
SST-2,test,173,0.9,0.8,17,14,27,8,768,19,2
SST-2,test,1319,0.9,0.8,21,20,27,7,768,17,2
SST-2,test,756,0.9,0.8,11,11,16,6,768,13,2
SST-2,test,374,0.9,0.8,20,20,31,8,768,19,2
SST-2,test,1312,0.9,0.8,16,15,21,5,768,11,2
SST-2,test,70,0.9,0.8,28,27,43,9,768,23,2
SST-2,test,482,0.9,0.8,18,18,26,7,768,17,2
SST-2,test,1075,0.9,0.8,8,7,13,3,768,5,2
SST-2,test,660,0.9,0.8,13,13,16,4,768,9,2
SST-2,test,994,0.9,0.8,13,12,16,5,768,11,2
SST-2,test,585,0.9,0.8,17,15,21,4,768,9,2
SST-2,test,544,0.9,0.8,19,19,26,7,768,17,2
SST-2,test,1775,0.9,0.8,30,28,39,8,768,20,2
SST-2,test,212,0.9,0.8,22,21,42,9,768,23,2
SST-2,test,1033,0.9,0.8,14,10,26,6,768,13,2
SST-2,test,1285,0.9,0.8,26,26,38,9,768,23,2
SST-2,test,962,0.9,0.8,15,14,22,6,768,13,2
SST-2,test,439,0.9,0.8,30,28,35,10,768,25,2
SST-2,test,1706,0.9,0.8,19,13,32,7,768,17,2
SST-2,test,993,0.9,0.8,34,33,49,9,768,25,2
SST-2,test,1628,0.9,0.8,20,18,33,7,768,17,2
SST-2,test,593,0.9,0.8,26,24,31,8,768,19,2
SST-2,test,23,0.9,0.8,11,11,16,5,768,11,2
SST-2,test,910,0.9,0.8,21,18,29,7,768,17,2
SST-2,test,485,0.9,0.8,17,16,26,6,768,13,2
SST-2,test,1270,0.9,0.8,9,9,14,4,768,9,2
SST-2,test,1632,0.9,0.8,23,21,33,7,768,17,2
SST-2,test,350,0.9,0.8,17,14,29,7,768,17,2
SST-2,test,1336,0.9,0.8,33,31,45,8,768,21,2
SST-2,test,1286,0.9,0.8,11,10,21,5,768,11,2
SST-2,test,1557,0.9,0.8,11,11,18,5,768,11,2
SST-2,test,881,0.9,0.8,4,4,7,4,768,7,2
SST-2,test,1640,0.9,0.8,18,17,29,7,768,17,2
SST-2,test,892,0.9,0.8,25,25,31,7,768,17,2
SST-2,test,575,0.9,0.8,21,19,25,7,768,17,2
SST-2,test,864,0.9,0.8,24,22,33,8,768,19,2
SST-2,test,1298,0.9,0.8,11,10,19,6,768,13,2
SST-2,test,365,0.9,0.8,12,11,17,5,768,11,2
SST-2,test,767,0.9,0.8,15,14,22,5,768,11,2
SST-2,test,422,0.9,0.8,23,22,35,6,768,15,2
SST-2,test,239,0.9,0.8,18,16,24,5,768,11,2
SST-2,test,478,0.9,0.8,19,16,31,7,768,17,2
SST-2,test,1762,0.9,0.8,15,15,22,5,768,11,2
SST-2,test,237,0.9,0.8,7,7,14,5,768,11,2
SST-2,test,722,0.9,0.8,10,10,14,4,768,8,2
SST-2,test,233,0.9,0.8,21,21,31,5,768,12,2
SST-2,test,354,0.9,0.8,12,12,18,6,768,13,2
SST-2,test,914,0.9,0.8,14,14,24,6,768,13,2
SST-2,test,1113,0.9,0.8,26,25,38,9,768,23,2
SST-2,test,527,0.9,0.8,9,9,16,6,768,13,2
SST-2,test,1047,0.9,0.8,15,13,19,6,768,13,2
SST-2,test,874,0.9,0.8,27,22,41,9,768,23,2
SST-2,test,1507,0.9,0.8,22,22,39,8,768,20,2
SST-2,test,978,0.9,0.8,12,12,19,6,768,13,2
SST-2,test,614,0.9,0.8,38,32,54,9,768,24,2
SST-2,test,115,0.9,0.8,7,7,16,4,768,7,2
SST-2,test,721,0.9,0.8,14,14,25,5,768,11,2
SST-2,test,1488,0.9,0.8,24,23,34,7,768,17,2
SST-2,test,1303,0.9,0.8,14,13,20,6,768,13,2
SST-2,test,1730,0.9,0.8,15,14,20,6,768,13,2
SST-2,test,1164,0.9,0.8,27,25,36,8,768,19,2
SST-2,test,394,0.9,0.8,16,15,23,5,768,11,2
SST-2,test,752,0.9,0.8,33,27,50,11,768,29,2
SST-2,test,1301,0.9,0.8,16,14,26,5,768,11,2
SST-2,test,1233,0.9,0.8,16,16,31,8,768,19,2
SST-2,test,1145,0.9,0.8,34,33,47,9,768,23,2
SST-2,test,438,0.9,0.8,18,18,35,6,768,13,2
SST-2,test,1004,0.9,0.8,26,23,34,8,768,19,2
SST-2,test,1569,0.9,0.8,9,9,13,4,768,7,2
SST-2,test,1078,0.9,0.8,14,14,20,5,768,11,2
SST-2,test,816,0.9,0.8,13,13,21,6,768,13,2
SST-2,test,464,0.9,0.8,7,7,13,4,768,7,2
