real,prediction,index,identifier,chunk,split
1,1,0,1511,0,test
0,0,1,1799,0,test
0,1,2,135,0,test
0,0,3,408,0,test
1,1,4,1693,0,test
1,1,5,1740,0,test
0,0,6,289,0,test
0,0,7,1666,0,test
1,1,8,757,0,test
0,0,9,879,0,test
0,0,10,551,0,test
1,1,11,339,0,test
0,0,12,453,0,test
1,1,13,1704,0,test
1,1,14,669,0,test
1,1,15,1379,0,test
1,1,16,497,0,test
1,0,17,1394,0,test
0,1,18,561,0,test
1,1,19,1085,0,test
1,1,20,1202,0,test
0,0,21,270,0,test
1,1,22,602,0,test
1,1,23,220,0,test
0,1,24,1456,0,test
0,0,25,331,0,test
1,1,26,307,0,test
1,1,27,462,0,test
0,0,28,1736,0,test
0,0,29,1599,0,test
1,1,30,109,0,test
1,1,31,1395,0,test
1,1,32,530,0,test
1,1,33,677,0,test
0,0,34,888,0,test
1,1,35,526,0,test
1,1,36,620,0,test
1,1,37,1541,0,test
0,0,38,1107,0,test
1,1,39,535,0,test
1,1,40,1292,0,test
1,1,41,628,0,test
0,0,42,552,0,test
1,1,43,720,0,test
0,0,44,1608,0,test
1,1,45,1657,0,test
0,0,46,1057,0,test
0,0,47,1381,0,test
1,1,48,1343,0,test
1,1,49,203,0,test
0,1,50,111,0,test
0,0,51,583,0,test
0,0,52,1040,0,test
0,1,53,1683,0,test
0,0,54,1422,0,test
0,0,55,29,0,test
1,1,56,782,0,test
1,1,57,973,0,test
1,1,58,65,0,test
1,1,59,1328,0,test
0,0,60,1373,0,test
1,1,61,1161,0,test
1,1,62,1758,0,test
1,1,63,1461,0,test
0,0,64,188,0,test
1,1,65,427,0,test
1,1,66,965,0,test
0,0,67,298,0,test
1,1,68,382,0,test
0,0,69,1641,0,test
0,0,70,1470,0,test
0,0,71,932,0,test
0,0,72,1494,0,test
1,1,73,1536,0,test
1,1,74,1117,0,test
1,1,75,843,0,test
1,1,76,1083,0,test
1,1,77,1313,0,test
0,0,78,173,0,test
1,1,79,1319,0,test
1,1,80,756,0,test
1,0,81,374,0,test
0,0,82,1312,0,test
0,0,83,70,0,test
0,1,84,482,0,test
0,0,85,1075,0,test
1,1,86,660,0,test
0,1,87,994,0,test
0,0,88,585,0,test
0,0,89,544,0,test
0,0,90,1775,0,test
1,1,91,212,0,test
1,1,92,1033,0,test
0,0,93,1285,0,test
1,1,94,962,0,test
1,1,95,439,0,test
1,1,96,1706,0,test
0,0,97,993,0,test
1,1,98,1628,0,test
0,1,99,593,0,test
1,1,100,23,0,test
0,0,101,910,0,test
0,1,102,485,0,test
0,0,103,1270,0,test
1,1,104,1632,0,test
0,0,105,350,0,test
0,0,106,1336,0,test
1,1,107,1286,0,test
0,0,108,1557,0,test
1,1,109,881,0,test
1,1,110,1640,0,test
1,1,111,892,0,test
1,1,112,575,0,test
0,1,113,864,0,test
0,0,114,1298,0,test
0,0,115,365,0,test
0,0,116,767,0,test
0,0,117,422,0,test
0,0,118,239,0,test
1,1,119,478,0,test
1,1,120,1762,0,test
0,0,121,237,0,test
1,1,122,722,0,test
0,0,123,233,0,test
0,0,124,354,0,test
0,1,125,914,0,test
1,1,126,1113,0,test
0,0,127,527,0,test
1,1,128,1047,0,test
0,0,129,874,0,test
0,1,130,1507,0,test
1,1,131,978,0,test
1,1,132,614,0,test
1,1,133,115,0,test
0,0,134,721,0,test
1,1,135,1488,0,test
0,0,136,1303,0,test
1,1,137,1730,0,test
1,1,138,1164,0,test
1,1,139,394,0,test
1,1,140,752,0,test
1,1,141,1301,0,test
0,0,142,1233,0,test
0,0,143,1145,0,test
0,0,144,438,0,test
0,1,145,1004,0,test
0,0,146,1569,0,test
1,1,147,1078,0,test
0,0,148,816,0,test
1,1,149,464,0,test
1,1,150,429,0,test
1,1,151,124,0,test
1,1,152,1179,0,test
0,0,153,1731,0,test
1,1,154,49,0,test
1,1,155,275,0,test
0,0,156,1178,0,test
1,0,157,1746,0,test
0,1,158,251,0,test
0,0,159,1124,0,test
1,1,160,1380,0,test
1,1,161,802,0,test
1,1,162,1287,0,test
1,1,163,943,0,test
1,1,164,344,0,test
0,0,165,303,0,test
1,1,166,1786,0,test
0,0,167,1653,0,test
1,1,168,78,0,test
1,1,169,1778,0,test
1,1,170,923,0,test
0,0,171,415,0,test
0,0,172,73,0,test
1,1,173,1606,0,test
0,0,174,69,0,test
0,0,175,162,0,test
0,0,176,1700,0,test
1,1,177,1798,0,test
1,1,178,1810,0,test
1,1,179,654,0,test
0,0,180,1245,0,test
0,1,181,898,0,test
0,0,182,1688,0,test
0,0,183,486,0,test
1,1,184,480,0,test
1,1,185,322,0,test
0,0,186,414,0,test
0,0,187,76,0,test
0,0,188,1525,0,test
1,1,189,1138,0,test
0,0,190,799,0,test
1,1,191,1326,0,test
0,0,192,342,0,test
0,0,193,1111,0,test
1,1,194,909,0,test
1,1,195,1305,0,test
1,1,196,1240,0,test
1,1,197,1034,0,test
0,0,198,210,0,test
1,1,199,693,0,test
1,1,200,30,0,test
0,0,201,1182,0,test
0,0,202,1612,0,test
0,0,203,785,0,test
0,0,204,1094,0,test
0,0,205,1747,0,test
1,1,206,1043,0,test
1,1,207,1414,0,test
1,1,208,1431,0,test
1,1,209,99,0,test
1,1,210,1226,0,test
0,0,211,479,0,test
1,1,212,607,0,test
1,1,213,609,0,test
1,1,214,367,0,test
1,1,215,807,0,test
1,1,216,168,0,test
1,1,217,966,0,test
1,1,218,1582,0,test
1,1,219,305,0,test
1,1,220,727,0,test
1,1,221,1748,0,test
1,1,222,1351,0,test
0,0,223,1516,0,test
1,1,224,1334,0,test
0,0,225,548,0,test
0,0,226,1385,0,test
1,0,227,32,0,test
0,0,228,704,0,test
1,1,229,1177,0,test
0,0,230,904,0,test
1,1,231,998,0,test
1,1,232,1754,0,test
0,0,233,952,0,test
1,1,234,905,0,test
1,1,235,185,0,test
1,1,236,809,0,test
1,1,237,1005,0,test
1,1,238,700,0,test
1,1,239,1103,0,test
0,0,240,44,0,test
1,1,241,1531,0,test
1,1,242,598,0,test
1,1,243,1403,0,test
0,0,244,247,0,test
0,0,245,196,0,test
0,0,246,921,0,test
1,1,247,1027,0,test
1,1,248,254,0,test
0,0,249,59,0,test
0,0,250,1664,0,test
1,1,251,1756,0,test
1,1,252,832,0,test
1,1,253,1492,0,test
1,1,254,381,0,test
0,0,255,678,0,test
1,1,256,865,0,test
1,1,257,1471,0,test
1,1,258,123,0,test
1,1,259,332,0,test
1,1,260,1565,0,test
0,0,261,999,0,test
1,1,262,857,0,test
0,1,263,1168,0,test
0,0,264,351,0,test
0,0,265,834,0,test
0,0,266,1007,0,test
0,0,267,383,0,test
1,1,268,1304,0,test
0,0,269,1568,0,test
1,1,270,1096,0,test
0,0,271,915,0,test
0,0,272,366,0,test
1,1,273,67,0,test
0,0,274,1052,0,test
0,0,275,570,0,test
1,1,276,1163,0,test
1,1,277,1797,0,test
0,1,278,1283,0,test
1,1,279,1036,0,test
1,1,280,411,0,test
0,0,281,1120,0,test
0,1,282,1780,0,test
1,1,283,588,0,test
0,1,284,316,0,test
1,1,285,297,0,test
0,0,286,1600,0,test
0,0,287,1505,0,test
1,1,288,1517,0,test
1,1,289,1808,0,test
0,0,290,772,0,test
1,1,291,839,0,test
1,1,292,873,0,test
1,1,293,557,0,test
1,1,294,1362,0,test
0,0,295,261,0,test
1,0,296,1151,0,test
1,1,297,240,0,test
0,0,298,1196,0,test
1,1,299,425,0,test
1,1,300,968,0,test
1,1,301,859,0,test
0,1,302,706,0,test
1,1,303,1211,0,test
0,0,304,71,0,test
1,1,305,398,0,test
1,1,306,259,0,test
1,1,307,51,0,test
0,0,308,838,0,test
0,0,309,619,0,test
0,0,310,1134,0,test
1,1,311,1236,0,test
0,0,312,471,0,test
1,1,313,931,0,test
0,0,314,1611,0,test
1,1,315,1006,0,test
0,0,316,1446,0,test
0,0,317,324,0,test
0,1,318,1378,0,test
1,1,319,824,0,test
0,0,320,420,0,test
0,0,321,1622,0,test
1,1,322,481,0,test
1,1,323,554,0,test
0,0,324,1206,0,test
0,0,325,1546,0,test
1,1,326,679,0,test
1,1,327,1816,0,test
0,0,328,141,0,test
1,1,329,937,0,test
0,0,330,1001,0,test
1,1,331,1702,0,test
1,1,332,494,0,test
0,0,333,1310,0,test
0,1,334,1493,0,test
1,1,335,271,0,test
1,1,336,184,0,test
0,1,337,1288,0,test
1,1,338,244,0,test
0,0,339,413,0,test
0,1,340,1734,0,test
0,0,341,887,0,test
1,0,342,1743,0,test
1,1,343,352,0,test
1,1,344,651,0,test
1,1,345,930,0,test
0,0,346,618,0,test
1,1,347,1353,0,test
0,0,348,1324,0,test
0,1,349,250,0,test
1,1,350,1660,0,test
0,0,351,1192,0,test
1,1,352,450,0,test
1,1,353,416,0,test
1,1,354,1352,0,test
1,1,355,1658,0,test
1,1,356,1715,0,test
0,0,357,744,0,test
1,1,358,1506,0,test
1,1,359,534,0,test
0,0,360,1404,0,test
1,1,361,432,0,test
0,0,362,1263,0,test
0,0,363,170,0,test
1,1,364,292,0,test
1,1,365,1455,0,test
1,1,366,1552,0,test
0,1,367,300,0,test
1,1,368,1708,0,test
1,1,369,611,0,test
0,0,370,1807,0,test
0,1,371,1556,0,test
1,1,372,1755,0,test
0,0,373,1355,0,test
1,1,374,1053,0,test
1,1,375,371,0,test
1,1,376,1581,0,test
1,1,377,555,0,test
0,0,378,1335,0,test
0,0,379,926,0,test
1,1,380,582,0,test
1,1,381,175,0,test
1,1,382,733,0,test
0,0,383,1553,0,test
0,0,384,1594,0,test
0,0,385,1777,0,test
0,1,386,334,0,test
0,0,387,777,0,test
0,0,388,495,0,test
1,1,389,916,0,test
0,0,390,610,0,test
1,1,391,198,0,test
0,0,392,15,0,test
1,1,393,265,0,test
1,1,394,781,0,test
0,0,395,1089,0,test
0,0,396,990,0,test
0,0,397,1473,0,test
1,1,398,538,0,test
0,0,399,1543,0,test
1,1,400,1272,0,test
1,1,401,764,0,test
1,1,402,433,0,test
1,1,403,199,0,test
0,0,404,745,0,test
0,1,405,1686,0,test
1,1,406,617,0,test
0,1,407,1656,0,test
1,1,408,1387,0,test
1,1,409,576,0,test
0,0,410,1296,0,test
0,1,411,715,0,test
1,1,412,1342,0,test
0,0,413,1602,0,test
1,1,414,1214,0,test
0,0,415,1476,0,test
0,0,416,310,0,test
1,1,417,56,0,test
0,0,418,1468,0,test
0,0,419,1234,0,test
0,0,420,1589,0,test
1,1,421,43,0,test
1,1,422,100,0,test
0,0,423,274,0,test
1,1,424,1273,0,test
1,1,425,353,0,test
1,1,426,101,0,test
1,1,427,808,0,test
0,1,428,107,0,test
1,0,429,907,0,test
1,1,430,1801,0,test
0,1,431,798,0,test
0,0,432,746,0,test
0,0,433,637,0,test
1,1,434,518,0,test
0,0,435,893,0,test
1,1,436,426,0,test
0,0,437,1440,0,test
0,0,438,1519,0,test
0,0,439,128,0,test
0,0,440,514,0,test
1,1,441,1535,0,test
0,0,442,1364,0,test
0,0,443,1330,0,test
0,0,444,1452,0,test
0,0,445,529,0,test
0,0,446,982,0,test
0,0,447,867,0,test
1,1,448,964,0,test
1,1,449,650,0,test
0,1,450,1696,0,test
1,1,451,1418,0,test
1,1,452,976,0,test
1,1,453,1399,0,test
0,0,454,1678,0,test
0,0,455,1588,0,test
1,1,456,940,0,test
0,0,457,1607,0,test
0,0,458,405,0,test
0,0,459,1412,0,test
1,1,460,1510,0,test
0,0,461,1341,0,test
1,1,462,590,0,test
0,1,463,543,0,test
1,1,464,483,0,test
0,0,465,226,0,test
1,1,466,231,0,test
1,1,467,1721,0,test
1,1,468,1554,0,test
0,0,469,599,0,test
0,1,470,163,0,test
1,1,471,1131,0,test
0,0,472,670,0,test
0,0,473,266,0,test
1,1,474,148,0,test
1,1,475,986,0,test
1,1,476,886,0,test
0,0,477,1133,0,test
1,1,478,701,0,test
0,1,479,1795,0,test
1,1,480,306,0,test
1,1,481,192,0,test
1,1,482,1325,0,test
1,0,483,309,0,test
1,1,484,705,0,test
0,0,485,63,0,test
1,1,486,984,0,test
1,1,487,1811,0,test
0,1,488,1695,0,test
1,1,489,1265,0,test
0,0,490,506,0,test
0,0,491,1067,0,test
0,0,492,1061,0,test
1,1,493,1572,0,test
1,1,494,906,0,test
1,1,495,1225,0,test
1,1,496,1200,0,test
1,1,497,532,0,test
0,1,498,1276,0,test
1,1,499,1049,0,test
1,1,500,806,0,test
0,1,501,218,0,test
0,0,502,694,0,test
0,1,503,286,0,test
1,0,504,584,0,test
1,0,505,1465,0,test
1,1,506,1751,0,test
0,0,507,1819,0,test
1,1,508,361,0,test
1,1,509,1172,0,test
1,1,510,591,0,test
0,0,511,1309,0,test
1,1,512,674,0,test
0,0,513,1498,0,test
0,0,514,1744,0,test
1,1,515,1750,0,test
0,0,516,1769,0,test
1,1,517,680,0,test
1,1,518,765,0,test
1,1,519,1405,0,test
0,0,520,1616,0,test
0,0,521,711,0,test
1,1,522,903,0,test
1,1,523,813,0,test
0,0,524,1293,0,test
1,1,525,1268,0,test
0,1,526,493,0,test
1,1,527,1201,0,test
0,0,528,277,0,test
1,1,529,1682,0,test
0,0,530,358,0,test
1,1,531,1010,0,test
1,1,532,236,0,test
1,1,533,1701,0,test
0,0,534,759,0,test
0,0,535,208,0,test
1,1,536,1261,0,test
1,1,537,1424,0,test
1,1,538,58,0,test
1,1,539,1448,0,test
0,0,540,1441,0,test
1,1,541,363,0,test
0,0,542,1680,0,test
0,0,543,567,0,test
1,1,544,1108,0,test
1,1,545,1464,0,test
0,0,546,1389,0,test
1,1,547,710,0,test
0,0,548,1323,0,test
1,1,549,979,0,test
1,1,550,118,0,test
1,1,551,1144,0,test
1,1,552,1763,0,test
1,1,553,522,0,test
0,0,554,513,0,test
1,1,555,81,0,test
0,0,556,613,0,test
1,1,557,855,0,test
1,1,558,380,0,test
1,1,559,1544,0,test
0,0,560,84,0,test
0,0,561,1545,0,test
0,0,562,329,0,test
1,1,563,938,0,test
1,1,564,629,0,test
0,1,565,1450,0,test
1,1,566,774,0,test
0,0,567,1428,0,test
0,0,568,451,0,test
1,1,569,490,0,test
1,1,570,1348,0,test
0,0,571,287,0,test
0,0,572,771,0,test
1,1,573,1806,0,test
0,0,574,1244,0,test
0,0,575,643,0,test
0,1,576,596,0,test
0,0,577,1315,0,test
1,1,578,743,0,test
1,1,579,1681,0,test
0,0,580,1137,0,test
0,1,581,1509,0,test
1,1,582,327,0,test
0,0,583,1359,0,test
0,0,584,820,0,test
1,1,585,1669,0,test
1,1,586,780,0,test
1,1,587,1650,0,test
0,0,588,177,0,test
0,0,589,1537,0,test
0,0,590,817,0,test
1,1,591,86,0,test
0,0,592,1280,0,test
1,1,593,1726,0,test
0,0,594,457,0,test
0,1,595,54,0,test
1,1,596,1368,0,test
0,0,597,221,0,test
1,1,598,113,0,test
1,1,599,1258,0,test
1,1,600,1125,0,test
1,1,601,1761,0,test
1,1,602,174,0,test
0,0,603,941,0,test
0,0,604,589,0,test
1,1,605,1423,0,test
1,1,606,18,0,test
1,1,607,423,0,test
0,0,608,1221,0,test
1,1,609,285,0,test
0,1,610,1447,0,test
1,1,611,428,0,test
1,1,612,1376,0,test
1,1,613,1614,0,test
0,0,614,31,0,test
0,0,615,792,0,test
0,1,616,836,0,test
1,1,617,214,0,test
0,0,618,1745,0,test
1,1,619,326,0,test
1,1,620,560,0,test
1,1,621,1013,0,test
0,0,622,631,0,test
0,0,623,1090,0,test
1,1,624,341,0,test
0,0,625,147,0,test
0,0,626,360,0,test
1,1,627,83,0,test
0,0,628,48,0,test
0,0,629,468,0,test
1,1,630,155,0,test
1,1,631,1100,0,test
0,0,632,1718,0,test
0,0,633,1102,0,test
1,1,634,1489,0,test
0,0,635,500,0,test
1,1,636,179,0,test
1,1,637,1118,0,test
0,0,638,1022,0,test
1,1,639,741,0,test
1,1,640,1480,0,test
1,1,641,528,0,test
1,1,642,346,0,test
1,1,643,1262,0,test
1,1,644,1781,0,test
1,1,645,1419,0,test
1,1,646,1366,0,test
0,0,647,849,0,test
0,0,648,601,0,test
1,1,649,1193,0,test
0,1,650,243,0,test
0,0,651,754,0,test
1,1,652,1344,0,test
0,0,653,312,0,test
1,1,654,435,0,test
1,1,655,1725,0,test
1,1,656,787,0,test
1,1,657,308,0,test
0,0,658,430,0,test
0,0,659,370,0,test
1,1,660,566,0,test
0,0,661,862,0,test
1,0,662,181,0,test
1,1,663,1222,0,test
0,0,664,621,0,test
0,0,665,692,0,test
0,0,666,1360,0,test
0,0,667,1759,0,test
1,1,668,1676,0,test
0,0,669,296,0,test
0,1,670,1210,0,test
0,0,671,461,0,test
0,0,672,1187,0,test
0,0,673,1000,0,test
1,1,674,377,0,test
0,0,675,1814,0,test
0,1,676,105,0,test
0,1,677,126,0,test
1,1,678,1037,0,test
1,1,679,707,0,test
0,1,680,355,0,test
0,1,681,1477,0,test
1,0,682,682,0,test
1,1,683,1772,0,test
0,0,684,736,0,test
1,1,685,209,0,test
0,0,686,1639,0,test
1,1,687,140,0,test
1,1,688,1307,0,test
0,0,689,1217,0,test
0,0,690,1483,0,test
0,0,691,1592,0,test
0,0,692,985,0,test
0,1,693,755,0,test
0,0,694,1204,0,test
0,0,695,1429,0,test
1,1,696,1284,0,test
0,0,697,10,0,test
1,1,698,1550,0,test
1,1,699,1030,0,test
0,0,700,282,0,test
1,1,701,291,0,test
1,1,702,626,0,test
0,0,703,1603,0,test
0,0,704,1269,0,test
1,1,705,129,0,test
0,0,706,1079,0,test
1,1,707,323,0,test
0,0,708,974,0,test
1,1,709,712,0,test
1,1,710,810,0,test
1,1,711,1698,0,test
1,1,712,730,0,test
0,0,713,1220,0,test
0,0,714,1417,0,test
1,1,715,946,0,test
1,1,716,900,0,test
1,1,717,158,0,test
0,1,718,1432,0,test
0,0,719,634,0,test
0,1,720,516,0,test
1,1,721,1299,0,test
1,1,722,597,0,test
1,1,723,195,0,test
0,0,724,1502,0,test
1,1,725,1223,0,test
0,0,726,410,0,test
0,0,727,96,0,test
1,1,728,841,0,test
0,0,729,1216,0,test
0,1,730,156,0,test
0,0,731,419,0,test
0,0,732,917,0,test
0,1,733,477,0,test
0,0,734,1460,0,test
0,0,735,668,0,test
0,0,736,1331,0,test
0,1,737,925,0,test
1,1,738,1185,0,test
1,1,739,447,0,test
1,1,740,1654,0,test
0,0,741,178,0,test
1,1,742,390,0,test
1,1,743,578,0,test
0,0,744,1620,0,test
1,1,745,1562,0,test
0,0,746,1501,0,test
1,1,747,1503,0,test
0,0,748,1023,0,test
1,1,749,1237,0,test
1,1,750,1401,0,test
0,1,751,1527,0,test
1,1,752,664,0,test
0,0,753,142,0,test
1,1,754,1383,0,test
0,0,755,1463,0,test
1,1,756,421,0,test
1,1,757,636,0,test
1,1,758,1278,0,test
0,0,759,942,0,test
1,1,760,615,0,test
0,1,761,294,0,test
0,0,762,1157,0,test
1,1,763,1729,0,test
1,1,764,88,0,test
1,1,765,41,0,test
0,1,766,1642,0,test
1,1,767,1757,0,test
0,0,768,131,0,test
1,1,769,1128,0,test
1,1,770,1767,0,test
0,0,771,1453,0,test
1,1,772,1689,0,test
0,1,773,997,0,test
1,1,774,164,0,test
0,0,775,724,0,test
0,0,776,290,0,test
1,1,777,1723,0,test
1,1,778,1783,0,test
0,0,779,778,0,test
0,0,780,348,0,test
0,1,781,571,0,test
0,0,782,819,0,test
1,1,783,1716,0,test
1,1,784,1063,0,test
1,1,785,1454,0,test
1,1,786,1198,0,test
1,1,787,861,0,test
1,1,788,458,0,test
1,1,789,375,0,test
0,0,790,333,0,test
0,0,791,1208,0,test
1,1,792,1605,0,test
0,0,793,1523,0,test
1,1,794,1041,0,test
1,1,795,844,0,test
1,1,796,1691,0,test
1,1,797,818,0,test
1,1,798,1753,0,test
1,1,799,1197,0,test
1,1,800,328,0,test
0,0,801,889,0,test
0,0,802,318,0,test
1,1,803,1504,0,test
1,1,804,1235,0,test
1,1,805,1583,0,test
0,0,806,167,0,test
1,1,807,12,0,test
1,1,808,171,0,test
0,0,809,649,0,test
0,0,810,260,0,test
1,1,811,1112,0,test
1,1,812,1281,0,test
0,0,813,672,0,test
1,1,814,258,0,test
0,0,815,1815,0,test
0,1,816,138,0,test
1,1,817,1674,0,test
0,1,818,549,0,test
0,1,819,1242,0,test
1,1,820,1393,0,test
0,0,821,1132,0,test
0,0,822,1170,0,test
1,1,823,558,0,test
1,1,824,139,0,test
0,0,825,1738,0,test
0,0,826,531,0,test
0,1,827,224,0,test
1,1,828,723,0,test
0,0,829,786,0,test
1,1,830,845,0,test
1,1,831,409,0,test
0,0,832,325,0,test
1,0,833,988,0,test
1,1,834,299,0,test
0,0,835,1699,0,test
0,0,836,1087,0,test
1,1,837,963,0,test
1,1,838,1692,0,test
0,0,839,714,0,test
0,0,840,193,0,test
1,1,841,440,0,test
0,0,842,573,0,test
1,1,843,503,0,test
1,1,844,605,0,test
1,1,845,1068,0,test
1,1,846,1629,0,test
0,0,847,846,0,test
1,1,848,3,0,test
1,1,849,1055,0,test
0,1,850,1121,0,test
0,1,851,467,0,test
0,0,852,321,0,test
0,0,853,5,0,test
1,1,854,222,0,test
1,1,855,547,0,test
1,1,856,228,0,test
1,1,857,39,0,test
0,0,858,542,0,test
1,1,859,242,0,test
0,0,860,1289,0,test
0,0,861,136,0,test
0,0,862,1259,0,test
1,1,863,1601,0,test
1,1,864,1436,0,test
0,0,865,869,0,test
1,1,866,829,0,test
1,1,867,445,0,test
1,1,868,842,0,test
0,0,869,1649,0,test
1,1,870,1290,0,test
1,1,871,1442,0,test
0,0,872,1663,0,test
0,0,873,581,0,test
1,1,874,1609,0,test
1,1,875,1790,0,test
1,1,876,661,0,test
1,1,877,436,0,test
1,1,878,1690,0,test
0,1,879,376,0,test
1,1,880,1345,0,test
0,1,881,1320,0,test
0,0,882,314,0,test
0,1,883,442,0,test
0,0,884,1627,0,test
1,1,885,319,0,test
0,1,886,281,0,test
0,0,887,1578,0,test
0,0,888,1091,0,test
1,1,889,1370,0,test
0,0,890,424,0,test
1,1,891,553,0,test
1,1,892,594,0,test
1,1,893,1784,0,test
0,0,894,368,0,test
0,1,895,1636,0,test
1,1,896,936,0,test
1,1,897,1074,0,test
1,1,898,1475,0,test
0,0,899,901,0,test
0,1,900,227,0,test
0,0,901,1165,0,test
0,0,902,1587,0,test
1,0,903,1209,0,test
1,1,904,987,0,test
0,0,905,66,0,test
1,1,906,393,0,test
0,0,907,579,0,test
0,0,908,24,0,test
1,1,909,211,0,test
0,0,910,1402,0,test
1,1,911,144,0,test
0,0,912,536,0,test
0,1,913,811,0,test
1,1,914,1026,0,test
0,0,915,949,0,test
0,0,916,85,0,test
0,0,917,1643,0,test
1,1,918,272,0,test
1,1,919,1175,0,test
0,0,920,1084,0,test
1,1,921,948,0,test
1,1,922,1645,0,test
1,1,923,630,0,test
1,1,924,1249,0,test
1,1,925,1703,0,test
0,0,926,939,0,test
1,1,927,1580,0,test
0,0,928,1050,0,test
1,1,929,505,0,test
1,1,930,273,0,test
1,0,931,507,0,test
0,1,932,1617,0,test
0,1,933,362,0,test
1,1,934,1472,0,test
0,0,935,1058,0,test
1,1,936,622,0,test
1,1,937,2,0,test
1,1,938,6,0,test
1,1,939,1116,0,test
0,0,940,311,0,test
1,1,941,1232,0,test
1,1,942,950,0,test
1,1,943,665,0,test
1,1,944,364,0,test
1,1,945,1793,0,test
1,1,946,215,0,test
1,1,947,1561,0,test
1,1,948,27,0,test
0,0,949,1466,0,test
0,0,950,525,0,test
1,1,951,1671,0,test
0,0,952,1018,0,test
0,0,953,638,0,test
1,1,954,302,0,test
0,0,955,718,0,test
0,0,956,691,0,test
0,0,957,1644,0,test
0,0,958,1809,0,test
1,1,959,624,0,test
0,0,960,7,0,test
1,1,961,256,0,test
0,0,962,803,0,test
1,1,963,25,0,test
1,1,964,336,0,test
1,1,965,572,0,test
0,0,966,47,0,test
1,1,967,1347,0,test
0,0,968,106,0,test
1,1,969,349,0,test
1,1,970,55,0,test
1,1,971,238,0,test
1,1,972,213,0,test
0,0,973,120,0,test
0,0,974,1146,0,test
0,0,975,1813,0,test
0,0,976,793,0,test
0,0,977,72,0,test
0,1,978,922,0,test
0,0,979,812,0,test
0,0,980,1575,0,test
0,0,981,77,0,test
1,1,982,944,0,test
0,0,983,1029,0,test
0,0,984,45,0,test
0,1,985,1623,0,test
0,1,986,523,0,test
0,0,987,232,0,test
0,0,988,644,0,test
1,1,989,1338,0,test
1,1,990,1374,0,test
0,0,991,1181,0,test
0,0,992,533,0,test
0,0,993,1329,0,test
0,1,994,1375,0,test
0,0,995,603,0,test
1,1,996,465,0,test
0,1,997,1469,0,test
0,1,998,788,0,test
1,1,999,1547,0,test
0,0,1000,1080,0,test
0,0,1001,1188,0,test
0,0,1002,60,0,test
0,0,1003,1190,0,test
0,0,1004,1655,0,test
0,0,1005,92,0,test
0,0,1006,666,0,test
1,1,1007,1009,0,test
0,0,1008,1542,0,test
1,1,1009,194,0,test
1,1,1010,280,0,test
0,0,1011,695,0,test
0,1,1012,1518,0,test
1,1,1013,359,0,test
0,1,1014,1142,0,test
0,0,1015,519,0,test
0,0,1016,1318,0,test
1,1,1017,1106,0,test
0,1,1018,1764,0,test
1,1,1019,1073,0,test
1,1,1020,847,0,test
0,0,1021,182,0,test
0,0,1022,1317,0,test
1,1,1023,1253,0,test
0,0,1024,110,0,test
0,1,1025,42,0,test
0,0,1026,125,0,test
0,0,1027,204,0,test
0,0,1028,52,0,test
0,0,1029,545,0,test
1,1,1030,68,0,test
1,1,1031,1231,0,test
0,0,1032,1737,0,test
1,1,1033,183,0,test
0,0,1034,137,0,test
1,1,1035,899,0,test
0,0,1036,796,0,test
1,1,1037,132,0,test
1,1,1038,80,0,test
1,1,1039,1406,0,test
1,0,1040,541,0,test
0,1,1041,1457,0,test
0,0,1042,983,0,test
1,1,1043,165,0,test
1,1,1044,248,0,test
0,0,1045,446,0,test
1,1,1046,1054,0,test
1,1,1047,858,0,test
0,1,1048,1110,0,test
0,1,1049,97,0,test
1,1,1050,1794,0,test
0,0,1051,737,0,test
0,0,1052,1555,0,test
1,1,1053,102,0,test
1,1,1054,434,0,test
0,1,1055,74,0,test
1,1,1056,1634,0,test
0,0,1057,1101,0,test
1,1,1058,918,0,test
0,0,1059,1566,0,test
0,0,1060,1766,0,test
0,0,1061,1481,0,test
0,0,1062,762,0,test
0,0,1063,989,0,test
1,1,1064,388,0,test
1,1,1065,235,0,test
1,1,1066,267,0,test
0,0,1067,1105,0,test
1,1,1068,117,0,test
1,1,1069,1467,0,test
1,1,1070,673,0,test
1,1,1071,249,0,test
1,1,1072,1322,0,test
0,0,1073,94,0,test
1,1,1074,33,0,test
1,1,1075,1333,0,test
1,1,1076,1526,0,test
0,1,1077,448,0,test
1,1,1078,716,0,test
0,1,1079,1512,0,test
1,1,1080,1384,0,test
0,0,1081,0,0,test
1,1,1082,1251,0,test
0,1,1083,82,0,test
1,1,1084,1176,0,test
1,1,1085,676,0,test
0,0,1086,1532,0,test
0,0,1087,1046,0,test
0,0,1088,770,0,test
1,1,1089,1114,0,test
1,1,1090,1169,0,test
1,1,1091,1444,0,test
1,1,1092,1356,0,test
1,1,1093,404,0,test
0,0,1094,1626,0,test
0,1,1095,1427,0,test
0,0,1096,104,0,test
0,1,1097,688,0,test
0,0,1098,1189,0,test
1,1,1099,826,0,test
0,0,1100,62,0,test
1,1,1101,852,0,test
1,1,1102,1230,0,test
0,0,1103,223,0,test
0,0,1104,145,0,test
1,1,1105,1088,0,test
0,0,1106,373,0,test
0,0,1107,1593,0,test
0,0,1108,1665,0,test
1,1,1109,1361,0,test
0,0,1110,1571,0,test
0,0,1111,1160,0,test
1,1,1112,9,0,test
1,1,1113,449,0,test
0,0,1114,708,0,test
1,1,1115,255,0,test
1,1,1116,882,0,test
0,0,1117,389,0,test
1,1,1118,908,0,test
0,1,1119,924,0,test
1,1,1120,1559,0,test
0,0,1121,1350,0,test
0,1,1122,460,0,test
0,1,1123,1159,0,test
0,0,1124,958,0,test
1,1,1125,501,0,test
1,1,1126,739,0,test
0,0,1127,1800,0,test
1,1,1128,868,0,test
1,1,1129,731,0,test
0,0,1130,539,0,test
1,1,1131,697,0,test
0,1,1132,1768,0,test
1,1,1133,1252,0,test
0,1,1134,1031,0,test
0,0,1135,372,0,test
0,0,1136,667,0,test
1,1,1137,1392,0,test
1,1,1138,357,0,test
0,0,1139,967,0,test
1,1,1140,783,0,test
1,1,1141,735,0,test
1,1,1142,1035,0,test
1,1,1143,970,0,test
1,1,1144,1391,0,test
0,0,1145,1624,0,test
1,1,1146,1358,0,test
0,0,1147,1549,0,test
0,0,1148,1670,0,test
1,1,1149,885,0,test
0,0,1150,79,0,test
1,1,1151,814,0,test
1,1,1152,1173,0,test
1,1,1153,671,0,test
0,0,1154,1474,0,test
0,0,1155,57,0,test
1,1,1156,133,0,test
1,1,1157,1140,0,test
1,1,1158,933,0,test
0,0,1159,1540,0,test
0,0,1160,823,0,test
0,0,1161,504,0,test
0,1,1162,1619,0,test
0,0,1163,347,0,test
1,1,1164,386,0,test
1,1,1165,1024,0,test
1,1,1166,894,0,test
1,1,1167,828,0,test
1,1,1168,1720,0,test
0,0,1169,475,0,test
0,0,1170,1340,0,test
1,1,1171,1271,0,test
0,0,1172,652,0,test
1,1,1173,172,0,test
1,1,1174,1149,0,test
0,1,1175,38,0,test
0,0,1176,713,0,test
0,1,1177,90,0,test
1,1,1178,1760,0,test
1,1,1179,875,0,test
1,1,1180,1228,0,test
1,1,1181,1093,0,test
1,1,1182,1155,0,test
0,0,1183,1239,0,test
1,1,1184,1779,0,test
0,0,1185,499,0,test
1,1,1186,338,0,test
0,0,1187,28,0,test
0,0,1188,1205,0,test
1,1,1189,1659,0,test
0,0,1190,945,0,test
0,0,1191,169,0,test
0,1,1192,1302,0,test
1,1,1193,912,0,test
0,0,1194,491,0,test
1,1,1195,953,0,test
1,1,1196,1097,0,test
0,0,1197,1032,0,test
0,0,1198,587,0,test
0,0,1199,750,0,test
1,1,1200,657,0,test
1,1,1201,234,0,test
0,0,1202,732,0,test
1,1,1203,1491,0,test
1,1,1204,1156,0,test
1,1,1205,1339,0,test
0,0,1206,1487,0,test
0,0,1207,934,0,test
1,1,1208,1065,0,test
0,1,1209,108,0,test
0,0,1210,1407,0,test
1,1,1211,568,0,test
1,1,1212,1167,0,test
0,0,1213,1174,0,test
1,1,1214,890,0,test
0,1,1215,947,0,test
0,0,1216,1048,0,test
1,1,1217,1229,0,test
0,0,1218,1247,0,test
0,0,1219,1316,0,test
0,0,1220,884,0,test
0,0,1221,1530,0,test
0,0,1222,850,0,test
0,0,1223,734,0,test
1,1,1224,717,0,test
0,0,1225,454,0,test
1,1,1226,264,0,test
1,1,1227,75,0,test
0,0,1228,444,0,test
0,1,1229,395,0,test
0,0,1230,176,0,test
0,0,1231,1042,0,test
1,1,1232,1586,0,test
1,1,1233,1274,0,test
1,1,1234,1255,0,test
1,1,1235,595,0,test
0,0,1236,61,0,test
0,0,1237,872,0,test
1,1,1238,1357,0,test
0,0,1239,1710,0,test
0,0,1240,278,0,test
1,1,1241,36,0,test
0,0,1242,1610,0,test
1,1,1243,662,0,test
1,1,1244,1646,0,test
0,0,1245,1314,0,test
1,1,1246,977,0,test
0,0,1247,1435,0,test
0,0,1248,738,0,test
0,0,1249,191,0,test
0,0,1250,919,0,test
0,1,1251,456,0,test
0,0,1252,675,0,test
0,0,1253,760,0,test
0,0,1254,1647,0,test
0,1,1255,728,0,test
0,1,1256,412,0,test
0,0,1257,1098,0,test
0,0,1258,825,0,test
0,0,1259,1625,0,test
1,1,1260,616,0,test
0,0,1261,114,0,test
1,1,1262,417,0,test
1,0,1263,1735,0,test
1,0,1264,969,0,test
1,1,1265,604,0,test
1,1,1266,1742,0,test
1,1,1267,89,0,test
1,1,1268,848,0,test
1,1,1269,1386,0,test
0,0,1270,1741,0,test
1,1,1271,753,0,test
0,1,1272,498,0,test
1,1,1273,11,0,test
0,0,1274,396,0,test
1,1,1275,284,0,test
1,1,1276,1066,0,test
1,1,1277,1191,0,test
0,0,1278,690,0,test
0,0,1279,1490,0,test
1,1,1280,1707,0,test
0,0,1281,689,0,test
1,1,1282,851,0,test
0,1,1283,159,0,test
0,0,1284,895,0,test
0,0,1285,1574,0,test
0,0,1286,257,0,test
1,1,1287,335,0,test
1,1,1288,1711,0,test
0,0,1289,1039,0,test
0,0,1290,515,0,test
1,1,1291,1015,0,test
1,1,1292,768,0,test
1,1,1293,1595,0,test
1,1,1294,761,0,test
0,1,1295,1246,0,test
0,1,1296,1203,0,test
0,0,1297,1787,0,test
0,0,1298,1804,0,test
1,1,1299,521,0,test
1,1,1300,22,0,test
0,0,1301,356,0,test
0,0,1302,1277,0,test
0,0,1303,1539,0,test
0,0,1304,340,0,test
1,1,1305,431,0,test
0,1,1306,473,0,test
0,0,1307,217,0,test
1,1,1308,911,0,test
1,1,1309,1227,0,test
0,0,1310,1458,0,test
1,1,1311,1011,0,test
0,0,1312,1771,0,test
0,0,1313,93,0,test
0,0,1314,1008,0,test
1,1,1315,1070,0,test
0,0,1316,1092,0,test
0,0,1317,1449,0,test
1,1,1318,1308,0,test
0,0,1319,696,0,test
0,0,1320,1635,0,test
1,1,1321,996,0,test
0,0,1322,153,0,test
1,1,1323,1099,0,test
1,1,1324,1573,0,test
1,1,1325,1818,0,test
1,1,1326,789,0,test
0,0,1327,580,0,test
0,0,1328,703,0,test
0,0,1329,1212,0,test
0,1,1330,1295,0,test
1,1,1331,1524,0,test
1,1,1332,1260,0,test
0,0,1333,487,0,test
0,0,1334,559,0,test
1,1,1335,1141,0,test
0,0,1336,1119,0,test
1,1,1337,801,0,test
1,1,1338,512,0,test
0,0,1339,633,0,test
0,0,1340,1420,0,test
0,0,1341,1630,0,test
0,0,1342,1150,0,test
1,1,1343,790,0,test
1,1,1344,116,0,test
0,0,1345,740,0,test
1,1,1346,1081,0,test
1,1,1347,830,0,test
1,1,1348,119,0,test
0,0,1349,656,0,test
1,1,1350,1732,0,test
1,1,1351,635,0,test
1,1,1352,369,0,test
0,1,1353,268,0,test
0,0,1354,655,0,test
0,1,1355,935,0,test
0,0,1356,822,0,test
1,1,1357,866,0,test
0,1,1358,46,0,test
1,1,1359,1563,0,test
0,0,1360,991,0,test
1,1,1361,876,0,test
0,0,1362,773,0,test
0,0,1363,1219,0,test
1,1,1364,1820,0,test
0,0,1365,4,0,test
0,0,1366,1003,0,test
0,0,1367,1576,0,test
0,0,1368,263,0,test
0,0,1369,1433,0,test
1,1,1370,1668,0,test
0,0,1371,443,0,test
1,1,1372,1002,0,test
1,1,1373,1077,0,test
0,0,1374,837,0,test
1,1,1375,1633,0,test
1,1,1376,304,0,test
1,1,1377,1365,0,test
1,1,1378,1421,0,test
0,0,1379,313,0,test
1,1,1380,149,0,test
0,1,1381,1148,0,test
1,1,1382,1213,0,test
0,0,1383,574,0,test
0,1,1384,50,0,test
1,1,1385,1416,0,test
1,1,1386,726,0,test
0,0,1387,833,0,test
1,1,1388,1377,0,test
1,1,1389,1115,0,test
1,1,1390,1166,0,test
1,1,1391,470,0,test
1,1,1392,971,0,test
1,1,1393,653,0,test
0,0,1394,399,0,test
0,0,1395,511,0,test
1,1,1396,320,0,test
0,0,1397,19,0,test
1,1,1398,684,0,test
1,1,1399,35,0,test
0,1,1400,902,0,test
1,1,1401,827,0,test
0,1,1402,1812,0,test
0,0,1403,407,0,test
0,1,1404,920,0,test
0,0,1405,537,0,test
0,0,1406,758,0,test
1,1,1407,1062,0,test
1,1,1408,1199,0,test
1,1,1409,245,0,test
0,0,1410,1127,0,test
0,1,1411,784,0,test
0,0,1412,1591,0,test
0,0,1413,489,0,test
1,1,1414,154,0,test
0,0,1415,961,0,test
1,1,1416,853,0,test
0,0,1417,1311,0,test
1,1,1418,625,0,test
1,1,1419,685,0,test
0,0,1420,1425,0,test
1,1,1421,569,0,test
1,1,1422,1733,0,test
1,1,1423,17,0,test
1,1,1424,127,0,test
0,0,1425,1346,0,test
0,0,1426,1279,0,test
0,0,1427,1789,0,test
0,0,1428,927,0,test
0,0,1429,980,0,test
1,1,1430,1785,0,test
1,1,1431,190,0,test
0,0,1432,1139,0,test
0,1,1433,992,0,test
1,1,1434,1776,0,test
0,0,1435,1796,0,test
1,1,1436,606,0,test
0,1,1437,180,0,test
1,1,1438,301,0,test
0,0,1439,496,0,test
0,1,1440,1551,0,test
1,1,1441,1564,0,test
1,1,1442,1596,0,test
0,0,1443,1497,0,test
1,1,1444,517,0,test
0,0,1445,1805,0,test
1,1,1446,1069,0,test
0,0,1447,476,0,test
0,0,1448,157,0,test
1,1,1449,1243,0,test
0,0,1450,1195,0,test
1,1,1451,16,0,test
0,0,1452,1072,0,test
0,0,1453,1792,0,test
0,0,1454,546,0,test
1,1,1455,658,0,test
0,1,1456,1667,0,test
0,0,1457,1019,0,test
1,1,1458,1521,0,test
1,1,1459,959,0,test
0,1,1460,1713,0,test
0,0,1461,283,0,test
1,1,1462,797,0,test
0,1,1463,1486,0,test
0,0,1464,225,0,test
1,1,1465,26,0,test
0,0,1466,1615,0,test
0,0,1467,437,0,test
1,1,1468,1770,0,test
0,0,1469,1388,0,test
0,0,1470,229,0,test
0,0,1471,37,0,test
0,1,1472,749,0,test
1,1,1473,1045,0,test
1,1,1474,1398,0,test
1,1,1475,469,0,test
0,0,1476,1548,0,test
1,1,1477,1788,0,test
1,1,1478,687,0,test
0,0,1479,1679,0,test
1,1,1480,639,0,test
0,0,1481,1567,0,test
0,1,1482,1218,0,test
0,0,1483,1158,0,test
1,1,1484,1415,0,test
0,0,1485,1514,0,test
0,1,1486,1300,0,test
1,0,1487,1661,0,test
1,1,1488,800,0,test
0,0,1489,160,0,test
1,1,1490,956,0,test
1,1,1491,1186,0,test
0,0,1492,821,0,test
0,1,1493,1538,0,test
1,1,1494,877,0,test
1,1,1495,913,0,test
0,0,1496,152,0,test
1,1,1497,1673,0,test
0,0,1498,1621,0,test
0,0,1499,509,0,test
1,1,1500,1135,0,test
0,0,1501,1250,0,test
0,0,1502,1694,0,test
0,0,1503,103,0,test
0,1,1504,1445,0,test
0,0,1505,1443,0,test
1,1,1506,586,0,test
1,1,1507,1613,0,test
0,0,1508,1143,0,test
0,0,1509,53,0,test
1,1,1510,151,0,test
0,1,1511,403,0,test
0,0,1512,1765,0,test
0,0,1513,207,0,test
0,1,1514,1722,0,test
1,1,1515,1122,0,test
0,0,1516,1652,0,test
1,1,1517,8,0,test
0,1,1518,1014,0,test
0,0,1519,1637,0,test
0,0,1520,1060,0,test
0,1,1521,452,0,test
0,1,1522,253,0,test
1,1,1523,1327,0,test
0,0,1524,896,0,test
0,0,1525,1782,0,test
0,1,1526,880,0,test
0,1,1527,1717,0,test
0,0,1528,623,0,test
0,0,1529,345,0,test
1,1,1530,1558,0,test
1,1,1531,262,0,test
1,1,1532,1321,0,test
1,1,1533,1438,0,test
1,1,1534,150,0,test
1,1,1535,472,0,test
1,1,1536,640,0,test
1,1,1537,1803,0,test
1,1,1538,1714,0,test
1,1,1539,550,0,test
0,0,1540,928,0,test
0,0,1541,488,0,test
1,1,1542,1651,0,test
0,0,1543,1171,0,test
0,0,1544,146,0,test
0,0,1545,1560,0,test
0,0,1546,1752,0,test
1,1,1547,402,0,test
1,1,1548,954,0,test
1,1,1549,1709,0,test
0,0,1550,659,0,test
0,1,1551,1372,0,test
1,1,1552,463,0,test
1,1,1553,1349,0,test
1,1,1554,186,0,test
0,0,1555,1147,0,test
1,1,1556,1224,0,test
0,1,1557,608,0,test
0,0,1558,143,0,test
0,1,1559,751,0,test
1,1,1560,1534,0,test
0,1,1561,981,0,test
1,0,1562,197,0,test
1,1,1563,883,0,test
0,0,1564,279,0,test
1,1,1565,293,0,test
1,1,1566,1662,0,test
0,0,1567,400,0,test
1,1,1568,122,0,test
0,0,1569,1207,0,test
0,0,1570,202,0,test
1,1,1571,1462,0,test
0,0,1572,835,0,test
0,0,1573,246,0,test
1,1,1574,1439,0,test
1,1,1575,1728,0,test
0,0,1576,1712,0,test
1,1,1577,1153,0,test
0,0,1578,1426,0,test
0,1,1579,384,0,test
0,0,1580,1604,0,test
1,1,1581,854,0,test
1,1,1582,219,0,test
1,1,1583,641,0,test
0,0,1584,1,0,test
1,1,1585,112,0,test
0,0,1586,698,0,test
0,0,1587,1739,0,test
0,0,1588,951,0,test
0,1,1589,1631,0,test
0,0,1590,1410,0,test
1,1,1591,1409,0,test
0,0,1592,1533,0,test
0,0,1593,1291,0,test
1,1,1594,1648,0,test
0,0,1595,441,0,test
0,0,1596,1520,0,test
1,1,1597,1136,0,test
1,1,1598,1256,0,test
0,0,1599,1697,0,test
1,1,1600,1397,0,test
0,0,1601,663,0,test
1,1,1602,1672,0,test
0,0,1603,1257,0,test
0,0,1604,1618,0,test
1,1,1605,317,0,test
1,1,1606,648,0,test
0,0,1607,1434,0,test
1,1,1608,1479,0,test
1,1,1609,709,0,test
1,1,1610,1382,0,test
1,1,1611,1282,0,test
1,1,1612,972,0,test
1,1,1613,627,0,test
0,0,1614,632,0,test
1,1,1615,1306,0,test
1,1,1616,1400,0,test
0,0,1617,1408,0,test
1,1,1618,1248,0,test
1,1,1619,1774,0,test
0,0,1620,1254,0,test
1,1,1621,1496,0,test
0,1,1622,1371,0,test
1,1,1623,1529,0,test
1,1,1624,1354,0,test
0,0,1625,1749,0,test
0,0,1626,1727,0,test
0,1,1627,1684,0,test
1,1,1628,795,0,test
0,0,1629,645,0,test
0,0,1630,1012,0,test
0,0,1631,1675,0,test
1,1,1632,556,0,test
1,1,1633,681,0,test
0,0,1634,577,0,test
0,0,1635,1109,0,test
1,1,1636,1266,0,test
0,1,1637,1183,0,test
0,1,1638,524,0,test
0,0,1639,1059,0,test
0,1,1640,540,0,test
1,1,1641,1194,0,test
0,1,1642,748,0,test
0,0,1643,1802,0,test
0,1,1644,1430,0,test
1,1,1645,484,0,test
1,1,1646,95,0,test
1,1,1647,1020,0,test
0,1,1648,563,0,test
0,0,1649,1264,0,test
1,1,1650,742,0,test
0,1,1651,863,0,test
0,0,1652,1598,0,test
0,0,1653,1484,0,test
1,1,1654,891,0,test
0,0,1655,1577,0,test
1,1,1656,1038,0,test
0,0,1657,206,0,test
1,1,1658,392,0,test
0,0,1659,794,0,test
0,0,1660,870,0,test
0,0,1661,397,0,test
0,0,1662,766,0,test
1,1,1663,1677,0,test
1,1,1664,1241,0,test
1,1,1665,1028,0,test
1,1,1666,642,0,test
0,0,1667,1719,0,test
0,0,1668,612,0,test
1,1,1669,960,0,test
1,1,1670,1570,0,test
0,0,1671,725,0,test
0,0,1672,683,0,test
0,0,1673,98,0,test
0,0,1674,804,0,test
0,0,1675,1597,0,test
1,1,1676,406,0,test
1,1,1677,502,0,test
1,1,1678,1071,0,test
0,0,1679,1056,0,test
1,1,1680,929,0,test
1,1,1681,779,0,test
1,1,1682,200,0,test
1,1,1683,134,0,test
1,1,1684,1051,0,test
0,0,1685,40,0,test
0,0,1686,1017,0,test
1,1,1687,230,0,test
0,0,1688,1513,0,test
0,0,1689,378,0,test
0,0,1690,288,0,test
0,0,1691,418,0,test
1,1,1692,391,0,test
0,0,1693,592,0,test
1,1,1694,1522,0,test
0,0,1695,1162,0,test
0,0,1696,1086,0,test
0,0,1697,1495,0,test
1,1,1698,647,0,test
0,0,1699,1152,0,test
0,1,1700,1367,0,test
0,0,1701,520,0,test
1,1,1702,64,0,test
1,1,1703,14,0,test
1,1,1704,1180,0,test
1,1,1705,1064,0,test
0,1,1706,492,0,test
0,0,1707,379,0,test
1,1,1708,187,0,test
0,1,1709,763,0,test
1,1,1710,216,0,test
0,0,1711,791,0,test
0,0,1712,1076,0,test
0,0,1713,878,0,test
0,0,1714,337,0,test
1,1,1715,719,0,test
1,1,1716,295,0,test
0,0,1717,1016,0,test
1,1,1718,1275,0,test
0,0,1719,1485,0,test
0,1,1720,455,0,test
0,0,1721,1817,0,test
0,0,1722,815,0,test
0,0,1723,269,0,test
1,1,1724,995,0,test
0,1,1725,201,0,test
1,1,1726,161,0,test
1,1,1727,1579,0,test
0,0,1728,729,0,test
1,1,1729,401,0,test
1,1,1730,702,0,test
0,1,1731,1500,0,test
1,1,1732,1129,0,test
0,1,1733,565,0,test
1,1,1734,1413,0,test
1,1,1735,1021,0,test
1,1,1736,1025,0,test
1,1,1737,1411,0,test
1,1,1738,1585,0,test
1,1,1739,1104,0,test
0,0,1740,205,0,test
1,1,1741,34,0,test
0,0,1742,775,0,test
0,0,1743,508,0,test
1,1,1744,1451,0,test
1,1,1745,1478,0,test
0,0,1746,1791,0,test
0,0,1747,1390,0,test
1,1,1748,91,0,test
0,0,1749,1363,0,test
0,1,1750,897,0,test
1,1,1751,564,0,test
0,0,1752,1369,0,test
1,1,1753,776,0,test
0,0,1754,241,0,test
0,0,1755,13,0,test
0,0,1756,315,0,test
0,0,1757,600,0,test
1,1,1758,387,0,test
0,0,1759,1297,0,test
0,0,1760,166,0,test
1,1,1761,840,0,test
0,0,1762,20,0,test
0,0,1763,646,0,test
0,0,1764,1508,0,test
0,0,1765,1154,0,test
1,1,1766,1528,0,test
1,1,1767,831,0,test
1,1,1768,1267,0,test
0,0,1769,1590,0,test
1,1,1770,562,0,test
0,0,1771,1773,0,test
0,0,1772,686,0,test
0,0,1773,957,0,test
0,0,1774,189,0,test
0,0,1775,975,0,test
0,0,1776,699,0,test
1,1,1777,1499,0,test
0,0,1778,1705,0,test
1,1,1779,510,0,test
0,0,1780,1082,0,test
1,1,1781,474,0,test
1,1,1782,1584,0,test
1,1,1783,856,0,test
0,0,1784,747,0,test
1,1,1785,252,0,test
1,1,1786,21,0,test
0,0,1787,1337,0,test
1,1,1788,459,0,test
0,0,1789,1184,0,test
0,0,1790,276,0,test
1,1,1791,955,0,test
0,0,1792,1215,0,test
0,1,1793,385,0,test
1,1,1794,805,0,test
1,1,1795,1437,0,test
0,0,1796,1515,0,test
1,1,1797,343,0,test
0,0,1798,769,0,test
0,1,1799,1332,0,test
1,1,1800,1685,0,test
0,0,1801,130,0,test
1,1,1802,1687,0,test
0,0,1803,871,0,test
0,0,1804,1123,0,test
1,1,1805,1396,0,test
0,0,1806,87,0,test
0,0,1807,1482,0,test
0,0,1808,330,0,test
0,0,1809,1238,0,test
1,1,1810,466,0,test
1,1,1811,121,0,test
1,1,1812,1638,0,test
1,1,1813,1044,0,test
0,0,1814,1724,0,test
0,1,1815,1095,0,test
1,1,1816,1130,0,test
0,0,1817,1294,0,test
0,0,1818,860,0,test
1,1,1819,1459,0,test
1,1,1820,1126,0,test
1,1,0,794,0,validation
1,1,1,319,0,validation
0,1,2,382,0,validation
0,0,3,779,0,validation
1,1,4,422,0,validation
0,0,5,327,0,validation
1,1,6,803,0,validation
1,0,7,136,0,validation
0,0,8,670,0,validation
0,0,9,810,0,validation
0,0,10,323,0,validation
0,1,11,344,0,validation
1,1,12,497,0,validation
1,1,13,227,0,validation
0,0,14,44,0,validation
0,0,15,404,0,validation
0,0,16,210,0,validation
0,0,17,428,0,validation
1,1,18,444,0,validation
0,0,19,174,0,validation
0,0,20,70,0,validation
0,1,21,462,0,validation
1,1,22,465,0,validation
0,0,23,309,0,validation
0,1,24,66,0,validation
1,1,25,598,0,validation
1,1,26,23,0,validation
0,0,27,30,0,validation
0,0,28,542,0,validation
0,0,29,67,0,validation
0,0,30,722,0,validation
1,1,31,328,0,validation
0,0,32,333,0,validation
0,0,33,797,0,validation
0,0,34,753,0,validation
1,1,35,244,0,validation
0,0,36,300,0,validation
1,1,37,76,0,validation
1,1,38,250,0,validation
0,0,39,713,0,validation
1,1,40,611,0,validation
0,0,41,585,0,validation
1,1,42,768,0,validation
0,0,43,72,0,validation
1,1,44,527,0,validation
0,0,45,567,0,validation
1,1,46,294,0,validation
1,1,47,640,0,validation
1,1,48,526,0,validation
1,1,49,139,0,validation
0,1,50,820,0,validation
1,1,51,680,0,validation
0,1,52,678,0,validation
0,1,53,96,0,validation
1,1,54,644,0,validation
1,1,55,332,0,validation
0,0,56,449,0,validation
1,1,57,316,0,validation
1,1,58,265,0,validation
1,1,59,120,0,validation
1,1,60,302,0,validation
1,1,61,86,0,validation
0,0,62,696,0,validation
0,0,63,39,0,validation
1,1,64,450,0,validation
1,1,65,192,0,validation
1,1,66,634,0,validation
1,1,67,568,0,validation
1,1,68,231,0,validation
1,1,69,362,0,validation
0,1,70,761,0,validation
0,0,71,314,0,validation
0,0,72,215,0,validation
0,0,73,456,0,validation
1,1,74,483,0,validation
1,1,75,137,0,validation
1,1,76,198,0,validation
0,0,77,110,0,validation
0,0,78,275,0,validation
1,1,79,168,0,validation
1,1,80,591,0,validation
0,0,81,479,0,validation
1,1,82,548,0,validation
0,0,83,656,0,validation
0,0,84,819,0,validation
0,0,85,578,0,validation
0,0,86,388,0,validation
1,1,87,857,0,validation
1,1,88,487,0,validation
1,1,89,306,0,validation
1,1,90,529,0,validation
0,0,91,259,0,validation
1,1,92,260,0,validation
1,0,93,533,0,validation
1,1,94,704,0,validation
0,0,95,650,0,validation
0,0,96,451,0,validation
1,1,97,867,0,validation
0,0,98,445,0,validation
1,1,99,63,0,validation
0,0,100,825,0,validation
0,1,101,718,0,validation
1,1,102,342,0,validation
1,0,103,65,0,validation
0,0,104,209,0,validation
1,1,105,755,0,validation
0,1,106,865,0,validation
0,1,107,78,0,validation
0,0,108,513,0,validation
1,1,109,710,0,validation
1,1,110,549,0,validation
1,1,111,298,0,validation
0,0,112,760,0,validation
1,1,113,514,0,validation
1,1,114,783,0,validation
0,0,115,584,0,validation
0,0,116,692,0,validation
1,1,117,457,0,validation
1,1,118,377,0,validation
1,1,119,49,0,validation
0,0,120,208,0,validation
1,1,121,785,0,validation
1,1,122,239,0,validation
1,1,123,717,0,validation
0,0,124,581,0,validation
0,0,125,630,0,validation
1,1,126,684,0,validation
1,1,127,866,0,validation
1,1,128,559,0,validation
1,1,129,426,0,validation
0,0,130,33,0,validation
1,1,131,31,0,validation
0,0,132,235,0,validation
1,1,133,381,0,validation
0,0,134,507,0,validation
1,1,135,723,0,validation
0,1,136,109,0,validation
1,1,137,77,0,validation
0,0,138,804,0,validation
0,0,139,82,0,validation
0,0,140,357,0,validation
0,0,141,495,0,validation
0,0,142,596,0,validation
1,1,143,196,0,validation
1,1,144,290,0,validation
1,1,145,679,0,validation
1,1,146,5,0,validation
0,0,147,54,0,validation
0,1,148,664,0,validation
1,1,149,606,0,validation
1,1,150,824,0,validation
0,0,151,97,0,validation
0,0,152,836,0,validation
1,1,153,834,0,validation
1,1,154,847,0,validation
0,0,155,490,0,validation
0,0,156,25,0,validation
0,0,157,84,0,validation
1,1,158,10,0,validation
1,1,159,218,0,validation
0,0,160,365,0,validation
1,1,161,405,0,validation
0,0,162,576,0,validation
1,1,163,118,0,validation
0,0,164,730,0,validation
1,1,165,296,0,validation
1,1,166,29,0,validation
1,0,167,673,0,validation
1,0,168,393,0,validation
1,1,169,286,0,validation
0,1,170,211,0,validation
0,0,171,774,0,validation
0,0,172,81,0,validation
0,1,173,767,0,validation
0,0,174,626,0,validation
1,1,175,544,0,validation
0,0,176,398,0,validation
1,1,177,764,0,validation
0,0,178,312,0,validation
1,1,179,326,0,validation
1,1,180,523,0,validation
0,0,181,745,0,validation
0,1,182,368,0,validation
0,0,183,697,0,validation
0,0,184,425,0,validation
1,1,185,473,0,validation
0,0,186,758,0,validation
0,0,187,858,0,validation
1,1,188,750,0,validation
0,0,189,266,0,validation
1,1,190,360,0,validation
1,1,191,816,0,validation
1,1,192,7,0,validation
1,0,193,851,0,validation
0,0,194,155,0,validation
0,0,195,331,0,validation
0,0,196,101,0,validation
1,1,197,380,0,validation
1,1,198,281,0,validation
1,1,199,359,0,validation
1,1,200,213,0,validation
1,1,201,299,0,validation
1,1,202,2,0,validation
1,1,203,247,0,validation
0,0,204,478,0,validation
0,0,205,688,0,validation
1,1,206,280,0,validation
1,1,207,158,0,validation
1,1,208,501,0,validation
1,1,209,812,0,validation
1,1,210,551,0,validation
0,0,211,292,0,validation
0,0,212,754,0,validation
0,1,213,412,0,validation
0,0,214,622,0,validation
0,0,215,521,0,validation
1,1,216,338,0,validation
1,0,217,653,0,validation
0,0,218,212,0,validation
1,1,219,429,0,validation
1,1,220,79,0,validation
0,1,221,148,0,validation
0,0,222,408,0,validation
0,0,223,439,0,validation
1,1,224,352,0,validation
0,0,225,375,0,validation
1,0,226,254,0,validation
1,1,227,361,0,validation
1,0,228,660,0,validation
1,1,229,133,0,validation
0,0,230,477,0,validation
1,1,231,165,0,validation
0,1,232,530,0,validation
1,1,233,55,0,validation
0,0,234,766,0,validation
0,0,235,655,0,validation
1,1,236,532,0,validation
1,1,237,363,0,validation
0,0,238,448,0,validation
0,0,239,204,0,validation
1,1,240,597,0,validation
1,1,241,434,0,validation
1,1,242,468,0,validation
1,1,243,346,0,validation
1,1,244,440,0,validation
1,1,245,60,0,validation
1,1,246,199,0,validation
0,0,247,350,0,validation
1,1,248,620,0,validation
0,0,249,436,0,validation
1,0,250,383,0,validation
1,1,251,677,0,validation
0,0,252,355,0,validation
1,1,253,657,0,validation
0,0,254,618,0,validation
0,0,255,830,0,validation
1,1,256,430,0,validation
1,1,257,613,0,validation
1,1,258,813,0,validation
1,1,259,784,0,validation
0,0,260,90,0,validation
1,1,261,817,0,validation
0,0,262,181,0,validation
1,1,263,778,0,validation
1,1,264,69,0,validation
1,1,265,131,0,validation
0,0,266,442,0,validation
0,0,267,695,0,validation
0,1,268,135,0,validation
0,1,269,164,0,validation
0,0,270,28,0,validation
1,1,271,669,0,validation
0,0,272,193,0,validation
0,0,273,291,0,validation
1,1,274,481,0,validation
0,0,275,467,0,validation
1,1,276,140,0,validation
0,0,277,173,0,validation
0,0,278,6,0,validation
0,0,279,651,0,validation
1,1,280,396,0,validation
0,0,281,73,0,validation
1,1,282,601,0,validation
1,1,283,311,0,validation
1,1,284,433,0,validation
0,0,285,145,0,validation
1,0,286,234,0,validation
1,1,287,220,0,validation
1,0,288,499,0,validation
0,0,289,861,0,validation
1,1,290,132,0,validation
1,1,291,870,0,validation
0,0,292,720,0,validation
0,0,293,848,0,validation
1,0,294,41,0,validation
1,1,295,535,0,validation
0,0,296,108,0,validation
1,1,297,788,0,validation
0,0,298,56,0,validation
0,0,299,305,0,validation
0,0,300,693,0,validation
0,0,301,835,0,validation
1,1,302,24,0,validation
0,0,303,334,0,validation
0,0,304,409,0,validation
0,0,305,863,0,validation
0,1,306,51,0,validation
0,0,307,796,0,validation
1,1,308,799,0,validation
1,1,309,557,0,validation
1,1,310,264,0,validation
1,1,311,416,0,validation
0,0,312,814,0,validation
0,0,313,390,0,validation
0,0,314,773,0,validation
0,1,315,18,0,validation
1,1,316,628,0,validation
0,1,317,846,0,validation
0,0,318,83,0,validation
0,0,319,61,0,validation
0,0,320,272,0,validation
1,1,321,285,0,validation
0,0,322,714,0,validation
0,0,323,665,0,validation
0,0,324,12,0,validation
1,1,325,182,0,validation
0,0,326,367,0,validation
0,0,327,709,0,validation
1,1,328,223,0,validation
0,0,329,522,0,validation
1,1,330,615,0,validation
1,1,331,671,0,validation
1,1,332,424,0,validation
0,0,333,512,0,validation
0,1,334,534,0,validation
1,1,335,176,0,validation
1,1,336,587,0,validation
1,1,337,590,0,validation
1,1,338,163,0,validation
0,0,339,248,0,validation
0,0,340,558,0,validation
1,1,341,770,0,validation
0,0,342,74,0,validation
0,0,343,113,0,validation
0,0,344,486,0,validation
0,1,345,569,0,validation
1,1,346,104,0,validation
0,1,347,114,0,validation
1,1,348,351,0,validation
1,1,349,92,0,validation
0,0,350,831,0,validation
1,1,351,89,0,validation
0,1,352,336,0,validation
0,0,353,537,0,validation
1,1,354,800,0,validation
1,1,355,811,0,validation
0,0,356,531,0,validation
1,1,357,536,0,validation
0,0,358,94,0,validation
1,1,359,11,0,validation
1,1,360,411,0,validation
1,1,361,43,0,validation
0,0,362,42,0,validation
1,1,363,329,0,validation
0,0,364,167,0,validation
1,1,365,762,0,validation
0,0,366,525,0,validation
0,0,367,672,0,validation
0,0,368,554,0,validation
1,1,369,178,0,validation
0,0,370,631,0,validation
1,1,371,580,0,validation
0,0,372,177,0,validation
1,1,373,595,0,validation
0,0,374,694,0,validation
0,0,375,602,0,validation
0,0,376,257,0,validation
0,0,377,417,0,validation
1,1,378,335,0,validation
0,0,379,539,0,validation
1,1,380,15,0,validation
0,0,381,3,0,validation
0,0,382,575,0,validation
1,1,383,256,0,validation
0,0,384,431,0,validation
0,0,385,453,0,validation
1,1,386,394,0,validation
1,1,387,222,0,validation
1,1,388,482,0,validation
1,1,389,432,0,validation
0,0,390,572,0,validation
1,1,391,324,0,validation
1,1,392,518,0,validation
0,0,393,9,0,validation
1,1,394,249,0,validation
0,0,395,22,0,validation
0,0,396,356,0,validation
1,1,397,221,0,validation
0,0,398,588,0,validation
1,1,399,749,0,validation
1,1,400,855,0,validation
1,1,401,516,0,validation
0,0,402,340,0,validation
0,0,403,736,0,validation
1,1,404,506,0,validation
1,0,405,203,0,validation
1,1,406,237,0,validation
0,0,407,93,0,validation
1,1,408,464,0,validation
1,1,409,420,0,validation
0,0,410,547,0,validation
1,1,411,284,0,validation
1,1,412,184,0,validation
1,1,413,703,0,validation
0,1,414,823,0,validation
0,0,415,153,0,validation
1,1,416,75,0,validation
1,1,417,643,0,validation
0,0,418,538,0,validation
1,1,419,277,0,validation
1,1,420,68,0,validation
0,0,421,552,0,validation
0,0,422,188,0,validation
0,0,423,271,0,validation
0,0,424,649,0,validation
0,0,425,543,0,validation
0,0,426,236,0,validation
0,0,427,88,0,validation
1,1,428,740,0,validation
0,1,429,117,0,validation
0,1,430,125,0,validation
1,0,431,715,0,validation
0,0,432,289,0,validation
0,0,433,238,0,validation
0,0,434,0,0,validation
1,1,435,862,0,validation
0,1,436,447,0,validation
1,1,437,759,0,validation
1,1,438,395,0,validation
0,1,439,519,0,validation
0,0,440,126,0,validation
1,1,441,278,0,validation
1,1,442,675,0,validation
0,0,443,116,0,validation
1,1,444,228,0,validation
0,0,445,635,0,validation
0,0,446,787,0,validation
1,1,447,485,0,validation
0,0,448,500,0,validation
0,1,449,274,0,validation
1,1,450,318,0,validation
1,1,451,593,0,validation
1,1,452,144,0,validation
1,1,453,621,0,validation
0,0,454,721,0,validation
1,1,455,792,0,validation
1,1,456,629,0,validation
0,1,457,369,0,validation
1,1,458,268,0,validation
0,0,459,658,0,validation
0,0,460,307,0,validation
1,1,461,423,0,validation
1,1,462,310,0,validation
0,0,463,354,0,validation
1,1,464,46,0,validation
1,1,465,349,0,validation
0,0,466,371,0,validation
0,0,467,808,0,validation
0,0,468,261,0,validation
1,1,469,195,0,validation
1,1,470,871,0,validation
1,1,471,728,0,validation
1,1,472,107,0,validation
1,1,473,59,0,validation
0,0,474,705,0,validation
0,0,475,802,0,validation
0,0,476,100,0,validation
0,1,477,443,0,validation
1,1,478,594,0,validation
1,1,479,829,0,validation
0,0,480,777,0,validation
1,1,481,169,0,validation
0,1,482,179,0,validation
1,1,483,304,0,validation
1,1,484,494,0,validation
1,1,485,57,0,validation
1,1,486,840,0,validation
0,0,487,149,0,validation
0,1,488,124,0,validation
0,0,489,687,0,validation
1,1,490,756,0,validation
0,0,491,185,0,validation
1,1,492,582,0,validation
0,1,493,50,0,validation
0,0,494,341,0,validation
0,0,495,446,0,validation
0,1,496,869,0,validation
0,0,497,707,0,validation
1,1,498,321,0,validation
0,0,499,353,0,validation
1,1,500,806,0,validation
0,0,501,142,0,validation
0,0,502,470,0,validation
0,1,503,370,0,validation
0,0,504,570,0,validation
0,0,505,141,0,validation
0,0,506,399,0,validation
1,1,507,493,0,validation
0,0,508,263,0,validation
1,1,509,320,0,validation
1,1,510,19,0,validation
1,1,511,172,0,validation
0,0,512,708,0,validation
0,0,513,691,0,validation
1,0,514,407,0,validation
0,0,515,545,0,validation
1,1,516,38,0,validation
0,1,517,175,0,validation
1,1,518,245,0,validation
0,0,519,801,0,validation
1,1,520,589,0,validation
0,0,521,852,0,validation
0,0,522,837,0,validation
0,0,523,154,0,validation
1,1,524,287,0,validation
1,1,525,528,0,validation
1,1,526,17,0,validation
0,0,527,127,0,validation
0,0,528,322,0,validation
0,0,529,255,0,validation
0,0,530,579,0,validation
1,1,531,838,0,validation
1,1,532,190,0,validation
0,0,533,115,0,validation
0,1,534,541,0,validation
0,1,535,180,0,validation
0,0,536,301,0,validation
0,0,537,666,0,validation
1,1,538,625,0,validation
1,1,539,636,0,validation
1,1,540,603,0,validation
0,0,541,583,0,validation
1,1,542,517,0,validation
1,1,543,856,0,validation
0,0,544,45,0,validation
0,0,545,790,0,validation
1,1,546,157,0,validation
1,1,547,652,0,validation
0,0,548,171,0,validation
1,1,549,16,0,validation
1,1,550,511,0,validation
0,0,551,48,0,validation
1,1,552,844,0,validation
0,0,553,732,0,validation
0,0,554,515,0,validation
0,0,555,604,0,validation
0,0,556,480,0,validation
1,1,557,283,0,validation
0,0,558,789,0,validation
1,1,559,225,0,validation
1,1,560,26,0,validation
0,0,561,734,0,validation
0,0,562,437,0,validation
0,0,563,826,0,validation
0,0,564,364,0,validation
1,1,565,229,0,validation
1,1,566,37,0,validation
1,1,567,839,0,validation
0,0,568,374,0,validation
1,1,569,469,0,validation
1,1,570,841,0,validation
1,1,571,741,0,validation
1,1,572,638,0,validation
1,1,573,194,0,validation
1,1,574,743,0,validation
1,1,575,752,0,validation
1,1,576,503,0,validation
1,1,577,843,0,validation
0,0,578,733,0,validation
1,1,579,842,0,validation
1,1,580,162,0,validation
0,0,581,617,0,validation
0,0,582,152,0,validation
0,0,583,599,0,validation
0,1,584,616,0,validation
0,0,585,662,0,validation
1,1,586,111,0,validation
1,1,587,226,0,validation
1,0,588,605,0,validation
1,1,589,103,0,validation
0,1,590,421,0,validation
0,0,591,419,0,validation
1,1,592,586,0,validation
0,0,593,119,0,validation
1,1,594,53,0,validation
1,1,595,151,0,validation
0,1,596,403,0,validation
0,1,597,822,0,validation
1,1,598,207,0,validation
1,1,599,735,0,validation
1,1,600,668,0,validation
0,0,601,8,0,validation
1,1,602,706,0,validation
1,1,603,36,0,validation
1,1,604,452,0,validation
0,0,605,253,0,validation
1,1,606,303,0,validation
0,0,607,711,0,validation
0,1,608,571,0,validation
0,1,609,623,0,validation
0,0,610,682,0,validation
1,1,611,262,0,validation
0,0,612,610,0,validation
0,0,613,297,0,validation
0,0,614,414,0,validation
0,1,615,150,0,validation
0,0,616,689,0,validation
1,1,617,772,0,validation
1,0,618,550,0,validation
1,1,619,488,0,validation
1,1,620,147,0,validation
1,1,621,146,0,validation
0,0,622,633,0,validation
1,1,623,809,0,validation
0,0,624,676,0,validation
1,1,625,348,0,validation
1,1,626,463,0,validation
1,1,627,325,0,validation
0,0,628,186,0,validation
0,0,629,123,0,validation
1,1,630,742,0,validation
0,0,631,608,0,validation
1,1,632,143,0,validation
0,0,633,833,0,validation
1,1,634,197,0,validation
0,0,635,609,0,validation
0,0,636,279,0,validation
0,0,637,293,0,validation
0,0,638,400,0,validation
1,1,639,122,0,validation
0,0,640,183,0,validation
1,1,641,202,0,validation
1,1,642,438,0,validation
1,1,643,246,0,validation
1,1,644,415,0,validation
0,0,645,791,0,validation
1,1,646,129,0,validation
1,1,647,637,0,validation
1,1,648,402,0,validation
1,1,649,685,0,validation
0,0,650,751,0,validation
0,0,651,793,0,validation
1,1,652,219,0,validation
1,1,653,641,0,validation
1,1,654,795,0,validation
0,0,655,659,0,validation
1,1,656,798,0,validation
0,0,657,624,0,validation
0,0,658,731,0,validation
1,1,659,667,0,validation
1,1,660,386,0,validation
0,1,661,845,0,validation
1,1,662,509,0,validation
0,0,663,267,0,validation
0,0,664,716,0,validation
1,1,665,441,0,validation
0,0,666,496,0,validation
0,0,667,112,0,validation
1,0,668,232,0,validation
0,1,669,757,0,validation
0,0,670,607,0,validation
0,0,671,373,0,validation
0,0,672,854,0,validation
1,1,673,233,0,validation
0,0,674,827,0,validation
0,0,675,317,0,validation
1,1,676,648,0,validation
0,0,677,410,0,validation
1,1,678,781,0,validation
1,1,679,358,0,validation
0,0,680,258,0,validation
1,1,681,627,0,validation
1,1,682,632,0,validation
0,0,683,282,0,validation
1,1,684,376,0,validation
1,1,685,384,0,validation
1,1,686,224,0,validation
1,1,687,828,0,validation
0,0,688,712,0,validation
1,1,689,472,0,validation
1,1,690,347,0,validation
1,1,691,505,0,validation
1,1,692,639,0,validation
1,1,693,859,0,validation
1,1,694,807,0,validation
0,1,695,786,0,validation
0,0,696,619,0,validation
1,1,697,744,0,validation
0,0,698,645,0,validation
0,0,699,737,0,validation
0,0,700,556,0,validation
0,0,701,832,0,validation
0,0,702,577,0,validation
0,0,703,85,0,validation
0,0,704,242,0,validation
0,0,705,698,0,validation
0,1,706,159,0,validation
1,1,707,524,0,validation
1,1,708,35,0,validation
0,0,709,540,0,validation
1,1,710,170,0,validation
0,0,711,654,0,validation
1,1,712,746,0,validation
1,1,713,738,0,validation
0,0,714,821,0,validation
0,0,715,95,0,validation
0,1,716,563,0,validation
0,0,717,240,0,validation
0,0,718,574,0,validation
1,1,719,690,0,validation
0,0,720,460,0,validation
0,0,721,553,0,validation
1,0,722,850,0,validation
1,1,723,206,0,validation
0,0,724,392,0,validation
1,1,725,397,0,validation
0,0,726,739,0,validation
0,0,727,217,0,validation
1,1,728,4,0,validation
1,1,729,642,0,validation
0,0,730,780,0,validation
0,0,731,612,0,validation
1,1,732,546,0,validation
1,1,733,725,0,validation
1,1,734,683,0,validation
0,1,735,98,0,validation
1,1,736,727,0,validation
1,1,737,573,0,validation
1,1,738,406,0,validation
0,0,739,502,0,validation
0,0,740,47,0,validation
1,1,741,32,0,validation
1,1,742,200,0,validation
1,0,743,134,0,validation
1,1,744,27,0,validation
1,1,745,765,0,validation
0,0,746,230,0,validation
0,0,747,489,0,validation
1,1,748,378,0,validation
0,0,749,288,0,validation
0,0,750,418,0,validation
1,1,751,674,0,validation
1,1,752,391,0,validation
0,1,753,592,0,validation
0,1,754,498,0,validation
0,0,755,138,0,validation
0,0,756,62,0,validation
0,1,757,471,0,validation
0,0,758,647,0,validation
0,0,759,128,0,validation
1,1,760,849,0,validation
0,0,761,520,0,validation
0,0,762,64,0,validation
1,1,763,14,0,validation
1,1,764,156,0,validation
0,0,765,40,0,validation
0,0,766,492,0,validation
0,0,767,379,0,validation
0,0,768,187,0,validation
1,1,769,763,0,validation
1,1,770,216,0,validation
1,1,771,52,0,validation
0,0,772,337,0,validation
1,1,773,748,0,validation
0,0,774,719,0,validation
1,1,775,724,0,validation
0,0,776,295,0,validation
0,0,777,701,0,validation
0,1,778,251,0,validation
0,0,779,726,0,validation
1,1,780,461,0,validation
0,0,781,455,0,validation
1,1,782,868,0,validation
1,1,783,269,0,validation
1,1,784,201,0,validation
1,1,785,161,0,validation
0,0,786,555,0,validation
0,1,787,729,0,validation
0,1,788,401,0,validation
0,0,789,702,0,validation
1,1,790,476,0,validation
1,1,791,771,0,validation
0,1,792,105,0,validation
1,1,793,565,0,validation
1,1,794,389,0,validation
1,1,795,1,0,validation
1,1,796,815,0,validation
1,1,797,561,0,validation
0,0,798,80,0,validation
0,0,799,205,0,validation
0,0,800,34,0,validation
0,0,801,775,0,validation
1,1,802,508,0,validation
1,1,803,427,0,validation
0,0,804,454,0,validation
0,0,805,366,0,validation
1,1,806,91,0,validation
1,1,807,339,0,validation
1,1,808,564,0,validation
0,0,809,345,0,validation
1,1,810,776,0,validation
1,1,811,241,0,validation
1,1,812,13,0,validation
1,1,813,315,0,validation
0,0,814,600,0,validation
1,1,815,387,0,validation
1,1,816,273,0,validation
1,1,817,166,0,validation
1,1,818,864,0,validation
1,1,819,646,0,validation
0,0,820,818,0,validation
0,0,821,484,0,validation
1,1,822,853,0,validation
0,0,823,504,0,validation
1,1,824,243,0,validation
0,1,825,566,0,validation
1,1,826,562,0,validation
1,0,827,686,0,validation
1,1,828,189,0,validation
0,0,829,782,0,validation
0,1,830,699,0,validation
1,0,831,475,0,validation
0,0,832,681,0,validation
1,1,833,510,0,validation
1,1,834,58,0,validation
0,0,835,474,0,validation
1,1,836,560,0,validation
0,0,837,747,0,validation
1,1,838,252,0,validation
0,0,839,21,0,validation
1,1,840,313,0,validation
1,1,841,459,0,validation
1,1,842,160,0,validation
1,1,843,276,0,validation
0,0,844,191,0,validation
0,0,845,385,0,validation
1,1,846,805,0,validation
0,0,847,413,0,validation
1,1,848,491,0,validation
1,1,849,343,0,validation
0,1,850,769,0,validation
0,0,851,308,0,validation
0,0,852,661,0,validation
1,1,853,130,0,validation
1,1,854,663,0,validation
1,1,855,99,0,validation
1,1,856,372,0,validation
1,1,857,87,0,validation
1,1,858,458,0,validation
0,0,859,330,0,validation
0,0,860,214,0,validation
1,1,861,466,0,validation
0,0,862,121,0,validation
1,1,863,614,0,validation
1,1,864,20,0,validation
0,1,865,700,0,validation
1,1,866,71,0,validation
0,0,867,106,0,validation
1,1,868,270,0,validation
1,1,869,860,0,validation
0,0,870,435,0,validation
1,1,871,102,0,validation
